account_address,selected_option,time_weighted_average,rola_proof
account_rdx16yzvsjylg6yrgcnh7q792hj6ls3zl88f0hd7wepy59zhuxaq0ql5sm,yes,33809.19871,"{""curve"":""secp256k1"",""publicKey"":""0356fbe2b1b2ea43a28ac25666d91af6d6b184f58de89a45137f56b9454097fd0f"",""signature"":""0076d969d7cc9e22ff62d9288a4572588d575b7f4f86c53954fd416803cd870f6d3c720ba93f6aef8a4634041f9fe4a28b8563f11c2248cad001df4f387144aa4b""}"
account_rdx16yzs83w362r0y28fd725ksje2krchy8dl50rmr6388zunkq34vq837,yes,814765.1682,"{""curve"":""secp256k1"",""publicKey"":""038545ea0e9812e09e106a8437326b143b7249a61cbe33bac8d00e8b4527d5568a"",""signature"":""0062091204ea0b004f3dbdb26370539615d8ea1466cba5da89f9c8a41171619be0538699f94e93904896757f51203cbe8841f9497cdba2a0f4dd0bca25dbf590ba""}"
account_rdx16yzmta62t63xueeejag48kxapeq9zqs97hvvnuhhy6mg49la4d50dr,yes,239389.0573,"{""curve"":""secp256k1"",""publicKey"":""02e3a713a5afec47432310a791494c1ff978ac74ce36b475e2f5541535b4e6487d"",""signature"":""012ebdcabc0d86b364a1f293e6522f0294e317ed2c0291c8b7f1ce3a64db054ce21ad7b3c53d32aac0db5366b1da25f02d6e8a105d5b3a4d30e97faa8ef621b1a0""}"
account_rdx16yz6380q7dakasuf9gf7k8y493np9k9spep92ndhz9lv77qt6vu0ht,yes,2317811.797,"{""curve"":""secp256k1"",""publicKey"":""025e8427c746e7a0c64abc6a245c16ef4d16cf46872b9524bdeff1162d92c7f6ca"",""signature"":""008094c83c3bd2943638b318c38700627ef33c4386d952e787a1112d7e323f67b5116603ec90c7fd00fbaf889bff023317cd3d9d6b546721bc36e2d1a5c2248618""}"
account_rdx16yz5f663lgzmef9p4ht6nu7aw4jza53lpgltrsa2hehyg7svllvc0a,yes,1567.765372,"{""curve"":""secp256k1"",""publicKey"":""03923e9cc19bba0505283b86ec34fb771fee8a35e00d774250dcb116ce70d14dc9"",""signature"":""00efa4482a061fc764362f29fa11ce8fa77ba7a3e7677b9bb08b7fe519165607457801f24e11a23f72fb6fe2b7f94368d90eeabedbe17cf697d8117416eb0854ba""}"
account_rdx16yyuss9wmqftadyt0zw62ty5v30f7as2knw3782edn452vt3qa3q0f,yes,35022.09064,"{""curve"":""secp256k1"",""publicKey"":""03aebb175eb5295b294c0526715f196cdd42276ffcd4220a8a65ea536cb4ae0143"",""signature"":""012409e6667c98ad771c69b7a9afbbb5928e230decf9b50ea5c37138bc47be1f052435b1ad9cdfe20830519aa90c4cbd56c1e74622375d2ca1aa273762a0158631""}"
account_rdx16yyspuxweld97q3605d5ju50w9uq055pm5zvahvjmf9k7uq8ukj2ve,yes,46909439.11,"{""curve"":""secp256k1"",""publicKey"":""03176323f648d7d9c6f2a35526e976044e53f98b07848b3a2e69a0b70f0ab34621"",""signature"":""018057d40579b7bb4539a82db4648aa180a3efff2fe32ab1c17caedef0b9c31feb6e0b08ecd9540f1167fe0f3db1ba5bc5f25b44b3cf52c3311fbc696f0cc0c949""}"
account_rdx16yymzs83qsp46ms8a4c8lvw94zsjdj976hy0rg9qps9djtc2xr3jgs,yes,214056.5925,"{""curve"":""secp256k1"",""publicKey"":""036b2f9d5edee447b3dea3d0730378efa0baf8f2b6839c63c30c346574a58e2e4d"",""signature"":""006a5e9d6edaa9b7b3aba0ee68a5ec49dfe8d58dcacfb674080e871c5b33c9c63209ed02f4bf657b653cd71b7622e8c8cf3c9561b6fe9cbe3d8aa70fc4d1275f6c""}"
account_rdx16yym9xxyk8uu2gwvdrlrv56ff76az0u6kh5uv7es7m7y55an25yxfk,yes,49047.16902,"{""curve"":""secp256k1"",""publicKey"":""034b97552c4c83507fc7141887b2c0fd755277f7a05780439218b4da3e19181d27"",""signature"":""01155e1a3e700a0cc85fc11a8bf598079a7b7c40f8d8edee2cba7da7f6d9dcf8a8171149d0704acaab1759dbd69eb3521ffca63e9b0adce85b4baae22d2f36c76b""}"
account_rdx16yylmjdvu692j58mgh6gjh49xzve2yytxjvhpkc5vwj76cw86x4mcu,yes,352503.0585,"{""curve"":""secp256k1"",""publicKey"":""031e391a69730bd1770e3f4ae29c244f83c4b2b213d06acc8487396792a5ac8df2"",""signature"":""00bdce855a8d1f5ec53fb0f3e4fada7d00a5c983f73a545ac348e24a398fd22ed67b0e1a72db60bea7a694b059a99e47753c90ed10586161b6e8af7889f90c1b46""}"
account_rdx16yy3x8tlza7fsyew9j0m3ev33uqxkw4j3zst0uj7nzu5dvszn4ag3q,yes,159.9200412,"{""curve"":""secp256k1"",""publicKey"":""02567441397afbbe868a3fcaf0660fd03ce2ee98e0a19da19e844615a94e346638"",""signature"":""002c4f1df5cb628a69e133ef29a0627da001501746da45646ec863d8dea862e11a7cb76123ef00c1f3f002c853711ebd6b4836bede0f4f3a993c7f45f5d1572241""}"
account_rdx16yxknwtq8rk5yyspm7wye06g4ppq6qd9t0g589gcwuffx7qd03k0e9,no,120682.4425,"{""curve"":""secp256k1"",""publicKey"":""02763468701f67fd23b65f82919be3950f48266445eccaad7e7751177ec51f621b"",""signature"":""006f436dc29e22ce23255cd1c2b6ac460a3b7bd381d904752e4ffeb5ef5cba231e2e93bf318c5886fc7290ecfd47324dfd3f4ad1d5623482acb7ed317e97138832""}"
account_rdx16yxfl7u88mtw7ua2urpepfks94lpl2ylxnwcdfrgsf3nq88hgawy83,yes,55822.60894,"{""curve"":""secp256k1"",""publicKey"":""0282702e33102e620c032285eba263f8477c4729d327e2b876aa0eb762e2c68034"",""signature"":""01bfb9b1aacbb989412ad4837595dda2799d4a7bd5098ba91fd50b667b1d2d2f901925ce94f4f18c471140d3962a9cb1a126d9a950cf0ea0c75845a1369934a562""}"
account_rdx16ywsxtw9krel2hhvx7p2vetvv9yx0yma5wqvg9wl3eahfz9wes359k,no,44003.15723,"{""curve"":""secp256k1"",""publicKey"":""0294dfb704d451e548bbd32adca3880ea27c6d5c4cedf4b284e5cdf438ca268693"",""signature"":""0043bf220e703b7cff4824c87a54caf4b35663606895a2adac0548f9f3f483c4e279c5b9571049e089bfadce907e9a81dc0bb12370d246bd5ad78c5492d1921759""}"
account_rdx16ywgy2xpxy7wea0qtq0kjum7qq58aqqzqazes4zcme2m830nyy6lc8,yes,1410.922448,"{""curve"":""secp256k1"",""publicKey"":""032d9c4051f19ffe02fb9ca08a180a4a6198b1910fe5c273e84f22d7bf96e9eefa"",""signature"":""00c4b02c7aaef85571204e4d0437093da4c2a736907736c86dd09d20c1d360acd23f06d03e0c0591a733b05e38ae45ec24613c64396f5686ff8ee41e76e3e93064""}"
account_rdx16ywc8sy68ty70phfas66yta592atj3tn57vgca8cyvxvkc33ux37yt,yes,1023283.291,"{""curve"":""secp256k1"",""publicKey"":""03cd317eb8ac9d59fae3b579dc97b2e6335f627a3df9b96eca6f8976737ac6807f"",""signature"":""0109979bc4ed217c3f58648aed90d94c802bdbbd838656922a796e4b0be916ee5c03b417ec611241f64466f64e08d1be73c7153043c8edf7732099ab6e0675f1c6""}"
account_rdx16yw7qhjkwqy77k7ftzey3x3w9saek26ja0urlymgcmwp02wsm6yzvq,no,40104.17911,"{""curve"":""secp256k1"",""publicKey"":""0271f30f78a996d193d9e61442785741efff2d45197c20857844c393816174d861"",""signature"":""01593919a5bfa660bbca754300c76fa33f23187954b7e9506b35f1eed586940c7f33bcfe7bbf5042199847612a42ed455676cf2d63186d727a3ba154997c59578a""}"
account_rdx16yw09ssctvpvtlzv79s8qxqy0gtwws64fxctpfqvc235k8esk0kcg3,no,25003.12709,"{""curve"":""secp256k1"",""publicKey"":""021805a4731b11fff53e91e71148b6e5ea4eab9ba677762dd01bb55124b36e899a"",""signature"":""0063b59374d2c9393abb14f559d5053f7d1e145e8247c15a1b523b008f09bd5a3c191990c7d24bf69fb6b87214189824fe9dfb7ddf35d2951f266c1af1ee6fbe38""}"
account_rdx16yvngl5kyy9jlmrsv63qjyk2m6zed4ean7n66efc8x969dnlz0x77d,yes,155.0778227,"{""curve"":""secp256k1"",""publicKey"":""02216061eee151d3eadd354d1418503bc1065aaf5f7ad7e660c8beee23c4c0c6f0"",""signature"":""01a53982adbdbc89752b8c1b2571f9708e7f13295f8838ae54bd03da7661f662904a3ce5d64008b4ac4870db7df777289ff0f6117d047d185b54566000c93659d9""}"
account_rdx16yvn9d0n2sp9z66ylelwygvluap2s3pm7cnqlpkvcw5g8v6vazgs4r,yes,1242308.05,"{""curve"":""secp256k1"",""publicKey"":""030d57107a4774b04d18d940364e52bb7011b9c10fe8410cafe9eeaa0aafc53c7a"",""signature"":""019e938cff2ffb4091bbce5b20ea7a1d2415d1e3d10548725a9786d532df74abe46dbe99fc1e8732d887169980376ef814c677925ec1873a69f4a1d0181e71c40c""}"
account_rdx16yvc2gpyk4h2jnaprwaevej3t4nqajtvulcnrp2kvdquy5yyr40yk8,yes,2769.787247,"{""curve"":""secp256k1"",""publicKey"":""02a86f89c8c09475eda0ba45309b08e24f72dd674e97691ff6215ba76fe63b2529"",""signature"":""018854131c19bbb865fe8ee5e28c34404a6784b4e8f2871d11bb101fd1680dd5745f356791fbf624125b8cbc1712c515016beab2880e259679a26327eed70b3d9f""}"
account_rdx16yv9wxz4e5a9fd5njfa507len7nzja5kjtvuyc0lmgp40j8ady7cg7,yes,2793925.137,"{""curve"":""secp256k1"",""publicKey"":""03ea0b7cbdb0d173cec159bd1d5b5b5b4da9f5814f6f711ded65ccf0c15b74e7ab"",""signature"":""00cfd6cdefe3ba8ec09e3def5a20ae765b65d494a5c67d88e80194a558224e30262dd15ac9597b9a1ef2a6e51d87420383a29214a4d173801b2a6c834d114661b1""}"
account_rdx16yud6v4kdm24rdmucs7sn9ewnzp9dn4r9jz58c2n2p3sznr27p09lz,yes,44.1295804,"{""curve"":""secp256k1"",""publicKey"":""03a86ce73b03c5fdea27d7c6ea1d981998fb78e646e83861a5b38fac35c83d6267"",""signature"":""01deb3c907f08850d33d9be0c3b6f3644deddeeb66c87017ec079910c8214b555c35e3f4c06da8c20d4036974e35969c5afc394d23a5ee87bd2938a88d0ce78156""}"
account_rdx16yttv7s0deyt5vpp7nwuuce9ugpghtkkru4v8ljfe5008g4ydy0lv8,yes,258.5847224,"{""curve"":""secp256k1"",""publicKey"":""02ac160a22a6a65022e0d6820efbf4584b9173d681711d05ae3ce044bc92083288"",""signature"":""007884f2dc5d632b2ff1d186aec45a4d022889d46c7090aae16dfdd63eba8a1a37380038a563ab740e4ce94c908a86fc63c6a5fac1683166a00f5eb9bef24e4a6d""}"
account_rdx16ytpkj9av6jtaetcrspk02jf7kge8mhap7vu4gzqs5hl369u4sggag,no,299724.8996,"{""curve"":""secp256k1"",""publicKey"":""031de62f9239b833d0ce4a71a4c7ef3b1601f281f6d9c3048c4ae3942dd2c88b16"",""signature"":""018e62fad48a6276101fb9b0795073001e48f0fcad2c30065556ead95a244cf74e5406b7ca2108e88acc5368f97afbb513c044e31912dc5c4fc828f88445206783""}"
account_rdx16yt5m246gj02c0yfe6n8kv4nhm5vzg0wulewghfe6v3lpt7wmzenlu,yes,2.56521109,"{""curve"":""secp256k1"",""publicKey"":""035797ccd4b1f844d2283253984c21c3b0fac37740c12aaf96e33b0bdcbcc57da9"",""signature"":""0004ab10d56bbcd8e47ee2c91d51c28301b4447c050d87a777c416efd4ba3d6ee850d45dfdcd2bd65f7f8d3b401db5305ec7e627c27aa2b1611a3ab95975eb86bf""}"
account_rdx16yt36chmpx807feznqaq64ac7ltxpaslfh5rq88dpfez3xn2290w9w,no,1534401.689,"{""curve"":""secp256k1"",""publicKey"":""0380aea5d3cbf21616d217b6431513302740594cbd530ffce8c077da2aa87b4f11"",""signature"":""00768df7bd99abc901e9eb1d43a097c8239feb9042f56bc6c1806fa6d5be1e05501e0fc8de2b5bab72227acd98f9f46f199747e875610f71ee7b1240eb52fc7896""}"
account_rdx16ysy3ya289vtajrd6quuyf3450eejdpk5kcpewllutk67xaqc5r9kc,yes,360896.7871,"{""curve"":""secp256k1"",""publicKey"":""0277b989f9f5398280ac9dd2a836ebb8cbf1f44b3e528827f31c2ceabe4365a558"",""signature"":""016b80f85e7e1c4118067947cadb7b5609e3956895815e43abf9f8536658ca982635d74e68d0b8f887e725c8ad24353ce7c04e3579a9a6bf4f7f26dc855016477c""}"
account_rdx16yspgq36khg49f3qhs0af9v49hqwv5ysju6s7qhsng4z38nqex226a,yes,599228.8185,"{""curve"":""secp256k1"",""publicKey"":""0393039dd971452ab6dff8f7d30a6706e3a63d4de131d467529aa7550f0f3b2f05"",""signature"":""0177662592f1e00f9f9f55d22f3800df274df88fd2fd57e6be8c1ae467340cc96569ab878cef154969893d9095c7a13042417186c697c3b2aef66ac8789ac87b2c""}"
account_rdx16ysamcvdvqfyzzjy8pnljuv7vauhu43e9scgp6s0uzqvc9zfgw856c,yes,222220.6948,"{""curve"":""secp256k1"",""publicKey"":""031e2540efaf5c633db2878a40a9c384b770d20adc99b065e7c74e6c37b4bc0f35"",""signature"":""01420adeb5f72ebd99f8a4f17a7765c113abdb77baec3b32c6315456c24edf02c907ad126e9cd9b5eb63b6f3b97996861a36c6f84d66de3a7a07130398c53252df""}"
account_rdx16ys53ewsdrlmjyen3urk3v9hhd3ls70skd2xdc4tw8p67w6azvm5k3,yes,796.453802,"{""curve"":""secp256k1"",""publicKey"":""0234a7d169f79dfa1c265bcfc10a2b1fbc301deddba9b22a9ff9d1595861321a02"",""signature"":""00503f759d65969e929f69e0503332d57560d31399c920f0eed7092d3d9325a5477904a00c1a90ac263e99e374509db5176a6cf867a656007299a44964bb9b661d""}"
account_rdx16yrvaj98jseuqttjnf9sjfaq9q2fcjrnejvau3k4auev283gzkzawz,yes,356071.1545,"{""curve"":""secp256k1"",""publicKey"":""0238d164de4ff3500c0ef86de3f249cbbe81e39bb6dd9a3d347ef7ea7d8a2bb0a4"",""signature"":""01077851e37a69ce0dc6caf34f2b0ff99b605b95a76f9508181716043fabd8d58d58316f64c39bccd81a7083f3809b8f401ae8a0f48c54e9f353f9db6e8f7276dc""}"
account_rdx16yrue2ar9645q3wpcd9sahc9dxsmtf2rq8tuc49q9h7j9g84xwh07e,yes,997.0841576,"{""curve"":""secp256k1"",""publicKey"":""02a9d381c1588920d4d0cd9735669b0212d2d01e508c3bcf483908e476401c6d42"",""signature"":""01b0d829534b7d4f62c00141249c7f96a2968c1cbfe1e25272d402d0659303cddf50fb23e57b61ac3e5ea40082cbe23a25986a6954bb772eefbcb4bc2661ea5b4c""}"
account_rdx16yrtesw4eknz8xdeafm8ej9qguvjxv0lk6nj9plmfu7vwsxmet8zm8,yes,1335356.838,"{""curve"":""secp256k1"",""publicKey"":""0322c161e74617d5c6a14bdf374fa9d3a99849d47b655df65105662eef9bc711f5"",""signature"":""01c8d650260ee5491096022eb613bbfd891687544f178e98d996bb6fe8329656015ebc45073ba584e7412aa15e898a86d6f0e0da6ecacdf169d53e2495b0af1773""}"
account_rdx16yqvtqgra27mta8tr5ga555m742w928nl9m3qqnxpq7krrax3m9ynm,yes,1141991.831,"{""curve"":""secp256k1"",""publicKey"":""02c00c357886c80d1320ae9976afc21311e1fc6d5906a00ad0e905f591d9b825be"",""signature"":""009b6699341c5987c047bb8dd89925def4c9db0117279efbee3da01d952d21051e719089191b26024c4ca1cf3ab3b211fa359994ac3ff2cdcbdc5aae1fc1ec13fa""}"
account_rdx16yqvc0yvmz5rfld6ffwkzuww55pc4njxr6ptqegvudq3r3xlraq27c,yes,7637372.477,"{""curve"":""secp256k1"",""publicKey"":""020b070845e8670dda94b70361a48650f97c8d1a24b4090bd260fd78e7a711234a"",""signature"":""008e6a75f0101951b82b5b7cb16397f55f49081093297faff2b6b1cf029d29447451001ece60fc9bffe5ab5fcace944f869570100434ef07f9021a6573015d51ff""}"
account_rdx16yqv33sjws77y89dtrd8h5u6cnawh26w3q53tfnjcevemh0jgyc58p,yes,141180.4989,"{""curve"":""secp256k1"",""publicKey"":""0280e6c95eb988e081bff4930375888294087384966eed31703a27ecbb951a8b06"",""signature"":""01173539bd9c7e4cb816264cd7667b8c01aaaca99b6fa67201ebc942ad3e027e960dd73d36a8b6dfeeed64a730b5c2386c83d7a352b23a1c87ffc2ce5c338f6278""}"
account_rdx16yqu7ypdqqkzpgqvl7qhufye3ctuduwt5v752ky74g3f8fr62fahse,yes,0,"{""curve"":""secp256k1"",""publicKey"":""02e9656110cf32581932ff3deed953d77d7052a8f23a23e5378c131d21f6f42628"",""signature"":""017718c001c4b2893a0787ddffb8c6a37bcde7941c37edc32c8c876c24e529420b3797f3f4a7837321021ec3ac108e678356b3a9828c48623df717a9d0bad60433""}"
account_rdx16yqnfagg8kpmahswefrjqlmt3zymht6gtm3je4adq3ch388r7gf5vn,no,0,"{""curve"":""secp256k1"",""publicKey"":""03ac6a6bb21cf279ffd99f3f8990969bb68db102093c0562b0a495e43776bc10cc"",""signature"":""01aa9a29e22db1e9c60169c4af08f44f6513dd8309e6dbcc1a7ac106f542175eb11e2580c7aeb6900ec8c82fb8850319b9b1ae93783aa9a55437f3ce1c3390f09b""}"
account_rdx16yq4ddfj3cfafrkaa8qucnn64yp8t62eu39hwmd4dx3m74z2m24z6h,yes,310630.3588,"{""curve"":""secp256k1"",""publicKey"":""030d4d4bbab0ca388cc261477df37ad2fc4e7186f35f1b739e99419a4645d3a629"",""signature"":""00f018612b214dbb3d1052eab87aec77575d4d30e2e3a72250acab13a3861babbe3a0186b72a3bfc81e8c7d26aac140ee2a66cedaa118ddf2a766bae7ee4f16c17""}"
account_rdx16ypu9y4rh3scpsgjy7pynaeqqfcjf8fvzuljf6sdupgwyr28n3tdwe,no,1000329.519,"{""curve"":""secp256k1"",""publicKey"":""0321cee1cfe893cba4778b2821848cb4a3d4735a0daff35806e08b1d7d8563e62b"",""signature"":""009ecc929641b3521ddab1708fbfbda9e131af6040915c929d7524ba568c6944c114ff5cdaef88ac4465450018a86fa4d3ad1f1d70d186d3125104ac3738ab0774""}"
account_rdx16ypfekd7pf5x6ktvpug46cr5whng7h3aukulyageev50fxa3jxgqgl,yes,0.6492850371,"{""curve"":""secp256k1"",""publicKey"":""038662602bfd966f8e4af8e21be87aae9e0a1df8231b878345f36ad2455e8e8b8b"",""signature"":""00ad355ec341b567151dcdf251640cca005a61edaac74d6b5ab94834ee15f3333e12198e3ac6797b434385ace9d78679afbbc22c44a5aa6308454ca3cac772880f""}"
account_rdx16yp48ph2sh4xgr3qff85kut0fkd84cvtetyh6k37z2a78cp2qdwxts,no,2777444.305,"{""curve"":""secp256k1"",""publicKey"":""0273e72acc6fd5daff72987485f04935468815d07efdfa95e859ab533acd9e57aa"",""signature"":""01d7f4683b60a3cb2c29759898d28eb2701e57dcc1334deb288cb1a5b58374232a1de31e4f9ec955f3b23b4d11087d95fb3acc711ff2cd817379b90828210819e5""}"
account_rdx16ynuh8fa64s5jx43cv6f26zuaz6f6u5l86ujaw2vfwnjpwlcg4lqa8,yes,524235.0075,"{""curve"":""secp256k1"",""publicKey"":""03af836ba6d7016f236b41227249c4efa79bdc97570510c9974197c744d06b027c"",""signature"":""00617f25d028a356de4188fd0ecfd1f39fded684bd16f25ebdbba361dc87d6df482a71135b82a61cb08e4846c6b8564f80a6acf007fa859b8f47ae4ebec26a73cc""}"
account_rdx16ynkpxyykfnc86cse4v538l9ftc2xcydz0mpwpg43vrpvesjxumc23,yes,970.8809984,"{""curve"":""secp256k1"",""publicKey"":""021c05c23faf2fd917e4433e10f8ebb294e8dd715f78444fb9bc9872c28d3f4fda"",""signature"":""00f760e164403aab12ce15b6756344cba264874ae8da16f248ae7d821237fdc0e4196c325b2e6e24db255dcf5a1ee36af95e3c76963f16b232928803a4f9df13db""}"
account_rdx16ymvg0v6rmsg5zsrz4qtmcgte729d8zqxuyuv3cnc0hsc0v998c0nn,yes,12351.53487,"{""curve"":""secp256k1"",""publicKey"":""02504d015247923df90ff44b560e73ce6b5d150b2c31678a42b0ad320aa2ea4536"",""signature"":""006766870b048858ff7dc384ea72920819c9e7fda996969b600cfb1516befcff625fa47fbc88d59017627c08028fbbc243e663dd124cca906e53b1afcf27498402""}"
account_rdx16ymtkrvgkejdqvujzen00zp0dvcj3c620jadqyxfpmqvupl9hx7x3a,yes,2902373.266,"{""curve"":""secp256k1"",""publicKey"":""036b88b396bd74a914c9b19fc9587181f8aec81c4b9c5ab65b8c45c36eb3c95fd1"",""signature"":""0095d91c90a00f912b3b12f472c5c7f2bda9a4b790445c2962428ff1db56da930c50ae2db5a4a4a7957a47a709bb2c54235416a85086f6ab02ddca991517ddde27""}"
account_rdx16ymsynhk8xerl8jp8pz9ddla02tly4a4csxy0j2aawq6yzcq9qxl2f,yes,16263.63189,"{""curve"":""secp256k1"",""publicKey"":""0201880c0aa1206f17ccacb280909e47e2c46fd0632adada46c1b48e80c6d8c01c"",""signature"":""01b285c37f4ffaa939c56eb22d640345cb3b9949d6d39f24a35f3222221cd53a511c5ad09bfed70f2323449cb6a01e75944bc4dba8650853f3e214e6b1abb62d9e""}"
account_rdx16ymsdfsvm7yleec30jum4k53r8s227l9p2w69jwvhclse9e7sfhvdr,yes,16811.38219,"{""curve"":""secp256k1"",""publicKey"":""03d48d3c8d03bb0ff38b393cee51a6c44f593a79d7b265fe1b1fffb6beb8993465"",""signature"":""0056fb2d9493a967e4656b064f5d36122b31948f3fa0d680cee71fccf8ac7ff04939521c956f5d6d1dac9171edeb4ac6fdcac3725ba29619c72a4d024babca720c""}"
account_rdx16ymm4kzxca7jkwnztuzlsgzw4rk5twajyyj56sm8rjm4m2pe9kw56l,yes,12092625.42,"{""curve"":""secp256k1"",""publicKey"":""027fe4e6cbe156d982c23ec60768469df640319acba00a0b13a8e0ac64691fab8c"",""signature"":""01f201fcc16b53119213799b4061df885a1459f3204162a794b9f15745dfc701544742a2eb9db026682a598de071c0b296f633dc0f7c66e92d88596adcf15ef521""}"
account_rdx16ymlku8w43u933p9nkk5wks9jxkrp8eluzta2n46zuagg7v3f3tzlh,yes,77875.69399,"{""curve"":""secp256k1"",""publicKey"":""03143bf74d65fe2d94592b6685b614a452dc1d9044f368813c9eda4bd19580a7c8"",""signature"":""0117b0473accaae0a233f4c783571540eff8908a36183bdef8cd890ed1a395d76777968a3ecb36e42d1b5a5fcf832cc2560fb48b8542dc08af996e430ff7dc6eb4""}"
account_rdx16ymky4r4ndn7gs8etdg7arq7wmfzeg0l5cwk0z3kdjwsj2n6juqp9h,yes,2357.972162,"{""curve"":""secp256k1"",""publicKey"":""03547be711d658c021e0d8cbc60b870732a3afac3f4877f20ad9630a6178d06e80"",""signature"":""00e670545bdb1a1fb2e41eac27645ebeb7ad3a8e79065e11d6604c7d7544df8249514a18a11c5799cde4112788ddea5f107e2d8ec4e18cf2ddb7fd84b4b745eac5""}"
account_rdx16ymk9cgqelh0cwj0sgfn8k7c26s2kgtmcaa8decgr8anl30m7tq3vf,yes,165717.9415,"{""curve"":""secp256k1"",""publicKey"":""03bf41b3370c922a2cc7db685d413fff84eb5c219ebf9c78d9b548abab25e2a049"",""signature"":""004ed32b3b4e98848495630993222e4bd7a42a121ac792ea5c7568c267bb4813173f563a40f4ffd8c25dc4207d378d4bd8392cc5533288491653dbd0b69cd04119""}"
account_rdx16ym9na4jwlnnrwtaezmzxcufuq4knyrunpg970r45qymqhsmfr7n7h,yes,161915.0508,"{""curve"":""secp256k1"",""publicKey"":""021279f268b8aa5120b85a03f1726da3f4f82f4dd507dfc42a23bd1d4a1b1608ad"",""signature"":""01ae04f4c8ceee6aac8602a899a9e026f833656fb618e95318863153bc13838a102ec77490ea9ded3b695df7e25121cd10731ab162f4c3fcdfbf9e65e4e7fff2bb""}"
account_rdx16ym8xhk8qq32j3pwex7qtulr8aw63wex3v9gj7268mqqqqw3kkv7ch,yes,413.7988807,"{""curve"":""secp256k1"",""publicKey"":""0261c985a6f052ee8142f8d9df270e14c01574b86f4ab6b313f183c2360fd978f0"",""signature"":""00111124a165d5ecfc4f5b8e525d498cc77960d171ca8338685d87275f7953c0b302cd2a76a7df3b37b3eb07135f44f3a00d98c3b1fa69daa192e5ffaba50d3eb9""}"
account_rdx16ylvjns5xff2z9n89stl7msq7dgmgjcr07ky2jj2ju85kwfs0ajtle,yes,1119704.464,"{""curve"":""secp256k1"",""publicKey"":""0244dcb9f658972d8a84dd5e2d0610603a949d347f82d9f73ab5af486c8da1af00"",""signature"":""00b745ac0f7d358ee5701d338cf94086703331b6a6dd031eddd995a4b62dbe8101165463d147a265ec7b2638dac981529cc3de8851a790f0f5272e22949784c082""}"
account_rdx16yl4njakmnm3z8a5pt6cc0j44auske53njtnjh7jvtay895es3qxge,yes,6146.339967,"{""curve"":""secp256k1"",""publicKey"":""03b3be767b2d3311580b420c06e5ee983c11b1bc9dcbf382abb636766c2e4466e6"",""signature"":""011c6d7c1ce9c8a4495edcb86e882f0d9edfec04d12b1b45283d14fdfd8bc61f9925bf5b42b51b08347c5419485fcb5d5ba5a03d291cf2d9cd60078fb416b7d637""}"
account_rdx16yl3ydn0rv7rjw8wgx0wl8m7tsr4w92nlpd99d99e835e7pv7vz8an,yes,38771.0573,"{""curve"":""secp256k1"",""publicKey"":""0367baccc6d7ffa26153f7aaf84d3799ad496d799ba7c10865b7acd3ee9e586530"",""signature"":""01ba7e290a17d75d724b7dfaf2bbad19eadc75b612d13fef2084064500328a1ae22bb633b186af49d04ba429b4f713f4970af9e968016bdcbd43d5da17a32c50ef""}"
account_rdx16yksg8yug99s36fctfhulkq9h2xamyxf65rgfm4x3p0uvpmg7yv303,yes,782833.3006,"{""curve"":""secp256k1"",""publicKey"":""024af7742b7fb68d78879b81ff701853adb410292c9cda3fd7c59a0229a4d6645e"",""signature"":""00370f40044096904ef2fb6ff655721df4b56a5f0086487130e4af60eb4104e19d1604a241ae9908b849500621e3fb8ef0cb3f3e21a687daed756b454dd2174a65""}"
account_rdx16ykhsssy6f6y4lfmlaudtn7cvykh0anqxu9esp0ayxjsp5rlmy7vm0,yes,286.1555043,"{""curve"":""secp256k1"",""publicKey"":""023b4b9b7066b2584dd8ba2210113ba011c3dd997b3c3f7e9c57a078147fe06ae2"",""signature"":""006acfb3487637a1c665c0376959c004d70fdedb26073c71d1e5b545b046501d6e5a747434e205d5860703c3d7ca088732a196c82bb0a6de09234e0d2432457d4d""}"
account_rdx16ykh529649j0repwpzj6apt5hesfpr70jw4mk6uhndjy9y3ktye6dd,yes,7.673223575,"{""curve"":""secp256k1"",""publicKey"":""0212a4ea26994e5f7e284056d42fa066db79ebd9b808a89e654e95bb78d2592b21"",""signature"":""0046b04a2f862a0cce6725551d14e7ae904a5f78887aa256498f5234a6009a46d10359882e53d270bf6827dc3685e75d26b95a5c8a2742fdadb5ea83adca8643cf""}"
account_rdx16ykdgv28kn2when5xmdlmu37euylkhzd7pmumszz30hvech48azvyt,yes,47176.91301,"{""curve"":""secp256k1"",""publicKey"":""02481f5421944a9e5aa08ae2875cb49b9c6a365e3862b24e9725e50174c581f323"",""signature"":""001165e704b06862477ff5a7c6398602421d68a24f53e9f3515d9189f72ec9dfd17112ca3a11ab69bcd2221101257213e1717c319e47788e817c81ef3428060527""}"
account_rdx16yk8jcrlelvw7uz8zt3s6qn5cms6kt28xw65rty72hntzm089xw5de,yes,170852.8214,"{""curve"":""secp256k1"",""publicKey"":""03937ab660444c9fc8bce33f0d077b12fae423438cf5ecf5eea9d53e8df4e5e7ce"",""signature"":""0109953be57eb99c06d170104a70cca51f4854774605880aa86a41a0279cf30555575ee541a4f551547f9134a21ba0650dbbddd4698647c19e944662420638fa08""}"
account_rdx16yk4clmzq9qz7wlkfxt8pd8jap9mmp8hukx6rwku6wej5d03ee69hl,yes,9146329.707,"{""curve"":""secp256k1"",""publicKey"":""039a68e530d0508e76a7a1dd28ba98236f4065631696b880b8b9fc4613317f5a25"",""signature"":""01c0d15cd42e58fe9bc7ceadb6ccdd4a9b846085c15306a7f0f079710158875565148cddd34ee4bcaa5e8ea64028a8c36416f10966668e54b966d5ad032176dcf0""}"
account_rdx16yjvfe0amf2g7c6mlqptkmxn55cw7tf8cpzwxa8pf6e8ly3nlft7qq,yes,322281.1004,"{""curve"":""secp256k1"",""publicKey"":""031de264a6aaa1caaf89f46e958ded2c793823764dbce58dc052f038bd9764955e"",""signature"":""019035d8c212df853c5da98836d6252696e1899feb54f51105b8b29bbfee53e09454dfd11ea3a7072dca6507a1d0647b39fc25195d9625a535eb6bfa8e9da08b6d""}"
account_rdx16yjghdy8e4lpg9hsayy9jmse2cgf86rnu2j6dapkqznqf9sdfd536t,yes,1080.88742,"{""curve"":""secp256k1"",""publicKey"":""0364464b371510f72ada21145b0d26b5a145d162fc15fbe3ec8ff1366f57dc9b9f"",""signature"":""0103221d8ef765f2bc3811d951a367c2cedf94e468e1b846c6e3a86d309b82ccd91e155edd70a1b1c25e9f587cf50eb2579b6a921d3c98702f8c8345e8641f9393""}"
account_rdx16yj9j0c39qtu0pj8muel74ys9nkdksprsme5nu8rprp6r8dg0l2tq8,yes,8065427.558,"{""curve"":""secp256k1"",""publicKey"":""029d4814c32139e622b5582667c8fb1f8129953a41f43c25da0dc1276450bc07db"",""signature"":""004f3764c7be457e019f7afef9a12857175c387d88ac87706f8c39492cb8213e6f4c480cb3cb860414c3b1543172360f227f6efd1685d3cb29b6ed0f8eb53c3949""}"
account_rdx16yj86cps6h6gllg45uxq9dvnwtrtpk4kt68n0uv4htt03gac60n94q,yes,740.9453137,"{""curve"":""secp256k1"",""publicKey"":""0304ffdaebc0ec7debbb859cba5c7d64c7b16a6582613beace41d5203e687be22d"",""signature"":""0069b51e74a6fd263c2351f2fee5391c5a620d3e7badd208c511be180ae5caf8eb50c37e9cd807f3dcbeb731a48c2cffe57b6d2b5c9a509cac62297f3244aa10ff""}"
account_rdx16yj3csaypmt9smtgzemvse808kmz9wf5le2859mjfzgzs9quh04rld,yes,907348.6475,"{""curve"":""secp256k1"",""publicKey"":""027975010886691f42393a4eabc77c7f33eb87a78dd170eebd7d453830a4d3f01f"",""signature"":""006795d78ea14f888cac72b595a6cfc59c4088cba9abb3ba707b676011a0d6f8ab76d58b5e531b4c710fa60c514d330091d96a0b35556039ab8304b0a0a5547e60""}"
account_rdx16yharvl5nd9jn3p5mjj4zcrlyse409ppsljc6u9tt4akqj9j7y2dp5,yes,54850.80236,"{""curve"":""secp256k1"",""publicKey"":""034e1117cb9443f8a77dabf9a4896a5b91cc9ac77359efc77ee59f1a1d95e8ac7d"",""signature"":""001d01a99ec1a7ed5e9874d83b2ff331ecbefaa5fa524bf81e9f0713ba52547a6e479b601a991f4c6f6d4fc8cb8cf383b7e554ec311116c3bf4af1bff272de6565""}"
account_rdx16yh3nhdfl2huw3p0ccgq9nhpaq8ss5udkc9v76unnzm8u05a44l9z8,yes,577.9465252,"{""curve"":""secp256k1"",""publicKey"":""03f43b96d1c712e3b8faa2c3fb01b7364c5ba7d32d1cf52f009c160865d0589679"",""signature"":""00758e5d334e1060f7c0236818ecf250b5988e0c2decf75213d9812f0d7f0ca44c06bcd13b76df89f30e58267c5792ebfdd67466e9aef79d8331539c8626d5aae7""}"
account_rdx16yh3g2hqgzrl9fqk3p377tsnf9jau2q4p5jg6l9dtejp257d455yuh,yes,125623.5889,"{""curve"":""secp256k1"",""publicKey"":""0241f00012b5e8603638b5227da2bf49c5c3d3ff680086c76613488aefa003a945"",""signature"":""0002894ef1f2f972189ae4be452992a0a81c133d3313b6112598fc793d823ef29b765ddcc3f2a0e7dbb338a10cb0d3c0ee35c7b928c26211d929aa97132b623707""}"
account_rdx16ygx2lsg70u5pccjng2k2k5cfgdjxw2yhzqlhtx986j46kv0sycfkr,yes,938479.5308,"{""curve"":""secp256k1"",""publicKey"":""03d0a213edb3c392bb81bf36858af76410ae41a8ae38aef527efb49aeae6300dc5"",""signature"":""008ba530982beda0150426a316d0eac64d32cfec636b9eed494da577db9deb33e314cccd7621ad0ecc4dd7b2e1b419b498d1f462cf8e4836479f3bdd2b71bed8bb""}"
account_rdx16ygrvgkn349n565j7afdfhx6hw4yxaftpyalascd3mlv7as4qsrnn9,yes,29.02647399,"{""curve"":""secp256k1"",""publicKey"":""02c9aa2100126a6791ea6737901c3741642a1ee8ce04e62af059045c259d6dd22d"",""signature"":""00901159a2715f9d845907355da9598be7c153a57af989a1716090e8ac3ab389972cfda291c560bee15a0a641394d35966441921eb7d820dfb623b3d1c29f00c51""}"
account_rdx16yghg9fpydw5rhcrtah57rpm4cp9fs72sm5sa6ujh7z4ygvr9z75cp,yes,25.79344902,"{""curve"":""secp256k1"",""publicKey"":""03e0fd67dc29c93c037772380da193aa0fd5507bce6678e50061a7da256603b004"",""signature"":""00e03fcc231a2102ba445a766cee1cbbb8280cbbd6a721dc9be52a71fccd0d48f35770e1853dfcd99b71d81f3e1981ac0d32bb3f2513393463bdeda30e5e002e3f""}"
account_rdx16ygh9p2axtfywsf47308zmdmw77ejppcjqla4vkf7yf6t3hela76ms,yes,490886.984,"{""curve"":""secp256k1"",""publicKey"":""0258bfaa05fc6ea5e985e0e1a94756169168435522b0644a93e20812fef1eae799"",""signature"":""0144cfc89707f4068976da0336e405b2826d543dc460de5356a6e1b84eb4fe5d3d7d42971f2fdd1268df5e997c6b5692b0369576f9ebb7c366c74135f2bf18243c""}"
account_rdx16yg4jd6cmnymkh4pj40yyu3ulsy2fww8ykqv5fewj727peheu7eayh,yes,30029758.25,"{""curve"":""secp256k1"",""publicKey"":""022c0de12159a49addc59ee1ff677a3873a904301a2ff714e25dd1dcfbe6264912"",""signature"":""0052575fc739ca5c699141e2a1d1546d3f3448c7f7c792a533a4553d72d8b0ab1860fe3530353b9517e9b640386fc3eb25cba27bc8bffaa133a96347174817f002""}"
account_rdx16yfyxlmmnzya0fk2wlejtdll2twvrmy8pnffrmt3re3wqf9ydt92ym,no,165929.4241,"{""curve"":""secp256k1"",""publicKey"":""02e814ad639508ecb77e7024ced57427ba771b939662599db3ae82ca72dc4dac86"",""signature"":""00d9c0eee9b09b1e8c7bbd1b131ec7015a5624b2486f5695e427ad3dbcfc67805c2a68ced2fa02d974786c86dc58c33876f10315e8da2eab29007d160a772db7a3""}"
account_rdx16yftgllujh80y5n7s9a27xpnaj7ftxtq48rvatng2l6temta88m02s,no,36673.00045,"{""curve"":""secp256k1"",""publicKey"":""02fcaf7dd6922a5a726e833ddbafab56aeeed1b59c1969cb03f6ac593120a7a818"",""signature"":""003384593c1f122345f4131941b82a222006eca9006eac2bc6b0b4144ac6a5710748c1952f895135a2802be18ab1300f0e6f116ea5ed131ef746b782f4f86e5862""}"
account_rdx16yfhd6hf6ffcutzxmrxvqzh4ag9fs2j0x00skz5wtkpv6mkmt4f68n,yes,0,"{""curve"":""secp256k1"",""publicKey"":""0283ee0a08015f9d212849feed47371fdea0e2432272a909eaf03afd3681acfdb6"",""signature"":""01fe8c5a88aab1dacb0a42c202ca58e9d17ebf79720cdd98dc94e0c5fdf00674113c23c53a307b8fdc944438304c85898bfc626b30e59ff65d90511a15aa5e4fe6""}"
account_rdx16yfegr7qmnwkk3qazvnmfkxsgpd853w6042kvh9wanzxfums5vyy28,yes,7681.03544,"{""curve"":""secp256k1"",""publicKey"":""025c3848018fce9f8f404302a9038e7998df97736e876ab8189a0798c8fe58d7c3"",""signature"":""010cd745b7b7f0b19735031b95c249748e2c7d3358a6ec8c44bfc258ff2eae876b556209ddbcbf1f20fa4e2071d7ecdf40bd79429e0ad692100f090a4c5a75022e""}"
account_rdx16yesf0mqxgmqs8pep0kv8pq8ycysnr4swlkpls5cdqncmnz4k2jz2z,yes,6.029291117,"{""curve"":""secp256k1"",""publicKey"":""02b4a79d9e8954fdca68394dd1d7198d499a54e1fe759ead09104075fbf85e65f6"",""signature"":""001728695087fb0f097329f21d08b59b61fa379a461a3fb6bac5d2497745daccbc5771cb857b7c55a72d4731a23ab752048ea8cf73dee8cffd0b4e0e024ca23c61""}"
account_rdx16yepgz7vtfj8e5aprdvxdeh3anp42var8xpuwutvcu2hq9en2kr8fq,yes,3.281502782,"{""curve"":""secp256k1"",""publicKey"":""02b7594fe7d78dcb11b95348a56312e47b3318430f9dc9c498ca56101e22134935"",""signature"":""01a996987fb3b5dd8714d17a6caa79c3aecc2490e599699e949ea8aafad3d5dd7d37281ae50195fb1467224c4b037b4b6d273388529ad4b5589686c4ed77be4516""}"
account_rdx16yekz0usx4cpxwdmmsutcguuh4g69nkxkgc2s5ns9d3eaqymae0z6n,yes,18057.7287,"{""curve"":""secp256k1"",""publicKey"":""0242250fb86ecf246662bccd2ac6faad74525f3d2a9317fe403af5982aba389502"",""signature"":""010b49dab210b941fa03fd298f9b10c9ec23ec89f8f7ebe8cb596a21936df1ae610cc0655e1b71a3af8cd0eb174e7de8d390724b94ad86dfff312c1df34445d1ee""}"
account_rdx16ye9e0jphyd7apj8u7wv7f8jefxjprgh7h3crkejg5tp3md4ukfget,yes,65762.09211,"{""curve"":""secp256k1"",""publicKey"":""02aa5f6922d83f9240eda8b85903aa39795f51c2f8919c8954e0389b511a80c34f"",""signature"":""007092b0cfd276349f7d50baeddc819449dae2a76ec6bb4ef7c2d06de29398f28a311d787956dd777d8550f2c7b051da3be560dbfe3820acd4b8dad3945dcf114b""}"
account_rdx16ye7xkacuqr23l4rp8cunx7gj3q38myj3jax53vuyxx296ykrwrdhm,yes,108006.896,"{""curve"":""secp256k1"",""publicKey"":""03e2b184f8c8e9dc8d7c7c09dfdf0e70ecee596cc3650cf8bde6c124e8b4ac6374"",""signature"":""0117cc95cbb78c7c83bc84c29c030c47ea27069b2192b91a0ab510a06102f8c41017b9cca3e823cdca4c01a7a9d896b1b6cd9421d38d1365bf728aba25ebe4f413""}"
account_rdx16ye6skas559hrqlw2xz3tj6luym5gsnmys207ey7e0y64nn6qe8r0m,yes,55.86328886,"{""curve"":""secp256k1"",""publicKey"":""028f5d7c044553b5773e99f58e3ff482cdce23387565833196230251eedf0910b8"",""signature"":""00146674518a85151801932409954caf1ff88a0a6412dda3dac79235f415c25fa87c35dc73d2426f334c8956e2fcd5f3789942e8040797633e1724b98ad71cde40""}"
account_rdx16ye5dt685n23yv6nduec0gg80r39pgcln3g0r4ztq8x5ls5eacpcp7,yes,0,"{""curve"":""secp256k1"",""publicKey"":""02cf80e11176c03a8cb326dac65c751dade2952b720a42aab20b8f75a8c00cd41b"",""signature"":""01dc1c8a7ecd1db160f2125cfdbba29e638040bf56223dcb7e908164e74011333367bccce9e12c39cbb53e6db8f961b4c3c18aa196d07d2d9561f406e5a91f0512""}"
account_rdx16ye0j788qcyu2q2h2kr8rf4yesf56w705s8v4qfw9csav7umxlyk03,yes,175283.6812,"{""curve"":""secp256k1"",""publicKey"":""0371d9967870d288bbc7fc19d66443b39214752b11da80c12952c4b838bb54d8a3"",""signature"":""0044e217b519de8c00e889c2009215f61dd2262f8d88b542ac45d1036eba5441a524f5f58ca3504df7a09f399061cd062abc6c98e2b3385ff5d7cb33e91ec6f036""}"
account_rdx16ydyhfc6v5yanerjck8lxyd86z42l08yc9qxers76z696jtcywue0d,yes,0,"{""curve"":""secp256k1"",""publicKey"":""023f4073378f9d783859d490173893d9310918424118b9f235becff4adc8c87b4c"",""signature"":""0181fd746dedb9459622ec11e49cca00139b52720deed785a447d30108a3a004b5770ef296c73af600b3e9670bb1eb1390b2d0235a73cc138702720731c03ecb4a""}"
account_rdx16ydkfmws0zk9yygntxmqqqyss89v5km9a9twjp0k696lr7wmmh590v,yes,144560.9837,"{""curve"":""secp256k1"",""publicKey"":""02a80e66bd60c7dd547cf4e428dd0637191354b8885082d36250b8c1e644e96955"",""signature"":""01583cf5f5438cd891f3b31ea4cd9b6d0ebbbee3ff0e63a8b774c49ff47a48b9e672c064245199f9734f6c06538adc9c805552bc1a38396a711649660352de12d0""}"
account_rdx16yd3djqzv6gsfu7l0f3ft9uguu75gq2mcqxz7e0t0nt7uwh3wc3lfw,yes,79903.90375,"{""curve"":""secp256k1"",""publicKey"":""02b84587d98466c889ab26eb453322104a92122ca6ae713e567f4b2d6aed70ff54"",""signature"":""003b1bbac1b977bbcf4ced6998ee5f0a95d992c8ed4d6c0e6dea221d4417ab80360121a116b2384fe25d3ff618961e8f165f542a103a6c596f1bbac93889762d02""}"
account_rdx16yd0rnm8m6msjsjtfkcvt2easuemajg72gjn5kx273myk2vwluwmhl,yes,172167.9362,"{""curve"":""secp256k1"",""publicKey"":""03ef0cca91b4c41f8cf1bc9c686a2721131a92f98a4333f96d98af32d68a7f6e7d"",""signature"":""005fbf5fe89d3fcdba6a25d36c623f7832f5f60c2e5ad18e19024cedea3150efd25b54f98d7d7ea7a755c8ff72ce77c36e28afe7b8883068f889c67b780967ed01""}"
account_rdx16ycslcys8wgv7yx32lml225v77wqq7wlgnrdvzhzc2g5qs585rk680,yes,1800621.244,"{""curve"":""secp256k1"",""publicKey"":""02627c4f8ba2d38958354fd20bd6a2a1a3e8ba3fb642142473a0073f4d838c924c"",""signature"":""009811ba7aa4e4396d74f1ba0c9cecc6ca9fd874a0b0ebc8530ad74afd5787ca0e5508758181d4a2d5c388d39f93a776f7ee39ce8d8f8ef8e20475ad296afbe2a3""}"
account_rdx16ycr9hn42zaj96a5gwljurlrgjv7q0kl8nzsve2m72vzwagjem4s8n,yes,1946393.175,"{""curve"":""secp256k1"",""publicKey"":""02ad94f3ae2a025055b2bb0718f55a34c6505531a4677028b7fce44f039e5f12fa"",""signature"":""00884a9a9ecd238714e0ee102c57d0f4a4a729dcc97a0c257f90ab21549cd76d824457e2166ad0cd736070362aefc3258155d9232503985aa12b21c39bd94c9c8c""}"
account_rdx16ycjthvxh9u2lmlsdft3gh6zu3wclt2xd7n7zup3jh6a5yj86ykzzu,yes,52515.53754,"{""curve"":""secp256k1"",""publicKey"":""02b6e43ab6b52eb08773a1e487ce2cf5790703a40cc5a19de40bc710859128889c"",""signature"":""0149d7bf51ba603e7d7d1626c05bcd8ce3c5eedb9318b0a6e6548788716873e8187a9197c088d17b3b4d8e99428be22cffe620a7b09535ddb6ab2e202f55898862""}"
account_rdx16ycevv32afxx8ghnt5zvhrsa3tcwqx4nlqv9cautrgzh38725uks8j,no,396412.7739,"{""curve"":""secp256k1"",""publicKey"":""023e20e1a8a3603805ae17d163579b4989d7cb2db39bae345568955cfa6ea404a9"",""signature"":""0192d84bdf4ab02165cf6d69e184c7d917c44e79c624beb098a02987b6a16a9e551beb7f2fd9b0cc5f18e46138e37c919a60096ba1fb1ed705611878d6679c042f""}"
account_rdx16ycdmaef2t8pvtpp2th8ynvdnk89j5934ft7zqe7n600y30f8f2ty2,yes,223889.1853,"{""curve"":""secp256k1"",""publicKey"":""03368075751ee73b4d56d7eadbf4894c22e177f259be8aa272a05f5851eaab9887"",""signature"":""0140e783affd3bbd9c6fb03025e638dd30aff77b8a5acd23e7bb663199237560c776152a6eff37ca46c084ac3685bad038fcae544dd731a22126647366854e691c""}"
account_rdx16yc55cjdgwsaxcsllt3gffvcjrgw7uw4m86mraww0xlve4n2nlekvg,yes,708.058609,"{""curve"":""secp256k1"",""publicKey"":""02a139f9d8c7c5552fdb41a75a1bbc0b391e9fe72541bab806d277e54b971f3010"",""signature"":""006808c9709cf01fa14a749f521012183b35727f876169f037e3dfbac9590146d52461307aa72cee1534c7330787d26e7ece5ebdc84919bd1c86aa1fb6ba792c67""}"
account_rdx16yaav6zkx4fjqy38t3gtqwxgrwkjk696u3lu4l0wv44c2zu8gdhqjq,no,84662.28452,"{""curve"":""secp256k1"",""publicKey"":""03c7d60113924e675a4c43ab091e668d592b1cdfdb624f15c0972e7ea84e49dd82"",""signature"":""012138bb6bbabdcc46903bcccb1837f7d0345ea059e2eca7b707a682527645ef130cbc4c12cdaffa16dfbf17691e78ed0a7a9301c43a4aa3c657d7b8dc677559e1""}"
account_rdx16ya597t66ge4q3ghuxeetztz2zqtny3svuz5jksdenkd4jm8ys0085,yes,8932.816183,"{""curve"":""secp256k1"",""publicKey"":""02ddee98c683cdbcb111ffa02f2d75c300217a9719bbdefd86a53691b3169a9eaa"",""signature"":""0041b7bea80b77bc2dc46122701dd297d85b2bb22fcd53bb1791b37da57149859d7c5d4993ed37b1e4c78e75c64c0b16d62ba3c3e8aa3b6f00c91c268749b7f83e""}"
account_rdx16y9ldxg3zmade0c2vngm86my89ksl0jrh6h6pmn4577t37h9wrn0f0,yes,150.9627349,"{""curve"":""secp256k1"",""publicKey"":""030cf2dc5c384945fb3a49383a2c97432a4e79e9f9012e951e9138004bbd02fba1"",""signature"":""01792c537a8c7c7c44dcbc90185974c52913f56691933ebc81fe249c70fcf919787d145a33c0e9d9399df6971994cb69228558ae6d85cfef9f0c6760d34450dec9""}"
account_rdx16y9kj3dy7suejdafnqfsetrdnmqzp66tw43ze64dfh9hz7z8ggsmkw,yes,12407783.43,"{""curve"":""secp256k1"",""publicKey"":""03e18f8d1c3a925638cbe353d1080daea028a3b1cedf045f0786f486c39250958c"",""signature"":""01caf6a93c2994b4fe350152653355f865a45668bde4db1dc712cb37d113dc8fa07249c50acd03a6ee1e99e16b4fe8ade05b1f3b56dba14724512f6dfbec4cdd6f""}"
account_rdx16y7ztadml5rm4hhx80uuuytrvfa8lcydhrfmer246qc2djvleay5xe,yes,498.9415726,"{""curve"":""secp256k1"",""publicKey"":""03fff26dfe6e713737ed7f54543b021c861c176f976b1875dc980cd4222d9a4bbc"",""signature"":""00c836f52adb8cbd0cf349be72623a7ce7d35a71dc43ab9aaef42f6deb3603b4220c01297f0cd75dbb2855a524b06bbbb45607a3c2d415420e95cd93480516a263""}"
account_rdx16y7ytj4s67ms7yelkxesh5jq2ydgm7fedzecgdt3ym7qklhx4gu335,yes,27314.23181,"{""curve"":""secp256k1"",""publicKey"":""0240a9235e2461f98ef255d6b5b0e88d58956478c233a7a65d2610295ccb33b312"",""signature"":""00511586bcf78384f517c975407c9e1ef34a607ad3253df7ee58d799017655d6087fa530a1d9a82ec2aa66def8bb27ac3d866015904ed1c96b39d2053dd5c6592b""}"
account_rdx16y7x05r7kyuqvpzg602ph0vd360rg0cywhm8au9y6sgsgguvlgrss9,yes,3003.850638,"{""curve"":""secp256k1"",""publicKey"":""03a2958ffa70d93691da7aed790dffaa7cf203a96959e9f7f6d0355c905b5de9a5"",""signature"":""0164aab5ae19e2d392baf659885032c87ef4c7de8e5230bcaa4b3c2182826268f07243da2cb29c659f64cea7234f66df9395aec304339e9abbc4a44c293a87cd51""}"
account_rdx16y7p9ajlfw2qu4jf649z26rrvqv826ltyvyctcqp756kmf4fsyh0wk,yes,26333.34765,"{""curve"":""secp256k1"",""publicKey"":""03895ee7a464505fc81f1d7ff5d4b8aa46b63d1b9b7701bfebbce2399c30828d72"",""signature"":""012c048a955b7e6cb637c15ff9c077a1497413af6e9d3f0cf5bf465eb9ca89a40878a34e06c69cd1c54dd2f2573000d1dff274a0e316df6637d0a73f66516839ac""}"
account_rdx16y7eszcahhe85cyxa5l5nfce2awpup6e6ypraw4csmqmj76wm4p98l,yes,0,"{""curve"":""secp256k1"",""publicKey"":""0358ac69fec5f2f60dcc05cdfc6ba4e0f9e62e1e5801fe7d34a8cfa6afb56680b7"",""signature"":""0046ca2eadcc7a614e0d0f998e87a7b70ff85ad2eb2ce8f7e4e5c0223cb50176777144e6264d1c23ec9e21a35c68696a150340057dcb8d53aef755dabee5a970c0""}"
account_rdx16y6spuy7pvxj3v9ruezge6dvnvjkjja70wmv8fa4c73n4csl9p3pr5,yes,222559.9258,"{""curve"":""secp256k1"",""publicKey"":""0338cbc5862f126b03218959af2b605c14ad4243ce63129d3d2f978e2ecaebdf94"",""signature"":""00a5be5bb0ec565ccb84cd548f59817d053c568176b88fbc1694704491368d81a97934955d3f7f5981252f8c1ceb235ff01b5d70bdad227f586e87db6a79b35ef3""}"
account_rdx16y69zymkhhyv2fvv2pzvm6qsdg7q4vt2vse2lu0rx9xz9k50awqjta,yes,9.143339372,"{""curve"":""secp256k1"",""publicKey"":""020978a333c070e34034e36b50b769b69c3ac9417aa4791d2e63aef96bf40baefe"",""signature"":""01e2aef2f86e8090a07f4c49cbcba57d19efd8af28a20f013cdfc958c8dbef290a335df3102fa0cabc1ec99f41e6e4ac20c0c16a0848d85700f19f122d7f407308""}"
account_rdx16y67jfg7h6psa9es7kkpx7ad2hmly4ly2eq2zvge3jcpc2fvk3x807,no,2.27735057,"{""curve"":""secp256k1"",""publicKey"":""02006e7444a125d37fa0e44b15f1703fc21b7b42e823fad03a970252bceb8fc310"",""signature"":""0115e755cecb8c83349ac8cebe076ce0596766b5954ddec12060cc33e368348dcc52261b6882bd4d5a8dea897c7cc80fbf2fabbdb5b369ddb183c843cb9b93c33f""}"
account_rdx16y5xs33nlz78y67xr4g4uk7rhpq63mcyclz9dhx6e45anwamufn6z8,no,0.602,"{""curve"":""secp256k1"",""publicKey"":""02d58cd202177fb68fd4e071d546520a00a3c9300db323d1d79e0990d09cd3f778"",""signature"":""016d052d3ec75600d42cd5ed0f0f39ce0e4bb3dff31704c79ddd122e77ba9c04de16f902185096b1e319171c1b55ca20401b8fe94357198823dd164f5d3fecdc4e""}"
account_rdx16y5n4sn6jaula5wmlyqjmlvlltenxpwpgqayvxajg30t3nz8l26j2g,yes,92645.82942,"{""curve"":""secp256k1"",""publicKey"":""025775d34aff8c15331dfafa4cb85b429bec83774a16f2364259179b9096cf8f04"",""signature"":""01eb5107991ce281ea02ef1d06f3b5643ab50d8032531f9e550480a12a94b27bfc5024457e5f8cc0f00f91c3acc437e25c1be0d9ee60de48d4c84602ae05271ffb""}"
account_rdx16y5aujpfk236ed0gpnme3k02vgyxwx5tx9wym8hdhunjkeqsl4a3va,yes,123451.6862,"{""curve"":""secp256k1"",""publicKey"":""03cba29067c157f07f5be381c5e4fbb03111b2fa29c331bffeb41ba412f2064fd6"",""signature"":""01371e3dd141fd893a61b93cd9b6dc55321eb6878bf81278f1659ef3cf32b04a1b0e982c5aac299b63318fdea4bc36ae73cddd81404dde2747ab4c6251de1a5ef8""}"
account_rdx16y55fahphgks7m2jw4tzucplcmu63hswt35cpf0u7sw4ek7rajks0j,yes,3870078.518,"{""curve"":""secp256k1"",""publicKey"":""033a57f1e85d0877f793c883de30f9303a66266b1fd9f8b8565e80e410f80415a0"",""signature"":""01da73b26e1507838e7a2285db02e2a80a20a36d527bc1623e277d3765bce3196c3cd9f5c3851f44dbb83e56b8615301afbb2de0c970201b662f9ac37616cbfbb6""}"
account_rdx16y4u6pd4tmxdmqcwvm3ckvf7lyqp2zq2u5eyctq4hyy9u6npuh8ph3,yes,0.06905776635,"{""curve"":""secp256k1"",""publicKey"":""03cb871133322e89948ad00fd9d22c83de1852b946d637d43d83ddeedbd0de6fc7"",""signature"":""01e6cad71d2644817006f59f25b4d5ed7a21a782b6dbf85e11c1607da964702f8e1d6c1d4381beb2ad2165415b7404a34a541e51364fc10641156d24eb41f20cbd""}"
account_rdx16y4qdw94ejgynttth24ndwpj2chzhl88xkevkflnk7dt03z7yh8pts,yes,0,"{""curve"":""secp256k1"",""publicKey"":""03e24718200e83ef38f3c4742d66898c8cd87b72df489bded2935efac96bfecee1"",""signature"":""018b649b4e44cd020e70dbb46bfd5d76fb7770534ad8736857b233e9d51790c2ce39792955b91087c58f801c77ad144f262af95202df4c011ed2936ba318fc9596""}"
account_rdx16y4m02qw6ee0hq4rmjt6kmv85grw0ckxkhnr5x3utsgk8fvvmv8gak,no,0.6338911861,"{""curve"":""secp256k1"",""publicKey"":""03dd5de581c8412edd7317234c487f82d8a408615bfde399a7c014290e7ac9b5c0"",""signature"":""019c0eb1d07d4f77e946ea568da1cda238baa331ecc582874b060d662c27ca595e156dfa842b29d4873d55a101ed48ed12864025d73664fa9926fe9578488be6e3""}"
account_rdx16y4jfcu7ncfycf3hx2qe52g3zfguvjzm2rn5c0ntf0m7zpfaych2fr,yes,78.29591297,"{""curve"":""secp256k1"",""publicKey"":""02d00cf391faf324d5817411be6048e8c651723037b7e79b9c269a8bd437f3c8d1"",""signature"":""010a65641295716778790b2e0e31c76ab7449666a836ed55a457e57bf61aa25d381a263439207fdac6bb9f81e96f40974eda01cb9e951cf7b51bdef00056644233""}"
account_rdx16y4g2m3dn8tvf3yzwz00l48s7jz59w8v5243607206x5vwkfpzc23w,yes,64042.93503,"{""curve"":""secp256k1"",""publicKey"":""02bbdccaf25bfc9be7df63c575c5c2a476ef5c516fc46fe9ab75b06d17b3339fbc"",""signature"":""0153d072e4d04bb76a88568ef518eadd794e834e99f98443b765e6a241fb4ff0654df436a6f705df454ae29e4db0bec51c4177e6d3e35437ee8aad4b87adc2c172""}"
account_rdx16y4a7rqa39klsjdewtuczhjm9xyulhtes72ds7pm5dhsktkmeh97eq,yes,35.35345447,"{""curve"":""secp256k1"",""publicKey"":""0282c6cf92bfb6a948c8db5eccbb6ac63c507a35c3a57497e590db02f5e2599aa4"",""signature"":""00d23dcc24656162935dab017ee4d67e9836b565d3fddd19e69ad4ddd2889e7689213033277794a4ec42e7e62aed91544b68cc755ed010dc390a1211b59610071d""}"
account_rdx16y3t62mvlqmkxq9fp3fuue79h49whd4uapsf3xv24m7c7m3wwnye5l,yes,9014369.268,"{""curve"":""secp256k1"",""publicKey"":""0397bad38eceffbc292d8cf4d33bfaad85691b132e2ae5850369d4baa258144a89"",""signature"":""007e31508daa10edb72d2826288ca8728d9485a0fdc9064a1ee9f3114e8fa2292718c1e76bf4accbede7fd1fb36349cb990324257ab780a4502878da7fa64eda23""}"
account_rdx16y3grtru2f0k49zd9svzlerf6e0e84468hjltg4tv42azpf6vkud9g,yes,379728.5611,"{""curve"":""secp256k1"",""publicKey"":""028c4e9d663ee781f73fb4d8a26bc0055c2a4ded82a6533fe1081e0077adce2d27"",""signature"":""00788ca2e7c8a2cc562143f9b56f24e5ba8870a7c35a82824b29f53f5912d9b56c37ad9aecf9c84a0969925bc7054e9d4dbc9a4e4e9643b874064c77cdd711f1c6""}"
account_rdx16y3d6qdjs0tayqjnhder808pdhjdrm345qvzellaapw6kr4zq2l6vn,yes,95.41163075,"{""curve"":""secp256k1"",""publicKey"":""0393b5c3bc50c1aca64e84cff479f091ac47cee999828746e9dc01819715158fef"",""signature"":""0059f9a3bc08438a47b0e98730914453a65563f3b0c204c75ec4edd57bfecf4c5019aa30780ce5a3ad1e60bd948dcbac7cc3001cab9179f7ff17114a1ca72b50ce""}"
account_rdx16y38g5tq8vqvg2gdjm20z4zfax4vv6h3t3jfmjxwgj7d0rh4htl5m0,yes,7340564.399,"{""curve"":""secp256k1"",""publicKey"":""03972750f67caabd737d22d5550147c602d23d1f2d266ac4f931ed8a00930dc2f7"",""signature"":""011661bfb3ec445f8b5e34d59ff0d1db4fadfae6227631e2f13b9b79871b6fa005778782fbd6880762cf235223839925e694407078fb5170ac9d47671242297a2f""}"
account_rdx16y2yxh8qy8yslldncpt52r2y525m6yq88fj6vk9vp937wwh0h3z93w,yes,562.0847739,"{""curve"":""secp256k1"",""publicKey"":""0319a2dc4f7c2af171017e5ab3c39cf7ce140d6611851cf6b8e39d09919b177cd8"",""signature"":""00392b72438747ab43f86c6f10dd2fa0aec665df33cd1921f3325e5f9a2cabb8455f4db818c4fba6f35d62110057b0a7c1a5de8bc6a58ea1746195b7c51946f5a3""}"
account_rdx16y2twvkcldys5tkme0txss08rcawav8l0gnzkxye36nn9p6ecuqdfl,yes,1871.726199,"{""curve"":""secp256k1"",""publicKey"":""033211fb8e6377e9471c822aa4a1cf42d47a61b8b6ea6559d8b1593539b8cc874b"",""signature"":""00ccfdd13717e6a1709622c89613b41d9b0b98b54277699243c9e729bed725f4fa64db8902ea1d592959515570380b50408486d99cd512ca6cefc024cd588632c2""}"
account_rdx16y2tg0uza275n5ex9syv43yz2xxypj86delw5m85xp0n6jvufsuh7q,yes,7685.324569,"{""curve"":""secp256k1"",""publicKey"":""03a11c05b40f602550807195ed7168f171bac47fbf83961ab032415348600e1a7d"",""signature"":""010864462da282fd4da26506ddf7a74ba072ab6df1c00d67662af4f5fdef271eba5eece5dacae662b882391b0179a0ba8dd07d0197950277d555d982eadd963f45""}"
account_rdx16y2l863n8tn0es6fwee6huk0tha6ldz2cz90qzd88jksygc2mx3wdq,yes,43853.02473,"{""curve"":""secp256k1"",""publicKey"":""02bbb121b4416e0c71f7fdcf00d9dc50c679278db4b2920e9cef268251f3448a17"",""signature"":""00c5ead38a6df72363dca663fcbd76450e42b86b6471a6c9f03c94f77dad7059c60a4493e009fcdb563837629c4c5a0e9ffe1b68084b782d2b6b4e205b03515866""}"
account_rdx16y23zelz8hyclz85w865wjgcgsras9pnm0240hskye0vqua8r94j2a,no,7573457.932,"{""curve"":""secp256k1"",""publicKey"":""03d13d67ed19445dfcbc5dc24f4bc875fc736bf2ee66e0cd817ebfa560ed1f69f6"",""signature"":""00e80b2ebb8e0410d1a8b171fb585a6c4a82fed7e7db67e0fbd533c3eba9a3095466971031b1338a61e7e21e471c25578a7fd10399428f6cde1a37cedc01993471""}"
account_rdx16y22rfl8h75fd2cuhwvsr9sey0kx65r3jjzmqylf0mdwdjlg2p84xx,yes,0.1482808186,"{""curve"":""secp256k1"",""publicKey"":""02fae287d00188f6554aa8d2da76e5999a4093907d09464cdf584548c25e57c169"",""signature"":""0103028722dc02923459598d85340c9a555eae49fd1a282e994c947f6676170ece4ab67a841c04f5beda7236965c0cd5c0920009c1ab5a5df00a2d990b3fb0b05a""}"
account_rdx16y22mruuanlfkkh09trhvhdludmpd85nwy4f7r5paedydseyy35l25,yes,0.9461068,"{""curve"":""secp256k1"",""publicKey"":""02091418f04c86f9fa16d4951f1cc31d995acb94354065a4ac152b8772abec4604"",""signature"":""0132b659ef1ab6b926d3771ab7ee7b05eae4fc7829142c62d971c099e48e6bc2b56ec6515f9a522bf05d856b13602136ea47a8d0f3ec203ce5546a6eb94bc2d908""}"
account_rdx16y20gpgf7k46fumfqwdk83494p4g6vwxf5uh6zf0xgs0tp7zwec50j,yes,2.02970333,"{""curve"":""secp256k1"",""publicKey"":""020943c18f084276996a120d3fe16e62bec52c4be27d5db8b855f5d146d3bf8c84"",""signature"":""0135943d4af3eeb5ff0c14a4d6c1598aaf9218aeb7908d49bae250b7a02b185ae82b1adb842cf00f74e950eeade2fa41faf2de4a98daad5f7729a723a0ea0d186e""}"
account_rdx16y0rueqqkyvkhc0cyr2x7cdktdkpy4dzhmzxja5xtwnw76fu3pfjpa,yes,48025536.37,"{""curve"":""secp256k1"",""publicKey"":""028fdc9bec83771123fede7f5d926a58b6bc49e12e5412846f79d6e6b81cf9556a"",""signature"":""007c2c02a60dd39e340f1deb1913a1fcb88921b8dd5241d3522f2cf041513283e94414c6f90669fc97272b94b11d1fee770a199271dd78055485a5c918627c653e""}"
account_rdx16y0fxuyd0afhrcr07kujjs9n2ffpxqshee4nm3ehf750pls0eth8uk,yes,116.8945054,"{""curve"":""secp256k1"",""publicKey"":""02f53ba92c3e8a482aeea01ebe26ba64b7b4662d1b972d5abef88407ead9512b24"",""signature"":""010034052b04a54674566b2e9359430bbd77aa613e3f52d53a1f086c088feff66c6ccbbcc279d0e3efa6de360e1e34a81e9ba9933db5370fd52efdf7947cfd69bd""}"
account_rdx16y0fvrswg4altf34l4nv7vl8pj4t2ntk4plgzw09qpft9t50k9xkjv,yes,375327.6766,"{""curve"":""secp256k1"",""publicKey"":""021475963eeabb5cee70734d8ce6f6709bef4e69022e9fac9908c6993133cefa21"",""signature"":""00e6bdd8a9953c4b6711a60c26a219f4e799a7378e22d1759bac56e1cf064803d14b205bb800fd56c7260ac738479a2c28326aa84964a8dd7c0e6a3f405e3b11aa""}"
account_rdx16y02m03jdql3yu47n2xy882jevq3xlaz7hky85sq7ccgf0ffn5vd8p,yes,987686.4625,"{""curve"":""secp256k1"",""publicKey"":""02a175e6ed60fcf9ecb37ee2c5ff172404bb47ae37fdfe9af2586b19ad7ee11a9c"",""signature"":""00742c71d3439c280bf04c48c4849e0731b433b94e7048ff55b6a1435becc31d7048178b4441177dd7b4ac6092ff2c17e753ab463866844c0cc561ddb9c6c58c8b""}"
account_rdx16y02e682p5438ktuz66xwn6dwvgl6jf59vn4k8csyx3t6dc5e7pag2,no,36469.66476,"{""curve"":""secp256k1"",""publicKey"":""022ddd4adcae81789577f113e80a5304fe26e8778ed922d247aa3e3d0a0d9b5522"",""signature"":""00ca377465e5cb06219dfc16a5b8b37c91b8aa5d0fbc11a622364761a3feabdca4485109eeb2b6846c410ccdaa9c69ecc06ba9d52f5b680acf5ea25960a300e0aa""}"
account_rdx16xzj44up0uxuj8mzmjxx5auysu98cml4nca2d93uq2lmh7l49qqpun,yes,242.9051492,"{""curve"":""secp256k1"",""publicKey"":""03652b0e77eedddbc746a67b8f24027dc43eb17748b14a4a4a3f890dfb2bc2d722"",""signature"":""00bbf93a24294cf11c91d78e8323027363a789554114cbe95daa71f12a9796ee9d7a086dde674121933a4634ab41b754ceaf10e8b3a4089e135447813277e19c9e""}"
account_rdx16xzejr5khh7pj5h75rawsx0ag3szv9etnpca8ng7fl7yyk7enj6h80,yes,3263177.209,"{""curve"":""secp256k1"",""publicKey"":""0319984f93f795cecacdda6c1cb343c5b39e4c97f70fa79459689a110481a100bd"",""signature"":""0140898adaf97f67f14d19fba17323e61cbeccb33a319d73c423c84586358ff8b54b7c71c64d3fb6b6002f5d75198b5e322f35b06e1b5917642d06ff549a4be4e9""}"
account_rdx16xzacw9tyqzak7slsnuwvnc2lj50da497lcpspgrxy9c2kp557t3sd,no,64350.35727,"{""curve"":""secp256k1"",""publicKey"":""03c9005b868efbbc501e6460dea7e2a2ddb99ff87b459b0ddf0aa22aef40d5d881"",""signature"":""013a61ab404effe6c3954e523858bfa60b896bb0dc4d99fc987820e60705a719290a5fd6a7a0d2bb8836758ae5ed5b27293087e2d67cb742c5e8d71437cb40e5a9""}"
account_rdx16xz8lfd0n6zylrt9eql2xuwu0yx4mmzg3zwr5nhxc26kekfazwgrzv,yes,9.98038905,"{""curve"":""secp256k1"",""publicKey"":""039eef00ba5b88959c4422d573779841ff64131614f4a661d06fe2ad166049818a"",""signature"":""00d5e58c47f47975439c31a087aaa441ca6d51974394c7f57c1e42777f42fd405f7394538cc607a8f2376f69ca458f2b9c44cbaae3bf8b9edfd8e454fe33a3a94a""}"
account_rdx16xz78yqwyzamkfn6z8275qfkvwke0vwmjsdyjseyemdkllqwq3v2c7,yes,154347.242,"{""curve"":""secp256k1"",""publicKey"":""033f1b4db8debf1c40d9cd9c9703c964e729f8f1bccabb8fde612c1710f5c22835"",""signature"":""01457dc4d9d59ed598ea3c563c5e43d19dc366c71951ca4c96f4c417631a3b972a347394f8b756716ed047863fa51d7ab311472b9684478f0833c4cb523ba94889""}"
account_rdx16xz467phhcv969yutwqxv7acy9n2q5ml7hdngfwa5f3vtnldclz49d,yes,176011.7948,"{""curve"":""secp256k1"",""publicKey"":""032a3751145c5a1999f5dcbbafedd6d47beb92221102f5b5cc7efcb9d07d38aa81"",""signature"":""017b5f3b26f3b65c233190e1f16fefcff3454d2c541507cb24e0e76430de9f969711a23239d6f45c0f63ce7a27d796d4406dc9b16e660073a61eb5a7dd13eb52a7""}"
account_rdx16xz33ul73lxysufj5nllhfevz26g2xed6vars0lg60fmn3tez5scsr,yes,313047.3631,"{""curve"":""secp256k1"",""publicKey"":""02d275d0270bd93f5c2a93f425084a9b7645d3a45801478fdc0c7e076f6975629a"",""signature"":""0073a4cc437ae4ed77542bc980624be44bf4007c1e51489041f4fbfb9a4428195d6f820000e14d7e27813ff5a9dad76de2f0e02fee6651786751405da11d1e4f33""}"
account_rdx16xz265x6cyw0pkn8va4x0p5twpgvjxx6th9r70r9np0ghgxruw224d,yes,10914.84331,"{""curve"":""secp256k1"",""publicKey"":""035cc76a851764a6fc1bc444a0181bd67e4608ed0dd1ea137971ff22ba1735df44"",""signature"":""009e195fe80f25891d41eeffa7587ecf29e585a6a6e3dc5753eac67b76b1a5271803f91ace4444a526752a0576bb6090243df40d45de3e27d9825db65387da8881""}"
account_rdx16xyh96mwhwc2p7yqrfrxk044y8048mmtcyjq7znskz34sctu4xzz00,yes,50524.24706,"{""curve"":""secp256k1"",""publicKey"":""033e55f1761ebf067fd3d32fd324848353624307d13f06b14d35467d0bed742f7e"",""signature"":""00d02136af2c8b733fc1710b9a65d8e07f9fb25a3ecf53a9294c56c8fb03ca863542ba47fc12ddd4b13815131998ce5ace2366ecfe7c3fab6dd04d23d32aaf7ccc""}"
account_rdx16xy87c5wylnqmdqc739xurpm8fuksrhqc26gye2l7wtn5x3wwk7n6q,yes,51.8899465,"{""curve"":""secp256k1"",""publicKey"":""02351d18d7b7218a4a668bcee3cb94624a0fc599c5e48b572d23b2272ff963f460"",""signature"":""0166ef1b75ebfc3ffa7b0f560a4a7608e568a8e91855f954e98274308738d85e2a182f06490499c5d52a4a2757717b2343915b0205e781157521abd0ffc65d2ead""}"
account_rdx16xy7t7tp7233e2zmkewfesrehq9m0a52r5pyggm6grfvne24cp6w7c,yes,1184.445753,"{""curve"":""secp256k1"",""publicKey"":""0253be4af26c1981072860153f8624ed40cc7a695b8a699701897ffc5a9b38baa0"",""signature"":""01be4b8852da212d59defb6ab3139220c920774a88e94d00c8ebc99a0e973ff7584a350d59046ba666be214b35a216fd42308024b128700421650441ca4174f217""}"
account_rdx16xy0r93qke7252j3cxysruvta7hp962dlcqddpvk3wmw0z7rp4gqt3,yes,9552481.007,"{""curve"":""secp256k1"",""publicKey"":""032f6dd45f3d7ef77caf89f3d0c7bf2cdabead02f57ca6da5cf846b30335a4ec12"",""signature"":""01f71f3a2f5fae6db29889a908986fdd6733038cacdbaaa1a0642c9fbe0fd5ff7f6b772bf5a0d7faed99691d719c12d5e52e58818b049b3256b429a93df5df5ef0""}"
account_rdx16xxved0h3xch7jwt7l4698a4hhmfsnyksafmz3nq5suqva78pm2gzc,yes,1.585307799,"{""curve"":""secp256k1"",""publicKey"":""0234eb9313a8796d56be1d85b0b6c90e7d15be196c0dc667e9897c597d818f6786"",""signature"":""00af8cd7779ff148bb35a06461ea27c77b3007092d00c228bc6ecf71815265fd977bb6592a11065621310731a2223a523ffa5ef2535f9ee9d33c9d93487d322720""}"
account_rdx16xxeuegn8fxv7mxrpqsrgemmapcvjr0xcveddusxhck9ealkz3fs2w,yes,8260877.77,"{""curve"":""secp256k1"",""publicKey"":""03f7fb2ec3c282a722165869d5e711d4d89113050217d9e51e593873cb72770dd4"",""signature"":""004a3cefbce444d1ac3f0e309655ccffcd1a8563bfbcf8e50d977cb8334a212c7a2c522ff2f7cfcc7fa96a20e4a11f805da52991106b4dba4def4bbced92defd1a""}"
account_rdx16xwzm5xvku4a5rffwx0r4txcfuedjdkjtqgzmspnn7xzuuvtd9cu7x,yes,694233.9713,"{""curve"":""secp256k1"",""publicKey"":""02f63b1bd3ba220a520cb9f8bf3e36acf8de8399fab8e0ea9920bfb74766d0e7c9"",""signature"":""010b09f95cfdcda5cf991b7f7b511cfba82c50a7fb1770a6b0ab8349428709a7375a9bc3fa71ae23fa27ab17bb6cef31f9b89b31b1034e6e76f807e9043052828e""}"
account_rdx16xwy2m029x0xkkgrcg30t2cf4afnfutt3t2px3m0eff35szx3lmujq,no,1128801.28,"{""curve"":""secp256k1"",""publicKey"":""027cf42332e9386f44f4cf4e08abc7e9986146192c80016199e546255406c25ba4"",""signature"":""00b7fbcbf787c2b646bba40c7e745f13b5323b4266c6f0721bae3920f9ac2c1e535c60a0bf1d1956c33f89f509cbf7ce2d5758dce8465e6f3a0031f57c0c121230""}"
account_rdx16xwfhgtndp3vv9pang5t5c6aeng8yzllr5qmhfhh0m6raf2l3qm6ac,yes,157120.262,"{""curve"":""secp256k1"",""publicKey"":""0378215471ed51f5173f5bd97f001c7b8c89fabdbb6a54903bf7483e77d60194a0"",""signature"":""010dccaadc66bf66d0754c1e87078ff6750f7021924a3a99f81be7134a7d2433fd17f83ceb4a15a2e7848027fe2f8b73ed32c6ca5fee77f6e691c3135cb30c69fe""}"
account_rdx16xvxqa4y46fj4489jv6lznkqstn7sxqgwrwa7jvtf22ge0mwtz3lk9,yes,681746.6573,"{""curve"":""secp256k1"",""publicKey"":""03360f49eb896b6648d8b5a11728cfee487e41290f12e86dd141b76a37b70e71ac"",""signature"":""01dab7b8ec646592ee8a56e828616f95cec29ea193570447774208a5ee895992c000efaa21b9a6aebdac9430eb8fa204f5b5fbf95fa682e720086df2859f6e9bb2""}"
account_rdx16xvwzus4pch0jeus6p2saa22s3nw3llax0f4fdrxjm0r2jx7fa3eac,yes,50215.03161,"{""curve"":""secp256k1"",""publicKey"":""02e7f272202f653909444308a0972cc3d39be84d299a5b23abc9917db68fe67230"",""signature"":""0130a2965b6b2caa0ed9586e364b01eda930a9085966f4f5c602fca4b71017c39a3e027cdacc52f1272d29a6789a4f0aaac10d4abfc9074b14e6c1cea8bf90d5ab""}"
account_rdx16xvwwk0jrsws32me7xlmatwvjl28q0nevpzen473asemuefypselz6,no,4070436.18,"{""curve"":""secp256k1"",""publicKey"":""0270bf245faed7084deadb7db62e2db54e36c7cada7d2bebf8dea41c8eb63bef5e"",""signature"":""004d14e374633eea38d7f538642d422773caa2ea71048f380e443ed15d780aebd87832447392904cf9b42c3500c03f5004460b074374339cae33e4b87b14c08dfa""}"
account_rdx16xvlczrpjjqu4qt9ux2cyex8zpv6ke7ahxm62s22c0c6qrkmd4rw50,yes,1490816.531,"{""curve"":""secp256k1"",""publicKey"":""0382b61b6758b10ad93573d522592292bfa2ebb8f2609f294f759876d2c6207f7a"",""signature"":""01099859079aa76e49873e660d8eb8e8fc276c509efe57cca618f48c3cd2dfd1da1899056c455ba8b913d927128edbb65d51ee2f76732b08bed8d948a0c8226b0a""}"
account_rdx16xvh8zdf4flhfw2jjqpkncw6ed567ddcdku4yhdn0deszwfej8u8m8,no,1091186.959,"{""curve"":""secp256k1"",""publicKey"":""035768a6201d2fe5eb2cd18e220f926d9da34973aa10e6701239e3d1c6c3bfffd6"",""signature"":""014ffaa38dfe9983918f2281a016cda5f1c9d8bc3c38905c1d5bc0304a73f951f00654973be576ad5cfb1eb8736e5293d5b01613d99954a11cf5ce1ac6075703dd""}"
account_rdx16xvfdxr89xvdm20dn56ddq38366jmpl0pu4y4msg2drla7k6z4a479,yes,119.2795539,"{""curve"":""secp256k1"",""publicKey"":""0243c368e86575479a9555b1b9c4a01dae031f7a0462ed9c9bfd2659d932a0e8e9"",""signature"":""01a2589f4008e5049c9f59370900ac7b54f02ec51e1d61c0f526129cacb7c11afd130698c9fdac240f53864e31cca0c36ee6170feeb6e5b4b9b5b02ea3735ab4bf""}"
account_rdx16xvd08jg0pfwl2enfv8vckvlem9psgeh560hgu8plpm9h03lwfaccw,no,1941.046587,"{""curve"":""secp256k1"",""publicKey"":""02c01e95a55789c4c84df75fb37325f0db179021074777fc0187f00aeb2dee6514"",""signature"":""00f4077edee4569944215271d3709f7e8d96d38c6049d057008fc064a2c992c5130fb7381c17de95768358db47ce8f0c09610ff12b68b65b8e986c9518d5e88876""}"
account_rdx16xv3fprttahs7vjmxw594hhydfd63pcwjd7ce6yudvptewqnpa6ahr,yes,1467015.001,"{""curve"":""secp256k1"",""publicKey"":""02fb914c5aa3e497789b741d64c8b82381d91a523c81a0f62cd15d7ee9709105df"",""signature"":""00d354cbc2efb6808e18d65bdf4988497607128a8a783b48cddbf929d7a17b7c14375809d7650842a8c91be502acd2b0613ac25e6ad8ae9afaee10d5ccabadf72a""}"
account_rdx16xv0w809a6eaf4egdhwymzuf3tqccg0jd4ldaj38gvmgdy5mv8knfq,yes,5711234.177,"{""curve"":""secp256k1"",""publicKey"":""0336228ab468bc465c2a0854fd85f98b9bbfcd054cb23f6f969f3a209619d95dcb"",""signature"":""00332799ff2a16f837cc137aabb49dd6d2d33815c4450d911ca6a3a903f651250b300c608707a3bd4022972d0e1cbb82b473dbfff03fc48623a54ea1a841ff7573""}"
account_rdx16xv0t8e7d8qyzl4rlhlaf2txa63z0rguu7m7w2wnee5x5pe082tjde,yes,10.1205336,"{""curve"":""secp256k1"",""publicKey"":""02c3e121860ab66a750785f94ce976d49ec1c181508e50f8cac40def7c63447409"",""signature"":""00fc76b2da49af92b4a3cd49a7e08bfcfead431ad9735aa14f6a71af9d439c73ef055e022f6363d194b1289b0f6fdf620d22775e65adb77c95e08d668bf17b22be""}"
account_rdx16xur0p4a363za57jkrh6tdzrzudez6up08chr5y7wh4sfgk566whe2,no,103227.5549,"{""curve"":""secp256k1"",""publicKey"":""02cb3f43218d838ed5e5536723001d06d4bb6b02397209d5f30e698e35de91c280"",""signature"":""00167075ff5515527101eb3d9fcc20a79f290ac983370347382fd28033490ac43041101a7ccad12aeb3121f9c9fab53f143024c92274773ece87f95b81e82f70b9""}"
account_rdx16xuappcf4zj5ypkqvmk2c2ppkssutem960j4uak4n6f89hxfutda6y,yes,9504832.959,"{""curve"":""secp256k1"",""publicKey"":""031399f10ee7990e1d4b648d570f61d9568469012626b6063c0175347ffdefca48"",""signature"":""01d36ebcba84589e11b8de7de44fddf0fed67c396cdd7567e4fdc0a1189c42f8337c0b6f4043dc83a16027cec72b16054e52a6e466e5376b4cb1a34f2c7e93d1bc""}"
account_rdx16xu2t4ese7n43kurvmhv5cu780quk7853s37ha8ep8s7gkfm3fx9tr,yes,998494.542,"{""curve"":""secp256k1"",""publicKey"":""033428fc2294bdfd1dd43414a77033048e1eb16fc224bcf2490899841e04a83950"",""signature"":""0170c8c751958140f5f33ff2c5a55d7f79bdf3c7b5fe3c7c8f603baea564efc24706a3abddcadf4c753bb0f39a4d7208b986bc09d8c33cad3103379d3a613d0e98""}"
account_rdx16xu29czj7y2esgsm9pjfew7xyc02vpppj766fnw0sdzu4y2tmxzyks,no,72580.80913,"{""curve"":""secp256k1"",""publicKey"":""039f265427e25dd95c14bef85100e8df26a572c4331267ce4acebbee685299642f"",""signature"":""00ec9e6fb3718ed079d859334e53ae248c0b239e3f66d30b88b6476aa4ce8318ff16838d79a38cec387f4ed86a7538503e4856fdb4e062ca45451b8ed6c86514a0""}"
account_rdx16xu25xxuvgn93tg5twq5frepwvz2dqagejqjsh9qfe7mccghc0y5gc,yes,233062.0821,"{""curve"":""secp256k1"",""publicKey"":""03f613ebbc2b044466433d59e112af06e0483560ae7efd16c84d1e17a14746efcc"",""signature"":""01da240dbf70af518c27cda832c06a6addb6799219c824adc90a34d172f6c166a81a8b2c6ba035f9c04bc3049aee45132952705976fd582486ab32c345dc9ce1a2""}"
account_rdx16xtvsze8ff83l9xq65jxtj80cwgnqs3axa6gq4dhtdcqcsqa0p0qke,yes,293836.3673,"{""curve"":""secp256k1"",""publicKey"":""02f08812ad455739171c499e79fcc7840922dc71afc0a0683a3976d046815e754d"",""signature"":""01e49ae8aba7bbfc3796e358728088e028af805e297665bb0b0dae17fc6d28536873fc0b797eeca51a91601bdefd23132fba1a6495c2ca762debda7ce81e6ce1d4""}"
account_rdx16xtmzvccjhtfgn0xn85zxgyff2mxzmcrnl94vlu9mt5ap4ram99wkf,yes,1755405.721,"{""curve"":""secp256k1"",""publicKey"":""03f834daaefff82fc98e284682574ecd0653eab15e2f30ad7bb820acdab652f519"",""signature"":""0041b9ea1f1a59028395ecf42391f86ab20a52730b9f05396c5ec730aafd88acce029c767e6340cfe20feaf420b23502e065ec167aed5dbfb701b433db04c8f77e""}"
account_rdx16xt3vkavpe600f6mv83xemhk9842lmtcl5w36nfckcxjg40u0qjy8p,yes,0,"{""curve"":""secp256k1"",""publicKey"":""03e0b5cde8ef9260733365adcc1127bee908f262c2d8827340f8ed110e39ad7629"",""signature"":""0113d7c7bc14b111537f1f908d0a8278bb72b3734800834d44144d1405497152f53a858670059310f94c28c0d53e9660e5e9af0acd231c9a92994ee8b01ff60b10""}"
account_rdx16xsjjugp4p9qqcvp0umqxp4em8pn06lq3560yl4ka92rexnn5sakfj,yes,3137.040286,"{""curve"":""secp256k1"",""publicKey"":""02836dcd12df85f7c83b7ac2a1a91977bbbb6c07ddf6295bc63601f9c1f8db59d9"",""signature"":""0139638c4629d4859f591d095f9af70293da1dda770ef72e631fae0b0ae744a5a705f0c240eeb29ca76664abf19ce11f96809dd2caf69434ab858d44441cb6aaad""}"
account_rdx16xshw0tguyajhnjtzrdruajye3n3528ugz529vc44av6gg2ynskt0k,yes,228224.1662,"{""curve"":""secp256k1"",""publicKey"":""024a6462914828e9ea65a02544bd1289ff5905774a8ce64230282edbf8e7f40365"",""signature"":""00a5f44b20decd1af2f33fbcf4594c9db0f4f9d23c9e4f14e340f4cf136ae4af8c6dce9dafbe9949ae6d994dfd939e9594957b8de6a212c371fd2878562cc305f4""}"
account_rdx16xrtxjjtwtxmgm0ywxjs4f9kq4pu0uyt5ep2lp8mnjjnkr537swsvl,yes,305680.5814,"{""curve"":""secp256k1"",""publicKey"":""02679ff3146554ae1f804cdc0c53dbf4d4f21852c61c111e75c6a34a580566edb0"",""signature"":""00b5434031a44d2847846eaf652bb6de537b2bd7f7477c174532f00d4dc78506454554c7e38009dfc1a230f64af19f99a0d6c2c0843bc431b59ec58a4657cc9123""}"
account_rdx16xrtntkxqyl8r6arn8gcm55g9vz96sely0ce5ua35c8n0yyycc374v,yes,40.57366544,"{""curve"":""secp256k1"",""publicKey"":""03e768ca07ea2da4095782a3facbc451d2be0073563631a35046fd44109f1d1fdf"",""signature"":""00555a2eac5c678830b7dde7b05b9a451f5d16d6feb8b24bc66738cff9fe630f646f4d5fe972363eecb084aafb559b4438bc35f591ae731adfc5fd626108629d86""}"
account_rdx16xraq6hp6cpmy3rl9h7vul0qnff00a8e3a3nj9cqr9gcyn7v0hw6sa,yes,0,"{""curve"":""secp256k1"",""publicKey"":""0331fb2744fbb284b38d468b7ba39d9af74858553a1a9da5f9a146f30b85332fe4"",""signature"":""01382aad27d1f2e17e0bceba09fef7c60af54f5dc8e17d997bff4e99dc5234d3f41499d323597897b5727f5192df26ef46f940c1669f535b327a626aac934b9fb0""}"
account_rdx16xqx0ljztftt7pdpujwykdantnr093du472jvk7l3p60sadqkzggv8,yes,841613.1369,"{""curve"":""secp256k1"",""publicKey"":""0387fae0aaa4c2eec8c003f62c750b42343e943ad3516b10f70204f38cf32cd2b3"",""signature"":""00e0ab2ba6c64c6f67d4c83b17dc859ebedcab83999f041886c0d3b2d1319d47ff1920860572a1e3d8d5a858463ff1b6a439c5fab285fbcb17d753533e803975ea""}"
account_rdx16xqpkw4lujmuuyt6hdqgjutdlu0d7kqlqc8sxsxyhtveq84stmh28g,yes,23788.15169,"{""curve"":""secp256k1"",""publicKey"":""02bfaa6eaabd4f910f04f019f87109f449c1e9632a4edd0f16489fe0356a21feb7"",""signature"":""0140d84acead66917590da0e61b0a34f3e51dbe10b345f2bcb04ac48ba51a12bb71a8a700905e1de3bd043b252af9031c4154fbf9680659337b1dfb885da5d09dd""}"
account_rdx16xqp2drktsdkxm5y6kt6k7f7vl2yc5cjrn0mqjjwjfcqtrk3ex4h2w,yes,12.11850102,"{""curve"":""secp256k1"",""publicKey"":""03aa417c821a5ae45e686fea47c326a7009310c600fa08e91ccf61bdcc04492405"",""signature"":""00bdb5b56821b027e22f21949f4edf0200ad2f289a4702c7b47a7f1188fc68f814022a6b9c1b34e00c782932b279e0f02ae2b05a9abf4507b22409732003bde71c""}"
account_rdx16xqc6rv7gmq78glrd6udlx0p5ze49z5j8d0p5ghzzfd7l5evdsx8hy,yes,0.00582357547,"{""curve"":""secp256k1"",""publicKey"":""0307baeb05552268728e5448ad34c2b09d69ba4d4c466b36deca59c314c71e2727"",""signature"":""00504abd15b9bb7e1e47cf879e0ae9a121c0a2b9a5069b7acb00812191528252f711f5f5e4bdda53b88d5d3bf86056151c988b07bc1f8c31d6cb1b63e8fe56cebd""}"
account_rdx16xq3w07chmzxstd2q3fk34kcrauknrjsuyvpwzvcr6hutnynw8s8nl,yes,0.988734,"{""curve"":""secp256k1"",""publicKey"":""03258b322e5cd642ba3113dbfb5727162733dae925ee37641168e26fc71661a489"",""signature"":""00b0be0c3d2c3cefc8ce2a3921ad9697d0adf4f5f342ffb3198cb9246daf5c40fb3601786dfa54d38cb18dd041d9faf8678f29593899f8792009bd064ec3eb7010""}"
account_rdx16xpxyuzqnhjucmgesa9plnn6ztznq7m5a9wjgf8t6ktt42fxwtgg9r,yes,188541.5024,"{""curve"":""secp256k1"",""publicKey"":""02ae8f402d8c54da07c31ac21d370df9d0aefa620d27025f41a78cac276a2caab2"",""signature"":""00092989d71f6502d6106398cad4673120dfb126b68932dceaea7f38e88e8142d93504d11ede6ac018da0ebeb3da47435957b484f5ec10ca71c3a01c9a9267f756""}"
account_rdx16xpl4xs8a8w5gr96k88jdl5d3yh9me9fnn9fanfjlxzngn4jjd9d09,no,19.47242081,"{""curve"":""secp256k1"",""publicKey"":""03e238003a4341377a82acc063ada5bfb8f7507b58cc9ff938808f425fbe359bcf"",""signature"":""0026c86ce77af354eb6d7fb0929feadba871e52892a88405d5bf3c87ba25ad47e276e5335b28ad7f93a6050d005cd9c669bbc8fc7c84fa9b98ad584d2f20bfde90""}"
account_rdx16xpkqrnqdztzl7uwlesxg3gqejcr9hpt4xdq6fqcp5c54gv9jzdx7e,yes,27263.90672,"{""curve"":""secp256k1"",""publicKey"":""02364a7cefe493f26c3a28bae7562335de3c1d35780029885e452c940e22ca8812"",""signature"":""00af9a94c7d77fa0d4da615effccaa6bc1334e511394ee944a7e2bb44c0327cc4701166103690d62667dd389cd442abe5482c0f65720b305e40007a63db30e2c79""}"
account_rdx16xp8yqmf4pk72gs57qm3w8cawdnf6ywtdtldf3swmwe9ff8wcrhguc,yes,28.87698503,"{""curve"":""secp256k1"",""publicKey"":""0386f53337b73f8cae57c21174145bc2f24c9e251d903550aca376a28b8d1c62f1"",""signature"":""00b6f101574f90c5e84147c77098fabd7cb55fe6e730f020d68875bf4f6f45cee3076945ea862ee9d3d22e38a66cf996b8bf674c2d82aa2f3824462898a015e133""}"
account_rdx16xp3dx6ge03mt2w38sn7f2vd9em7snmhkpg5ncsrhppqsj3zrasskt,yes,1188.459902,"{""curve"":""secp256k1"",""publicKey"":""02d5cf457b97fcd9775625c85d59327bdd21e28444d2de9e9df8d71169ae72e42c"",""signature"":""0005087897870796c6c61b66e35b57b51ffd812a53a6030dcbcbc8ad3545f5da3b48f0d19a35bfba7e9c7fdf84e7cafe25275c7cbc6fbb3305397d1370117e4178""}"
account_rdx16xny9rvkx2ugkwulr6flst2gm33a9yadcqdpuxu97aheyfcen42te3,yes,153.95053,"{""curve"":""secp256k1"",""publicKey"":""03a629efb3e5a7c08244008853ad6dbb27178e13961cabdabfc973bf3678775cc4"",""signature"":""0112144628ebab42b0591449b3026351382fda00c8ce04eb592231fc56fe8a904c6266768f65ec8d951b1ab5441bffa19cf6e863e48fc101219c99cfde1960b612""}"
account_rdx16xnc8xz8jvvv2n6jccyhp3m4lmamd965ygp5252wsy25rgceyxaw8v,yes,122184.0529,"{""curve"":""secp256k1"",""publicKey"":""02774befd759cd165da40d0e3d793e4b7ea4e0b280b0424bd761c1cb0a2effaaa0"",""signature"":""01b0f7d2326551882cbf0bc8003918c07c4c15964f8ccc26cfbb017b3f6738b55b6f52c098854152f32672624d22d49083239f89d1dff9caac8ff99140b7ab0bd0""}"
account_rdx16xn8yxa274vgqq7pahl9d7qp3jr84drcgh4v7usna6cv6sr3j28qjw,yes,605.6608492,"{""curve"":""secp256k1"",""publicKey"":""029844f8cb7c5eb3f86322753bf7707ab458edd29d7f9eed2c68934f1d49e0ae6f"",""signature"":""01c9b85e882098d54d22905a4075ec7bfe62bf077df682e4566ccb0f54aedc9b194faf65d78f6cfea50e3b1f6b271826212fbd981c223f09044c5179717ad84532""}"
account_rdx16xn8kqsac9fe6wyux8xk7w4m9647mwdr96966df726f2umd42ewgye,yes,23903.83914,"{""curve"":""secp256k1"",""publicKey"":""031cd275192d71fa1e2863a59c82ec2e97f3e9d4f90ad8a8669211a06d34004e1f"",""signature"":""009455d6753a949ecdc4cbf73dd65af913d8e7266f904e6d100d6a18d9558330e51cf290c50554bc3dbae822756d241ac8d3e05f8a6bbaf84ee8a15c0c5ae4ebfd""}"
account_rdx16xn2pfs9u2sgxjqwy37lqlze9csks55aqyrvpnc8r75hm4qmtzf9p0,yes,43802.47903,"{""curve"":""secp256k1"",""publicKey"":""0351f76df7dd18ca1c90f3cedec2b278e1c40f600cf14d163125eb01764c99c0e7"",""signature"":""009e86f88d5dfc66804405d612f3a46512a21228c88adcc472aeb8907506a0f6ed4957bdf144b308a7299a0c40698f983f9be909e30d380f485eb4c75ec20a5cd7""}"
account_rdx16xmmhwyxhlm7upu6pxv9dk34m4c36duf7w3m8ecq9xzm6rjaazpk7y,yes,50702.95345,"{""curve"":""secp256k1"",""publicKey"":""0289d411da990cd98422c4e291f56b27e645670a3966a2c8c06baae2cdda9b0e63"",""signature"":""008c55eca6660bd9bc493012718effb9f285506755cc7c1386f9c6be1c956068ed64b2f589505920bf844438965282f543da833faaabda0d53df8b83c336535ed4""}"
account_rdx16xmm5m3d0h565qwqr4dje7pqk3ce4qqa2hc0atme0ednq5u7rx8fya,yes,1056074.622,"{""curve"":""secp256k1"",""publicKey"":""036993b8bf6d59957752d6c921deb795d281796fe94f50e3dc145714f022fcc4c4"",""signature"":""00db8a5bd101771c228e5f00404a9c572ca138904ec62ae4b7fcf9fa3ffb61a7283ea280e8c5c45a3b832c76c77374daf20ebbdff668eaf5672f88fd4785bce3eb""}"
account_rdx16xmd0dazne36fu6yt0tvvf7gr0sveytztl638tqfdx3g4va8spvret,yes,19514.93667,"{""curve"":""secp256k1"",""publicKey"":""02fe295ff7302d7b7b2dab66650ebd24847a0c97e2b778f9e7c6fd598310d3dde7"",""signature"":""00c290eca0105075cf9fb36964da966ed9a2818b68747198a82a8978da200ae7133a53f0e3ca5431e1c13a4e90cc64110677bd24f5b491718917b419636ba60e33""}"
account_rdx16xm8t9w8h38tk5awumrce30qzc8hdttq93hk4z93hr4a6jgyjmql0g,yes,31957467.75,"{""curve"":""secp256k1"",""publicKey"":""03cd3cd230bcd2980932435d6977b76ae1f167aadf5967d77781f8d1d736aa9a0c"",""signature"":""0068a46542a15afb4f1c4258e70651337510d2d97053cba02f25cf560518f0bb6d1d0edcbb33018adcf87087e7870ee2bdd9b8a71fdb52d7dc44f2b817c8b2b7d5""}"
account_rdx16xl3xpedvpm2yufvsu2ja2mrav4f98gfe7v5xjff8ku6036mdgycr8,yes,23168.82755,"{""curve"":""secp256k1"",""publicKey"":""029ea538d43dcd91b75fbaf962f86b861414fff6cd900dfd6e61b7e53e52a59934"",""signature"":""01e6ea5f282d49565789a66f6f4fd36a7fc74681ddfe4d61e62a09362fd0514788111d7905a1a78c533b8e4411b29a2cfa2ea8e59242b2e8b127d603796beae6e9""}"
account_rdx16xl2vm6n4d97t5s7gdt5gc45ze27l8ufqc056v7hfpek9fya4np9r2,yes,2.268342537,"{""curve"":""secp256k1"",""publicKey"":""033c371ffc154c9530c4013223213c73cac7f9c344d5ed9c609146a150ba05272a"",""signature"":""00f314d02312f1a8250adc5c1a850a289e170c830e7e89a56d993a11b991273082208ab423771ff636b8b9c70f14d9f71025408d69579b3cbd6027758b3b50b02c""}"
account_rdx16xl2ax30k2u8fmlwn3ntl7hc9er9j44pp0mtgvz89t4pyy0hfng082,yes,45452.0761,"{""curve"":""secp256k1"",""publicKey"":""037386caf0891c7fb575bbaac6a36220a1bc9a1bb7e070cb9e5bc5d64e70900050"",""signature"":""013bbe265878ac7f5ceb040e0160d15146cdaa25e8154aa7e67a80753b98d7b53c1977f661472691bcc5f4c09215a5f728b035a7c67f49dcb57b412b5956496ff9""}"
account_rdx16xl22523h8024plzxsuvjy9f7wcwjsajwrl2hz0grk72xgeztf29u9,yes,67173.299,"{""curve"":""secp256k1"",""publicKey"":""03d1112ec950b4499176f224d158a76af16e2cb7046356c9c0b097ad5b1ab38c62"",""signature"":""01603dfdf574592811f55997147bed46b82f1010b99e143509fd2d79c728930c6f46b0f6ee08d70ff8c75b60a3c9d2b4672136992ca71f543ab954b2b662f6113b""}"
account_rdx16xk50tq5qea4ujgf3y0k5x5fpt7s6hrsx2vwyyt4n8hmuxdmhuvpys,yes,14142.85417,"{""curve"":""secp256k1"",""publicKey"":""03e9016467aa7c631eb465b7aa0990c1bd412025a7ee7b5e23f51cdd392cc73318"",""signature"":""004b10025b2503514c70fe10d189eb6efb60ae45e62dc50276399994d9c5116eb4608f0c156d347482ed680df7ef97478b4c8a117468547f994c2200c622579799""}"
account_rdx16xjea2q3j0pyhwu2lpwcch5qn4ymgh2f0yp8rhg8753ppg9gm3jeuq,no,1040.329169,"{""curve"":""secp256k1"",""publicKey"":""0355dd0d41656c4e124794093d4aa2757f0f583376f35002abf36b1e64079d6a9d"",""signature"":""00a25d92821e84e640931a6089a4c083ef13637cba79ceeaad4ffb40c9d0a07aaf1d5f44b97725b80d07048ad8b8a0852720ea56cf05bbd252f1f0bf99fc1877ea""}"
account_rdx16xj52e825fs77rhgvsnl8g0neya5thdm5ye0jr823zszek6mqzx29s,yes,1024946.274,"{""curve"":""secp256k1"",""publicKey"":""0377c5d7fc34eb1ba4ca87a0881aa3a05dabd90987fa8facaa318aabbbfebb12f4"",""signature"":""01b61fae4b54894ec95c137d7871fb34928fb91e9dcae2edd9ab8f326cdcb65614593215755634f611fb611d5be72fd2a2123080111c87a53fea05bcdca6943ccc""}"
account_rdx16xhz0tcdplq7g2etdw4nnapngr5rv4u60cyfuklql8e4pcqsr5ertm,yes,255489.0416,"{""curve"":""secp256k1"",""publicKey"":""02ed13c63c5d41141125687fa4f25b7aa2d77d702aa80b1c132a80912dac70902c"",""signature"":""00e44abb1a3b0d9309f15ec2f10268520c2f638ba8dbf6da252292f921cdad57c804b5f0c3651d0eeb648e23a61c3be286704236081c1f117b59744c2dcb93d633""}"
account_rdx16xhttyawsaxlfyfq0x3s7e45dcmfa8dcvgj0lfk4ldxt7sedt024ru,yes,1241362.346,"{""curve"":""secp256k1"",""publicKey"":""02e94da291ff76b0a8f7653a9cfa3b83cbad20e7ab4b98520dbcee35ccf1de559e"",""signature"":""013f417a91eca0a586533bb1f1e52ccbf80801b6210ec8a08b4d9558c138f1a2ad541b8f97f4dac69ce6528683146c36e11bcfee8390c855d735adddd687efc019""}"
account_rdx16xhek6rlpxx2kv509z0d9aq5ygyt8f8yh8de6tx9gkw0cjmlcf53jt,yes,199.5753812,"{""curve"":""secp256k1"",""publicKey"":""03da7f797793f4d2a494b09c1c67af9b279db649b578e987a7d2b62b357b0535d7"",""signature"":""0110d96773f18bff908c80318bebb5f9e4ec168d1301f1961ce79afe8be26395831e863127c5314dce66640c36db325e0a834be77a9d8b4c3688b88ba9037e251a""}"
account_rdx16xhe8zqt2d5x45vut06m3qyjfq74ykpn2j930uj2psrpysz7xutwsp,yes,238.5818091,"{""curve"":""secp256k1"",""publicKey"":""037208e90af2f85ab023c04297909b8e64ea71af871ff1062a50b32a39755ab9b6"",""signature"":""007843912b104b3b361901b17958eb01e69a2cfb49cec96456fe763710e2a30c4e32f911281eb82098308960a70703bee10db126cd1b2c5658d0876903085346b3""}"
account_rdx16xh93fqtr4k3nmacen74vc8utf0maugq05m3v0w0f0upayg88rcemc,yes,1497.195358,"{""curve"":""secp256k1"",""publicKey"":""02d80f47144e183b705a9864ff2447c359031ed023a3a8c7da81d96b9c7957dc2d"",""signature"":""009685c602193ffeadf5dc73997f955fcceaeac509bef841c56713b0428e2fddab3083c84050ca4d81e8685765d22663a3816c6d0040c2e4de23859f6dabcaaa59""}"
account_rdx16xh92slcs7ry67742x032esl6xqmuwlnkzu8huumnv3rljztzurzex,no,2142.590666,"{""curve"":""secp256k1"",""publicKey"":""0271b56e3d8a63c37fae7f28c13544dd1c3461856c3fe3b15f013df5d385621b07"",""signature"":""0139a9a59f3ff45f72501111ef7fedfe18d5d8231431dd2c0dd93d436e083df84846045ae3a47dacb931dd1e9531716b7124e86a1cee2b869e1400f452a63d3c6f""}"
account_rdx16xgmh793m7y2yrjx5h58ge2s8j59r5mvyncwuemdpxvhh4r8pvl75u,no,49056208.51,"{""curve"":""secp256k1"",""publicKey"":""0280c5568e122a79f762ca5f1619846fdb3218e80f2d1b7ca198c53d600be1a40b"",""signature"":""01679ca1f3ab530a3b56a5059d3ce6a3986acde4e229997f143fd2d6e327e7e2e15b4a1d63aacb11b361e4900b72319c49afd1e8519b333aa20ab8b1cd748733d7""}"
account_rdx16xgkv0kx22l6gjyx7hwklavcza8mcqgzad3uwyddyt9fujtandtz06,yes,59050.2285,"{""curve"":""secp256k1"",""publicKey"":""025208362d1daa8a8e1a1f2161fa23eb36417befb7823e6bb5359768e36fffe8a5"",""signature"":""01eeebd3a960ddc5fb9d0a9a513cf9cb122d8e05535725a898e5eff2ef07c39e7d2531a3264ef8d8b2c047899bd91368fc5646f43324a826dd469675c960e1c974""}"
account_rdx16xghat4r5p758gesyca2z3tt352q0pfqnp33wgpqkz9nqmgl4ypk4l,yes,1019483.218,"{""curve"":""secp256k1"",""publicKey"":""036b77e36e0f9e752d3cc54bbdf6ca641b7c073c9ee76889e442e1df5b1059d47a"",""signature"":""00e67e20add5e1f3c117c100f3efc2f77f3354e623af0a2e64f0f3a2ee67b8dc5948dfb113f892c596a1d2e79e453d2efbfe89d9cb0c8a11937081cbec1586c57c""}"
account_rdx16xfqcklqkgq3vtuy0afqj0fy24whd6dx2yvhzgpwxdazqv9amlq4s6,yes,702582.4704,"{""curve"":""secp256k1"",""publicKey"":""035edc71426248085558fb1956d3b233ace76e29806742581ab86f4244f8aecdbf"",""signature"":""01184e0d5918fe57cb05abc47579d46ef0b70d895aeb1fe2603adb4e9e0e2034707bc3dbe38bbc148a5c16baa9650bc84e251d011445c890639d21f1368c26ac52""}"
account_rdx16xffax796lsy4hs8mewpekp8rx34xswc2t63nzuwk7lglze33x3mfj,no,250000.4493,"{""curve"":""secp256k1"",""publicKey"":""0393ed167684423eb81f894195fe33887739364382ffbcf8c1d182b41b9c076d5e"",""signature"":""003bb35ffc726ccff7f45bae83f9f31aca32ffcff09993532c2a5bd97f68a326d35f6a6a6557c3e1849e32e73911326880ea43654a465bd7103e1e52b3d46d0953""}"
account_rdx16xfe7t9kjmtap8jn50ltzw2mpfytuz50gkwg7c75pudf4qzau7e2da,yes,3.589515314,"{""curve"":""secp256k1"",""publicKey"":""0276ed1d9914ddd1f649c1a2ef87e6c52d652631de39632a13c25f736bba5d5832"",""signature"":""0136be53744baa830cd6ac713e07c30dce8f9867a0123eca764bf3d626bf1523e048322a29e94589146b1f0ef33d58458062f63000bb93629109ce501446f3844d""}"
account_rdx16xf9pxkengzu9ynfxpt7uevdv3m3w2n5d48d4aq0rqc7lcfhar80q8,yes,17620.59162,"{""curve"":""secp256k1"",""publicKey"":""031f9162d64feb56b4a6d86212da5d96354e7f8c26e5dcffd5fa8c1da834e0dd2f"",""signature"":""006e5e80f914b12d6593dd1c1fe432f4a0c22a03c99ac41212cf293c75ef4223b66da4e574709a9813c99160084e0f79feb4d1c420be6709d2546b83b2288041ae""}"
account_rdx16xf6yjh4shyh4ksccj3536zrgnrlp0ps894kt30mmr6ru3dzfqez66,yes,0,"{""curve"":""secp256k1"",""publicKey"":""022e385ce7da32a61ac79a1e5d09135f9d52ebe0ba4d2586184bd1127fa4f14985"",""signature"":""01ade9b87ee0fe09c7a4b784e7c953430dd211cadd4828a7d02536fee3c137c89760999fcd4e9586470d394dfeee1f84b96572f92c67e962aade6f2f06803c25af""}"
account_rdx16xf43pchnpan6d2865u7vagqwrpa2tfsy0a9emulh7zxe85xta58vk,no,27505.67298,"{""curve"":""secp256k1"",""publicKey"":""03f764c7b389a99ab89eed464b73ec882289c6572bb2face04e81aae9f5aae3894"",""signature"":""00edf79816006cebc5f9b8df967c7ebc3ea05945e0cc247870246a9d8374a328730ebf4796013eefe9102c940b52217126bf3ae46ae86855f40a90f1697c17f490""}"
account_rdx16xexmqf47nkcp6h73fne8ljd9330z0g74gfkluu6szf6zea58y8gna,no,0,"{""curve"":""secp256k1"",""publicKey"":""03a9d48c23c4a7cde70e622f62a5d4696a956c0986d09ae44e8059097b64e5948d"",""signature"":""008884c435372af74852b488cce4d5cd71e6fbfb1419d65f003a66b6bb56817aef3277f0ffe519e5742ad589d4946b0876f5eed26434a2c1fedafa7b7d8ad755ee""}"
account_rdx16xewls9ducsfsj3wja8v5d5lls382fznkjq859j5jamaqq0php0gur,no,1204513.529,"{""curve"":""secp256k1"",""publicKey"":""02fb9d3ee40dc3a4615931ae9534246c4497a0fcf49bddab1981008319de4506a2"",""signature"":""01ef513fef4b1cfc36f5739c50b4874dfb05f90c8bb0a2c9e63cdaa71ec6d292e46291d9f52019141eaa3f0f919641322755a63013c18a93cea309f0910fdf64d5""}"
account_rdx16xe3usafqwurmc7u9a3emgtrwvflpk97xl22vvj5yufxv0w464sr9q,yes,8558962.899,"{""curve"":""secp256k1"",""publicKey"":""03833910952ddcfdfb7762234a45983617286962f90847b2647aaa9c6fe33731fb"",""signature"":""01f6979c20df87bc8f65e81f7c633a1e3d40a58640fc55ba9b287e9b5c7f69ec4549c884220bcf7c4e9a7dce2316a72fc4c09e0968089aa3731ca647270fc887ef""}"
account_rdx16xdy4xv9c4qdqkke3l9cwzvkwc4zj94k949uvh9ztqre46gdrsnvpm,yes,0,"{""curve"":""secp256k1"",""publicKey"":""021b0c0deb1ea735220179bc982e9cc6f79cd620b31d5e1b4736b71a8fc48d2f1d"",""signature"":""007ed17123818069ebeae42cc789b4974d277cc8e067b9548124e8b9f3d1cfc37003970871628309024c06341a10e1a8e9cfa344616de83a12bd78320caeb6e0b1""}"
account_rdx16xdw9plf5876v4n0hl3n2pw724vd7zr4tt8wvsxh36azgcxv489crm,yes,95.08867807,"{""curve"":""secp256k1"",""publicKey"":""03274f3ab1086774128e3304c17ab546d8943bafdc68ca27f76282d756573486ca"",""signature"":""004a0eead6d1c1741218ccefc8847ccb5aa984e5ccdb0e8106ab82fc3efd5f5f83153aa5f288ce34a0e1ed15d26d0682f40cf174f5074a30ff774c47ad47525299""}"
account_rdx16xdljht9v2amqafss2ddfyacqvt76wjxdcl4ykgw9r2vnn3ncwkwgw,no,292.6264029,"{""curve"":""secp256k1"",""publicKey"":""03ab79dee2fdc4388d3bde80ec81f5e8aa3ba609f5775b5fdf56544d829e1e9d14"",""signature"":""00ca90bcca5408f9c5176bdd60221446e1dbec4ede05d91719723c47f7d57abe6163f3b17097cf15aa4ed4abf1a7ad945e8169b33178b1e551ba646514cd588553""}"
account_rdx16xdh375nfgmmx03arrjx9zamrg3p2c9xfcggyga0fu36w22qravhcx,yes,12574622.04,"{""curve"":""secp256k1"",""publicKey"":""022d64e0f067409dec190e7030ace91e88a9b98d1603ed63bea4e493b97672c327"",""signature"":""010438f6c30287fd0705ade452e16f73120b78febd66aa1e6f04a9612727ad97555e7c95a54043590f0fb0b8eee17908542f33e75b41149f15028973628a503914""}"
account_rdx16xd9xm3ajzclarescv8ezh42umyxt38t2w32kvv2fyj0t4qhfnamy0,no,72.12307451,"{""curve"":""secp256k1"",""publicKey"":""029e2ae7a091fc5e958149ff18a63217966ebad1f30094b17fd27e8c0eb2f6cfac"",""signature"":""01ff75a4f586e748c88eb508d7db4c1e3913aeed59077fc9b564a2dc07260b3a413f5b4f060aaff4c73e9cb360b4f5c65cc34d123cf3cf52ee14c1ee7eac4b9a4c""}"
account_rdx16xd984s7af55h0cjn0tdp62ggskvlvpm3rdja8u2szdkm8fsj7x8m0,yes,8545.624376,"{""curve"":""secp256k1"",""publicKey"":""02317009d4f4269d37d693e09a351e85e8d293852fb844c790e126d96ce8544981"",""signature"":""00baa75191832acc12cf305faf0601065547252695c407bc2903e6b72389dde6a40df4a73ea11e40e3c108f61846207e67216d78d09a23aa74432ac65eaefbd41e""}"
account_rdx16xd7w0akufpgac3ypaqt8cmera577ycvs0p25puzkm2vh5zjzf99af,yes,0,"{""curve"":""secp256k1"",""publicKey"":""03dc13551ded1538d0f02e2579b05d8e0d491698be2d97d5754b3881a54e59417c"",""signature"":""018edcfed0f67f5ff2e73659fc86087da9b84d089df224584279766a901fe91df25018a2afafa63f558e94e49e30e68701f654b4e05aff79a1cfbb170a7c593d1f""}"
account_rdx16xd6dzghftwgmg9w2vkq5rgpx65z4x9zthshtxsyrgpx7xs5gxa6sf,no,45313.44402,"{""curve"":""secp256k1"",""publicKey"":""028668880cc93edd94c857fb07ad5e551476d93b62e7b068005d7ad90377c0a2a3"",""signature"":""0034095265b30a9b84efebc7bf6ecbc48e634158b9503ef0e42282b1315b852f6e73d9296393f9315f1605fd3578c7091dc0154ff7fc47d740afcad59634ea0e5c""}"
account_rdx16xcqznzvm58ud0p4ug08xn7848nl6rrtxanx9p45t7m0vls3pxkvz4,yes,1314521.454,"{""curve"":""secp256k1"",""publicKey"":""03b405a2d9f681b09b4824b9c5f5a058ad4022eb1fa3d80d840c911500eaff7277"",""signature"":""0172e77893683afeef887e3773b03ec95846758aa3b9ab50b82af71ee59ca7e4635cc5a017fddc6964d85eb256eb0240cb23e8944c6274b17507596e021cc2064a""}"
account_rdx16xcqz38xfq0csxewcw27aa37tz795k44aw9ta84kwkguf6mfl693rf,no,2017175.899,"{""curve"":""secp256k1"",""publicKey"":""02a6de0f611d4826d19473325b2c4fabf8cba230f6c31aee6beba8bb9aa08c9138"",""signature"":""01946e858960f1b4ae8c8bb537c5ca5bb95dc3888a0f07ed15d03d9f17eac6b7832e766c8b0ca3f9ab4a89b21c5a142cdaae47d8cec4ceb933decad3d045c7c677""}"
account_rdx16xcdqxmlkfjj9ejd9rrru3amc3phsy7s0e6fkw7t0wacgkl0cyyewp,no,0.6250988221,"{""curve"":""secp256k1"",""publicKey"":""02787251dd6f83d542ad019396cf6f7fc909a70c42c7e3eff139e41cb4afd1a4e3"",""signature"":""0177c5db18e4a6062a92b5c85f46a3f8aeeee038e68a63acdaf7d199c7d717357a79b960a0eeb4f85e13496756b3b0b07a8e5c82607bb3da16b81b3cad80bb5948""}"
account_rdx16xawjmuuc0xrcejvrs0qrj7e39yj3lk6n9rt5vea8at78ywv56fv80,yes,618572.5451,"{""curve"":""secp256k1"",""publicKey"":""02bdadb0a162911f187e7e24664bb76193cc7214180563375c82fc6a5d9ca4110e"",""signature"":""01e70d91ca4bd39227969c91512c77e013ac20ce1ee61a3c5e00b369da083a74c52060d9b5ba9c3d884e338e1623d58330cf5ff8874702cdbdfb4081fb415aa73c""}"
account_rdx16xatngn89s65exeprvpr6d3fm038nmj5w0fdwe20lp459rzs6q204h,yes,199652.1055,"{""curve"":""secp256k1"",""publicKey"":""03d060289d9484a22cad25d523326f873418c0c5ccc8c5a9b56208e7de5586123b"",""signature"":""012957b735892e3a07741607a54edf5c188615d24ac9ea508cac232fb5fa75950940d0494ebba424c0b643dbf68007709fdfaf76a0ff99f6cdc5897049d6270cf2""}"
account_rdx16xasls82spem6f3mv2nwhy2gk0svfqkfecmkpkveaqmxe4jere78vu,yes,42962.34329,"{""curve"":""secp256k1"",""publicKey"":""023b186776f228c356f52b8277acf46a599afd23b461925ed759f901fbb57edfad"",""signature"":""00bd0c1f0375a8f659af7325ee2d72bb7356d4bab5ea0276d10640415033ce3d0b4f920408655f8ab55ddf3240aeb6aa103a1529e07af27f6fdc5f2657ef028bd0""}"
account_rdx16xaqakngprajm39prlgrnetsvdtpgun76u8k3qy4v2984gww8tth9c,yes,1937606.391,"{""curve"":""secp256k1"",""publicKey"":""032108cf6c512442df3907731d221dceabf185f4af53359246b8a7090b545a1b6b"",""signature"":""00614eee99f6cafad88180203fd4e46d6f78d0652f92b1883ac1735ef36d2cb20e451974e5741bae8e12d1c8a7624fe04e62ff479c5a556765bd3900b4cb9ce3ca""}"
account_rdx16xapy0wmvy92afc7ywdk4astnp036ccm6vx38z57e3enuynxjd0aaw,yes,1.9111868,"{""curve"":""secp256k1"",""publicKey"":""02565b4801ff9505731b3ba4c8ea8f93640a6595388c03e7b48e455319a83b1d61"",""signature"":""008c6b5dbe373ab97daef385d4ba97bba83f922ef982b7f8fece3a262bd1bf73ab29fd381df6a4fffb1155e178724a459536c4f6ec482f389a3695fdc4054690ae""}"
account_rdx16xamuguvs6zxr4x579pvs0nv23rw02yzvalalvu8m30c6s7kk24wvn,yes,410732.5869,"{""curve"":""secp256k1"",""publicKey"":""03b027c0e2fd2a007237ed8921fcbe6e803510280abfceec808940ff0aa9ce2ab9"",""signature"":""01dcd1170baff16a55fe7ea63f8459a8dc6c02eeb4d2acf2dd80b05dec8b5198d179c9acb9866976bc34e4f20468c90febbccddb905262197c98464ce4f86c5221""}"
account_rdx16x9mp3uqm4zx4gq74hhdcsc47lvx3wkkhat0659tts42avtzjsc78e,yes,329245.3937,"{""curve"":""secp256k1"",""publicKey"":""02481f55ea5458fbb284059f212cffc4622e7d2a7bd898860fb96c50f4c988cf02"",""signature"":""006fabce029569cc38edfc82b01fd604978bd54d128ac2daca3a33eb79fe2687ec52d07a6a8d7b04c592f1a163a1d37429c4a02dd041a1751f0e3d43c37365c832""}"
account_rdx16x9mmsy3gasxrn7d2jey6cnzflk8a5w24fghjg082xqa3ncgxjqct3,yes,909417.5701,"{""curve"":""secp256k1"",""publicKey"":""02814e4f8b18f260fc42b81c7667b3be43392ebd11e7271e31cf27f59c93bf8468"",""signature"":""018a77d23cb340bfc290a366e97325f286a4c43e40ddf118d67008afc39a5d09cb255993975fdbe9ab81003a06c34e7395bb76462c294a5c270690823610d5d072""}"
account_rdx16x9ff4lc7emfvqqfzqt983htzzjpvhj9tllqe8sfmxkvl4mntur3xp,no,116298.7118,"{""curve"":""secp256k1"",""publicKey"":""02e61df4d999f5d42011e795b3c89129615860e8d0aadb47612684671310b22ec8"",""signature"":""00d64def6d8bc1d5b66c6f753646c0801a3aae59984331536311330c9b95d4e43237e8fc07bb78662af88cfb11952227d925e48ae61c4f342b87925978da7d330f""}"
account_rdx16x98vnvyx0zuumcz9l3r05ey8rszs6wh75tms0tlcrxcfsk86j97g2,yes,4.486880375,"{""curve"":""secp256k1"",""publicKey"":""0293bcf5cb77e3e2e1075a3ea78e678dde76756038b5327ad19533bf71a3196a5b"",""signature"":""015dac914e7f602033612bc16ef4ee69ac89170f924f645fb5cee11bb075b9154a5daece9eb07b6773dd43da44ebd6fb4c54c414c62ab4a6e953b020c5354602ae""}"
account_rdx16x96w5ngejup79hzhu4x6lgtem7jx5k2xpfhfj23yw4m6s5uwmquqw,yes,1455016.428,"{""curve"":""secp256k1"",""publicKey"":""02285981743be69954a51b169154c1f7552cfa0bbf6e195197e75ad93fcaf8bb84"",""signature"":""00a0fa7dd2330623a3716b531b539e155a90dad2fa288983d1a53222c2336d60cc412454870a8556a5cd2f4b88b1576f80d5026a7761dea9aa718863dc1e05114b""}"
account_rdx16x92gtzplk387r9zrl99cekrzfm9ex8y793qcsprz3cavjxxr77u5f,yes,120.7123174,"{""curve"":""secp256k1"",""publicKey"":""032a5f878e30d9f7a1980c906cb0661805fc58bce66f1bf1e682566ba18243d004"",""signature"":""008030b6b81621ab81b35e7ede49ed8f0d851439c2f732a127ae74c32d84ae50e2129bc486faa5c425d1e198cb4b521cac0c6cb2143ec191897534b2388416a11d""}"
account_rdx16x90q8fun8pgwve332t8xf7qp3wrd4wy9yc5htwrav6f92efjg3ar8,no,46157.41356,"{""curve"":""secp256k1"",""publicKey"":""02c56a352e171cb4b1c36882764cdf41aa7b2a4f90ced2441003b3b417428e1691"",""signature"":""011a5ccf5a2f5c2c0918ca293d0d962808c735062fa2179f498b316f9183f342f13d5896579d3890ca6cec839cab42001dee250632ae74e5df3bfed0df600a3451""}"
account_rdx16x90lzydzhkm4akte66awtekwufqm84u9kkjvyak4vkd6xnlfk9zrj,yes,64512829.26,"{""curve"":""secp256k1"",""publicKey"":""0236a459fe3c895d5f3a393d69899b0ccf5a8066db40cd751bdd9a746544e0c740"",""signature"":""00cc8f72976ead65845ef2ae845c3078469b425f736fcce8df1d82940c329010fb584b2f490e5681c9f70e0e5ba0c4f9278731178198908046b554af0be29a2216""}"
account_rdx16x8w0h293ukszzyzaqenf40xdk6a2updmgu7jldr9gjk47hmzqw0u3,yes,1120949.295,"{""curve"":""secp256k1"",""publicKey"":""03a5b504f35752265a5dc85a18f44c7c2f7fcb1d399b9b43bde16c0a8629a8d764"",""signature"":""00ea40c6aa9a37957967b4241f3fdb36be175acdb8803693ddad1ff457d6f159fc69f1bd4e32b55d0f03c230c25023a46d85d396593604fc8a39199662e06d504d""}"
account_rdx16x8ttmlrzjxn3nt3rk5af7s54hhudfn0p3scqduusvx7r5wkmw3c08,yes,1254.342995,"{""curve"":""secp256k1"",""publicKey"":""030283ea7bb4af29a0e96474a36ff0eab07ef708502ad2973568b9c16971f21bdc"",""signature"":""002c7b9ae865054449db947043d9e7bab22cbea06bf8d174fc5123c0ee60a283ab0aaec1ab9c4467ffe09cd6b312f1d839960556da844eaaf053a414f53f200795""}"
account_rdx16x8ps94q3rd8snvwcya85ajfkwfu569e30vg3jp2dq0v2z9tt0js5x,yes,9013885.357,"{""curve"":""secp256k1"",""publicKey"":""03496f544c3897a60e40425acb569b721d88b846f36655fd24cca08592d9c29cc8"",""signature"":""007c487fd968b328af13c0846b084a4adf7213ed4555cf36eb332063cb0d4fa6ff41a2f8a77fcf38f5f2f3d325beb9de42e380faeeaaf2ad299bdf444d454ce2a1""}"
account_rdx16x8p4n8tzr4cfs0cjvjxe9ww9uq42ncktljp44ttt5damre9rcfnn6,yes,21410428.57,"{""curve"":""secp256k1"",""publicKey"":""02cf30052f2b6c72e4472a7463355864fcc6f13d21ccc2450fd885dbe891faf15d"",""signature"":""00bd5e2fae2b052f330e9009d1b877b7c9b1d291e6ab3bd67a372e253c6a14b10e37d7b42bcc5bdf6bc984028be957e593105341d5e531511d8eaa3c8edafb6a83""}"
account_rdx16x8kpyz3fckzqa8plv36hc0kfujwdeaeq2277kqj99rkcfjspzhqun,yes,31165.29675,"{""curve"":""secp256k1"",""publicKey"":""0244157563b927a6e9eb4d91fd8858fd8d745cbe70f9f7bf0682e9f3a8ffdec79d"",""signature"":""01506bd893bb744bd3ad25cde7315c5db5641191566972921a03c7dfafcd21c9fd6da6da76a1f8dd6cf05f12bb15134508cf1f048e6445e7a89c919f59d9b0b014""}"
account_rdx16x838n6l2flefas4ps3j6nvhq5gl9a3hc7rwjez2lszeljel2geqgu,yes,384118.2892,"{""curve"":""secp256k1"",""publicKey"":""02aa9ad84ffc22069c2fb9b93947dc97aedbc686abcbb3fc9ddb10a17b9d11ee8b"",""signature"":""0035cc3bf9155a254c73f1ea48e20e33d3ab1c7cba40356015ba99b449d585beea3f2783fcf68b1dab91e7bf3f838a9bb3fcd2e4628ab4267e1e0e9c2780040b7f""}"
account_rdx16x7yjdnp079csn0lt77506v80ppfdwl08r29d3cvnqryaxjewtmlvh,yes,100.6360573,"{""curve"":""secp256k1"",""publicKey"":""022428eb51073dce5ce51968ef7890aa9bd4fdf2507e8284c2279e8104f3796f5f"",""signature"":""0056558aa4cac0879b803542eb0c92ed2adce9241881f9e998f095bc2b6159f1970653d5ac4679455a5f04a8bc2380f38258070422d650d3135b239572d1599210""}"
account_rdx16x7xr6uuuf4cnnyl9xpwl69x7gxq8j4hp0tfuelcfzm3s2a64w3tdl,yes,1389009.303,"{""curve"":""secp256k1"",""publicKey"":""0290136ee421bba423157b32682c5492533af41d7950800e384fdfd799696d3855"",""signature"":""004d04cdcfaee4a826c1bf13b465293fbab36da62fe79f86cd1901870a8d98791c258912c9525d44211e529844a554de65c2c23b3da39c9a3c00a0b9364552c7cb""}"
account_rdx16x7ny2hggnsxgwcut07kssu0p0kzrxrjwyprfwdqyw08qaf8j0he6r,yes,72169.22714,"{""curve"":""secp256k1"",""publicKey"":""02caf7aa8392a9c4c4e90ef4220b1776d13f486a9a60f0d3af812e3814171e1690"",""signature"":""01c74e1f8706d871b2136ba9f2c93a8850af6ed994584a4210ce0c2923cab1a9b13399726c2b8d19143ab566fd5a8eb43059e3e7e6ffb071462f313bf15a930342""}"
account_rdx16x79qt4e98y4hy5vhcwdlvz28629mh9dpplerfg3nux5px7ed6rlhn,yes,2691.427346,"{""curve"":""secp256k1"",""publicKey"":""0324e8cf4b8cb2066f42d7c17888ca7ab709a60c7016b72077df2e8734174d37c9"",""signature"":""005aa122e6e67d6cb5aec1a43fb2ea90beb5a499278090fdb0a84f2c98a37d15587628195509616a043b4eeb9c3aedb566677381806fd0f75447a9abcc551b3eac""}"
account_rdx16x785f4qqk7jqgd62qp94ghx39njjf8996ah98tvg8sz4he32zlym7,yes,249241.2306,"{""curve"":""secp256k1"",""publicKey"":""038c91df78557aec08836131f56127dc387cf7984bf7d83ec2dd86dd1fb5a9aa12"",""signature"":""019505789c886fe0a8eed570bb9f65b5ff031843d37045a0a2c83adc5fec59c8bb037063ce00d130e3f08f52e2211a92556af0d4b3c35d4c51fc464a08d3c6f11e""}"
account_rdx16x76rsas58pcvvhl8rql57xjggaj7jc9vk73q322jef56239lea0l3,yes,62441.35427,"{""curve"":""secp256k1"",""publicKey"":""026045bea9c4d145c600fb9744c47e9c7b04296ddb2bef44cabf47614f212e04b1"",""signature"":""0115479a9f2bd4cea9dcbd0587d70c64e8f55e3039e51da62c24117c1b459527d419515d6328d45a331e5cabf6e9440933415c9b364f1772b64e9c01a1e08643be""}"
account_rdx16x70ek99k6t7vduq3q9c59xpwy5s3f7tx6pa5pwvd8mlv3r4g3jd39,no,246088.7408,"{""curve"":""secp256k1"",""publicKey"":""027b344614bf71c93a0caf6404a0732fe0fa16b507a35c1d6219206b469662b7a1"",""signature"":""00d5cf82471ae07d05d0f4d8104b2c276a32c1168bccac385b4553b0cebf45ed2d7f228d6aef7bf1193df98280942344898f9da6eca547c2f653705196c5bc776c""}"
account_rdx16x6vh34eld736667hx4t6eeenjlnyg38zkfhuyat4z66fd3mgyhz06,yes,74904.43878,"{""curve"":""secp256k1"",""publicKey"":""02c9977748ddc7f50850c16d660d061889f6ff0a7d4e02dc69d8c39c76a02f409f"",""signature"":""002d17791c6dc68af787eaa5dd50600d243426a0aa1bfee6b9ec9318bc737b252024aee933f8f92935acfcf44f563ee054f03a5e61e5487025195c4e614e9f2989""}"
account_rdx16x6mqvlmfcahlxj5a5w8lnpdqfhjjnckk8dlxmlez7005l2dnvxd0d,yes,127.3258926,"{""curve"":""secp256k1"",""publicKey"":""02346f5aaaaab9aebb0638c9d099c15d04da4dffb4e9383aa8ffec8282bc491734"",""signature"":""00a44087ea8d9be9d038c6acdc5a203a9b3ef724565fc5bb3939d9bb0b02c143b35a066d2391ee20bb1559b0d1796935b5be0b65537c04b15e0aa5b4cc1aa1d9d2""}"
account_rdx16x6j7lpqg7c06mwdjjqrqhqm8h0rdkfc9c262czl3zhwdawuw026a9,yes,0.3035974136,"{""curve"":""secp256k1"",""publicKey"":""03fbed2b2f548b327125d3e013ff9ca349e5a7dab89ce4f90dc4abc8545eaba22d"",""signature"":""01edb1cb1b70bbe53fec7f597ba7bba4315a85e83ec597e3afc368d5a09ddaa6947863f80207bce873387ee5cded855fe8d2363ac9ad9c239a4c143674e344597e""}"
account_rdx16x6huatgaaxucch8prcnwq6uv32lhtp7uv5a4yk0zd8hvvtt02ffz6,yes,334092.9359,"{""curve"":""secp256k1"",""publicKey"":""03f577836f5a9c96972e334193fc4cff1810556bca3152020b07facacf3f31541c"",""signature"":""0108210c36b2dc12a1f3266bf4d949ba17e4d392b9f6c240922f1b168562bd77fd573a14508f9d089056c0983b1643fcf1d69a969fa94059d22f3f8dcc9ddd3ec6""}"
account_rdx16x62qza3ykxch7t632qtur2skym27xlkydv4vyyuj3pyeqh4c5df9k,yes,9003.482592,"{""curve"":""secp256k1"",""publicKey"":""02dbef4568744fa09a9aca4b327e6d9f1eedd7dfea5a267e0ffeb2ec4ef8e6e121"",""signature"":""0031a64fe29686067c682002f4bc2675277bf624806e5ff0eb8086bfe67dfd56e460461a046d6561782a8545bdad1ffcdd8cb404ccd0a369559a195e10f003ff5f""}"
account_rdx16x62p6353ly0pz8k3et6pjlpeex2vuynmnphkm95uvpeuhg778ap7m,yes,99708.60296,"{""curve"":""secp256k1"",""publicKey"":""035608728318572276e597ecbeb9a8748c05a5e76c54186891f190c5adad98ef6c"",""signature"":""0158a5ec3326c64ae990448fb17099c47afad63292e4a28fd9c308172c3710936532c5595df8ff41957c38fcf833660113040a8ad10c9679782dd6f678cc7f7755""}"
account_rdx16x625sgyvtpdfpesfu6ekapk2c0ertx3zejx5s3p6ew464veet3fe6,yes,9831376.392,"{""curve"":""secp256k1"",""publicKey"":""031166a6dc4d2b15bde26bde4910c92ff0e39e7986fcd50ac399dcb6579b9ed624"",""signature"":""0159632554234f0b5450316a7d873f5cdbd4b014e563aa49aa5475522825bf857d19dc3851179d1c033ac1da01f209cc8775602d59b2252d0d24f506e7dcf027ac""}"
account_rdx16x5rzvhav9akdm0vdfpxlq2ndj7f3a8l8xew63k5kl4dwwza6ep3hr,yes,0,"{""curve"":""secp256k1"",""publicKey"":""02ff5838d4fb3f59d5155f1fbd9a74a277159df84a1b66547f1c1d5e36fccc5d68"",""signature"":""01bda07b6abade94ec21b3d2364b5ab5a871ee230496820c04b0302d83a4298041656ffca33f6d03c6993569f1972420c240cee378934ebe4b08b7006b6334016c""}"
account_rdx16x5l69u3cpuy59g8n0g7xpv3u3dfmxcgvj8t7y2ukvkjn8pjz2v492,yes,98095.2248,"{""curve"":""secp256k1"",""publicKey"":""0237363d6342e61947886f1ce398c5202156e435600313404e5fbb4bdf020cb91a"",""signature"":""01e6511cc318cd41f35b795580a785e049115d8108668e37c303323cefc337495b23b7d77b27111c86c376bb989700b48b5cac7c91e0dc3298d98647646912c53a""}"
account_rdx16x4sk0vn6lng2pexf7fuwga988hgvtsqezwzum42f5cunzpskgwgsq,yes,0.9812199404,"{""curve"":""secp256k1"",""publicKey"":""02f2e220e7f1f982a91d7c8416e3e9eee4bacd5e3891b45d6c18984eb74f70dcab"",""signature"":""0050307b6d93a47a225f18a70d08faa000ebfb7d984c2c3d95f089be8f0919a26c7d9f14d6221360ed2c2067701e41c9283f7d077c05918117e8dd4e83394229b3""}"
account_rdx16x3rr4q8dz74fp8822v5ncwps8stkdr2kwjrs4604gw4fcpcepfk7q,yes,1076132.811,"{""curve"":""secp256k1"",""publicKey"":""0272128c295096e512fdd4a29d371fd53811237608ee9fb44bb95797b8b0b5bb65"",""signature"":""011f13c40edea2b46b90a0a765a389615d1782c9205f4393a57d6c8799d865df703bfc6866befaa2d6686d7a77f80e33c92c953999fd04d4aafd2f15ab98a868c5""}"
account_rdx16x2l35xq384f6d2wdhcjgurguky0azfx3ky90ajsmdlkghhydl78yg,yes,0,"{""curve"":""secp256k1"",""publicKey"":""02f09e459d10ded87a833caa659bbdfa793b717b935bdea839a20e16c7662da727"",""signature"":""00972be87787c7bc4a0d092f1a5ad913c9a045e0b6a6d7bf916bf8ec5d7db9c2644ba85af47601f95df4230f076d0c9edd1f345d4555f1c608de1fe2618aadfc7c""}"
account_rdx16x27n9h5uxes82lxkawruntqfvksuky3vapenqzwhv0gkad0qljnce,no,60843.6983,"{""curve"":""secp256k1"",""publicKey"":""026d6970de1e31648939ac8b287ec01780417347cb24ed274a4f2d217e3fcba29b"",""signature"":""019a5e59b8e1b904ba9736d0570f78a8ebda525720d51d08f0bba1e65e120b9e5f3b8dd798369de23b47cd903d811f2e243a8839eed4cc91ca3456b27d06f06102""}"
account_rdx16x0ww3d8azspxpqsnj972xqdl2cg03dkmwmazdlusmvum2ysxlgyfq,yes,0,"{""curve"":""secp256k1"",""publicKey"":""03b4fde66fe46000c09870eb81aeca6da84602e0c0faf56fb112730e6d36633ec9"",""signature"":""01b5950640d615ab096331031b1d3379230d42d82b9513b8ee324df3f79297238f1976a1c65948af5fb6a7e06998ba8a49dde7894899c7ad0dc36adba84fd2f169""}"
account_rdx16x0u3j2x3pw3w0jr0p7lzdvk07xuv23x64w9rarf9drn4736ttxf4u,yes,118068.2436,"{""curve"":""secp256k1"",""publicKey"":""0245ea0756c93741133a36e420d3f51d46f44f976ffe015988291a9c84788e95cb"",""signature"":""0037a245a62e4f5d395745528bb6aee748ca09e56b7184806b09ca74e858f6cb2342c24effd606614dfc371b7d686dde6f80ce9a0b6e3382571f1c1be958ee26f5""}"
account_rdx16x0kpt5crnum0anjnagmy4n2dudwjhmagkzmapt2fckrry5ltjdc8j,yes,14501043.54,"{""curve"":""secp256k1"",""publicKey"":""03d3d8e5b6626e46815a5d3305f0854fbe7d8473efa792683d94d445512dd74446"",""signature"":""00e50984b38b2088715dc5666ea2132948cf846f868c0e7d6f0fb3603f1dbba8410371ea001a026ac5de587c4333fad6252090f01475d598fdd61e3c0d8d16cf01""}"
account_rdx16x0c789nfg3lssjpcktzku7um7j9eeuqevd8kahummfcys72q84wm9,yes,79.17699796,"{""curve"":""secp256k1"",""publicKey"":""0324ba12795c97dd3cb1dc839ddf27c9675c0afe98e48d453e2f4448e8a04d4b7d"",""signature"":""01b1ee5cb143e8b364b7d8974966c43570516ba2788e468efe00af3c9b61a9ecf031de156a3c4bfba8084824da0dbd9449fe0d7f0f3be070529c3f5e5a6d8e105f""}"
account_rdx16x09lqmax6utlx3kdavzazppzmhusavcuchxqynvdms5cy0lyut0jt,yes,0,"{""curve"":""secp256k1"",""publicKey"":""036494250cc5d6da5b6c0517a2378fe0009db6fb04e33f5324b2a3fe4cf6e40a7f"",""signature"":""01ad814fe0cb3a70b6220f4fb45dc3246e8a7426867493d80910b0b57688a958dc75d1948676ba142a071bf150d4c0df5daea5e14b6c035582e6d3560fdf88e363""}"
account_rdx16x04n7gqjv3p5v9l9e8km7rhj2rcks0pzlmn3pcan6xzzlza2stt3t,yes,102213.9936,"{""curve"":""secp256k1"",""publicKey"":""02d4cc127d3ac4535641a1bf4677250af2e073889392a32ac1124d1f9923d62f6f"",""signature"":""01eea40e142408632517643c99e7dfb93bc60ef9c47eb2113471b3a82ac5d1c8853b95d0e0ea83c7356feda9fccbf4fd555cd46508faf0bc3d551d3bf7ed1c1d90""}"
account_rdx169zzvkdkcgdn97crz65yq47jpnlaga3acpntfkvh8eym4nnqaa9pdj,yes,25787.18334,"{""curve"":""secp256k1"",""publicKey"":""03a2aec6531641c3f2459e8d2586f1473e54af2fa3daefdb6a48f007e4a00563ae"",""signature"":""00b58bad171193852b71f3749e20bbe956fc90979ebb8720215fa3f7afe0dbe0be572c448739416e8617e69c5e50d4fa90c9864b543253b1e6db571aa866ba96d8""}"
account_rdx169zhz56ul5fy8r9mqsk3n8y6lsms9lujgzjsjk2kh4cmn5xfp4g29p,yes,47539.53871,"{""curve"":""secp256k1"",""publicKey"":""031483b6ba8e03a504781e41100431096982582ae71d31bcb602e4fe6b4f3618ce"",""signature"":""000540c05e7c10e55d214797d2bbf413c5e2464a3d2285f0d2e2969d5692f8094d14dc45207126d6096d064d93963f177a4c8001e0bbb592709ed4cc354dc58936""}"
account_rdx169zec0lxxlqc0n8vlh8s739q5tkrt9evk34ktvk87hdvuqaw6ygd9e,yes,281.1519272,"{""curve"":""secp256k1"",""publicKey"":""02eb8e7963b8945fc41979627f5fb31087333f692c03300e01309cc49d19f5d99f"",""signature"":""01d46fa9e67d61793d6bd40b294a0b5ca6ca487d26c9bd02f5713848f125f30cb27c181577e8724d7a8c62d2b0a8fb7b43f3823e147ba4cbdc7efa8f4e6d433087""}"
account_rdx169zcjmt97fl492kxk3emheuzpqeddgfc5y3shv9tv34r3el4aj2cka,yes,69545.78001,"{""curve"":""secp256k1"",""publicKey"":""03474b85deaae0d55b8d6a0b6ab243ee71f24483d89dd6d3b485a957825057be39"",""signature"":""003f7c164a013cd5d2cf890dba4c168545fd563705e4cfd4188cb61bb21f42a9785ce0a12d4b4d96006056ffee069307b9605fd5fa58806d1048caea0ccb286cc3""}"
account_rdx169ynua08kucw3qq8phkzf22dvhs92z0jzhw6uwlzgxx7u0kd8yz3yw,yes,0,"{""curve"":""secp256k1"",""publicKey"":""03aa5116d4f6526d96ae7de0ab300505048365375ae44529d259f6c753e7dcb9a1"",""signature"":""00075792683a5ddcc924d98fdf8e5b140f0823bea16f29d6b6efde063e377af79a13c623853042273c111f913430e937bfbd20f968d0f4d1453104c7792961f5e9""}"
account_rdx169ycp5uvsm7wd4cs5xwzzxrw6ykk3v9mnjdrrzuezmcl6gkm37j9cz,yes,145932.7251,"{""curve"":""secp256k1"",""publicKey"":""037a9040f145f91306e17e768ec02abaf58a8cab55ab1aed6acb720fb00ea5a704"",""signature"":""0105c0c3cfdda305d29fe1bacb72861eeb263b4cfb7f9038c6b63d2682c346a5dd7d76567a1c62234978d067e8750bca241145723730fd40805c95e533195be918""}"
account_rdx169xuzqrujse45sz40xs3e5grcm3t4j92wpd6czj7cqq57v3eeezuxl,yes,2469.762665,"{""curve"":""secp256k1"",""publicKey"":""026fbed30a6a2a9edadda421f8877890ac0aafeb0adeceed599560e5955dc24601"",""signature"":""008b70d23cc9b22caa8848d43cf644d4a8100d8d7f175b2d163e11fcf745b2bf33515408fbe295c926dcd23a061a01b0e821ff3b44ff224d4bb5a426edb598b8cd""}"
account_rdx169xmag76zdxrshl9p0gnhvk5r2pqygj07zu95jftxrm4xwy36dy24j,yes,478160.5492,"{""curve"":""secp256k1"",""publicKey"":""02d2c23df032c6bae82014c380146629f47e4032c782dd4db263a04a366eaaa578"",""signature"":""011eb59bdf250a50c48db440eca125615baca9204b99cbcf4b925d0040491215085cc1f9e6105e99c26016a1db2c195be6309d9163e9cd17d62095ae6cca87f746""}"
account_rdx169xf7tj2nyufgtr0ftnauxayptvzuzgagadgmh3nxkvsxh4un608rs,yes,65717.71155,"{""curve"":""secp256k1"",""publicKey"":""037d4a3b2a8f3bf96a076e486405869aab04df938d67e5486a9e22e17a64d93f2d"",""signature"":""00bfba79f0e4c67445b8c9342e40c87bc4d8d13e41dc44d769e5226d530fc91ce75889f6401c30777c1c324306a08be41cfa551b993057d6668103d5ea55fa986c""}"
account_rdx169xcspk5jw4zwfk4024n6qz06wtfrt93asqvz7ffswlkgrjcr4vrx6,no,131491.9803,"{""curve"":""secp256k1"",""publicKey"":""02562a496e3ad30a8114ce341eda2ce34729c1e7eb795ac69cf02672da57374afb"",""signature"":""008f3550aac5a31173ac28e1904d6e2e6301a6ae3995f4bc734732c0fa66b06b9445dcae461a876c7e7a70de35d125ac23e82dc778dbe5bf09fde9b18f117b89d6""}"
account_rdx169wx24h5xrw0cldmp3fp3a4fl30nfmkeu3sksk3mh6cfst4l7dc3zj,no,64775.22252,"{""curve"":""secp256k1"",""publicKey"":""0259cacbd42b2293aa9049a6231df291b8ea70df4d086a33f6c065505b6b73a93f"",""signature"":""002e3ad2e687c35525627fe6152725b41826dc6a12933479a61594d1c9862477746be2d4a85767b1633783495a4c7e963be13a42eb5d56447355f76f5e64ae37bd""}"
account_rdx169wmrcer4zzgrndvkfr5fspm6s2t7cuuad9l2gqdzq397rsu3n2dyd,yes,3645979.776,"{""curve"":""secp256k1"",""publicKey"":""0390e59c2df0885c4bd3a5d18d03b80317561b3cdfc502cddd89287af704b59902"",""signature"":""00d83ccbada294efaf6cbb8a7f3c57b334bef659eab506a5f5220c48bc155aa75e59cb5e3fcc8f52ba95d5f252a83d6ecb6f53e7a81b2fce01184aa4f84d96f9b4""}"
account_rdx169wgqry3v48z62t6jgagd69lwwqz2zju5gye5xvju7z3684a0f7gr9,no,1634488.046,"{""curve"":""secp256k1"",""publicKey"":""03de6e4be8a3d50c207f86e5755cc97661e9bc8b2591fcae685a0f2b85e5daf2ed"",""signature"":""00d3d9477802b3b85800eb04a3fd3d3c96724eae0a9c4ff12c989ef8ae6bc031a177e55ad2c5441d4ae3ff89e6f36323c65a309a1df96337cc28131bda5284a82d""}"
account_rdx169way752lq6uuvk5ehwm5gmgtc3qpl4lf4vzrwp8eh2m8lhqdcxmd2,yes,3537.668568,"{""curve"":""secp256k1"",""publicKey"":""02901025619b1937b7522a30c9570c74c26a5e9864d081b3c49b22bdc36f33c83b"",""signature"":""005ebfd14d3b5fa049e59580949ce34565bc4fc866a1aabf044db995e781f7facf7bc0a779ddf86fdb189be4badd3d31acc9cd19818bedd2a0c0ea587bdd24d3ee""}"
account_rdx169w4umkspmu2v30hyklv5p2ld745274482ctl6n8dfxlm3m8qdpm4x,yes,118943.8659,"{""curve"":""secp256k1"",""publicKey"":""0255cdc94484190148535115eeb0b524feebb8cbf98564e1a81bf9e5bcc4c0d20c"",""signature"":""01574727b557cd2807e5a11f9a451ca51487c5790140324aed395df4336a43489527672158758557de95ec9bacbb0c2082a6c771ee5fc5dadf61803f5486fa21ed""}"
account_rdx169w2qcqncqlr4jlrnshup0zvvd6f58p4cn7can8y6yqgg4ednkjtr4,yes,762641.5346,"{""curve"":""secp256k1"",""publicKey"":""03ecd8cbfd66ae9a28947869184359d5c7f1b3827f3ea8f681163b879c6a0e1fd0"",""signature"":""017f58c902c19e02ff893e7a94c28ccc2397deefbbffd810e02e3b34a42d30ef594612a7f7f9bbd53217bf5518755aab5e7704e489d94e3c805177e155d8a46739""}"
account_rdx169vkvktqz7fx450mwx00wm0p6ad8exv4wfv2v4vgkeuuksgl6xnkxz,no,3.713217679,"{""curve"":""secp256k1"",""publicKey"":""02e1d2f12ad0bda520d65879ad97976f2f2cebeb85d285aa122a15218178bb3385"",""signature"":""01f2fe113c4d41918bf0c58a5c58e741325941a01b999182c0ae83593801933bac7baeaba32382d6eedd796b89488b7b8e530c2e788cc30a817c8e913d5089cf03""}"
account_rdx169vflen58p64nm3rgemjmqlsgkhfhg5kjrdvp3f9k47z5gr9ffaswx,yes,8755.827731,"{""curve"":""secp256k1"",""publicKey"":""0294599a2ceae443263a91b4c83ebb6c33c1bc392f324a9530d69d261bb36ec939"",""signature"":""00d526ea228e2cf4a5c9f0dc57227c081cac387f128d5ee769ab56efe6651833ca0cde4eab834f491a7f47e120d27a1acfe93a8fc3930a8ef09af25ccbdcdeeeb0""}"
account_rdx169uy028vc5qrhyk805g5fyq465tl9qyf6nsdenthtdj9908r4zyrkv,yes,10348807.81,"{""curve"":""secp256k1"",""publicKey"":""022cf7522f995915c8c1d04dce19b803caa331b30ce553f73bdc7989ac82816074"",""signature"":""0119c2c24b3d4fc6dfeb5f87f5374c2d1a574998e38712d869a80eda8bcfc0f9ef28ff82475f0c23fc20c89b47c3a8453f994c69ee52d5e746ac2f3996f33ddce5""}"
account_rdx169ue6f7nf989kvpm9am75n8jjsp3x92ecsdxq47slqddrgyzgthfzc,yes,404615.5837,"{""curve"":""secp256k1"",""publicKey"":""03626111df534e2a78e69da7d7be8f47ba9809196b8a6c9b4e63dae47093769d12"",""signature"":""01eff73420128d94308b422bf6960e3db0d71316eee2a60d1ac185972b793a89dd1a142f9384f315d0938c481a2b9feb1c31e9a6017455d95faf87bc03e9a11803""}"
account_rdx169tupwzlekpexwzxfl5pfr55g737p3pp4wxhv4yykxf6n7jfnhs05m,yes,10201.36798,"{""curve"":""secp256k1"",""publicKey"":""0343295bd8d429ce5e1d08d596013d1ac7791345b1122a92c6192dfcb3f5f4d77a"",""signature"":""00b738806380eb7365d7d9918c0fa20e552a13950131f48e04f9436d1ab53215217b58547da65181b91cdcb929bc9b7f42e613a964e886710d617a938781f5e70b""}"
account_rdx169tpreaczq4edvex3nwv68zcv26efzf492944pufcwfnjxc9lzv7sg,yes,2767043.753,"{""curve"":""secp256k1"",""publicKey"":""03de6691b99532cb93f0bed285793d5842d1afbc0bf9fcb45c03d00683505c0d58"",""signature"":""010c82aa975be2f81139462ab26778333d2b082e158984cd99d9b714c2f31192ba0439bf3530f4d1e391c3720f57ba0b649a7e8054ececd46c018a6dcea7441178""}"
account_rdx169tlewgyk02scf9h08w5yytu8zcdzwjxqeh5h9k49qapyx8xsmv0f3,no,95549.50823,"{""curve"":""secp256k1"",""publicKey"":""032996f4f6bc11c62491423b7287e4d281f8a8a450a27167f55db64d983fcb9bb1"",""signature"":""010a5272ddba63596d080a337227d30325f2dc77bc0f795ff4daf288bc942a26893f51b2f443b02e7f8b5df8c9a661ff497470fcc7d597b2fd226c85e948680ac0""}"
account_rdx169tkcg6h9xyqklu0pqkqy3px2js3w9534su959vq5jezxdn30s0na7,no,53539,"{""curve"":""secp256k1"",""publicKey"":""02ecba7010d69fbcd6adbd148a5b2fecd361ca0ca35c4e51cc7debecdbd935b830"",""signature"":""019c8f65c017b62187afb2b40effd59b46b84e2fc20940e18c91b8b4b8fdec49dc0ff3787daa18fcb7dcd211f29ce86e5d7436cd18fde6c1fc93b34f478b66649d""}"
account_rdx169t9z9eaj9ra0ej9vvlsxqdjk95vcrscjpqk7mcyz2fvn88c7alccy,yes,64.27339354,"{""curve"":""secp256k1"",""publicKey"":""039699e49dc9bb5ba791d674a7a011efcd1db7013b217e0c8d35fa1ecaa8fd6219"",""signature"":""01355373a50e46e0a0eab97ca7b4a1e7380a8ac22be8ad11f231454343e63ac30a2126b4775d2f259bcdb2283c27111f9d70b053af97192b5bf24751cd828cf51b""}"
account_rdx169t6mpuref435j6dgwrlf9855d0zd2suulxxht4z7dpcswx8jxp4ek,yes,238662.314,"{""curve"":""secp256k1"",""publicKey"":""028e4199e2d1c9a8cc3259f10c3e736d6446320f2f0bb1d107c2ad2102eb7f71a9"",""signature"":""013c8834166eb89b596ff1112c47ad414f2220186db0f73eadaa1a0d538ddfdabe26325844aeb61e8f4634623bbcce3f9063c053402225fcb6196bf2fa0ac1b5c2""}"
account_rdx169t0z5e2vpzcry30gd4v8e35y32cx7wvg0lg5gwhxwdzpscdmlzsvw,yes,3877459.963,"{""curve"":""secp256k1"",""publicKey"":""02ce8d673d314deb502657078a629c322c7252b3ccc54c1aed20f26100a550c46c"",""signature"":""00e8352fdaa8b534099b04cb9e592208c88c1a517fc2e6d7f772c0b1068e3c7b5c06a2245451f954de2c7d40e058c6d6ab2c96e59b406ebacf2b1bd7f5c3650d5f""}"
account_rdx169sx8s6l78xpe282ynxep0ersd00jn3e2jjjwud0y0xp9294deamj4,no,680921.8288,"{""curve"":""secp256k1"",""publicKey"":""0399c990f8ca78d2e49db50b0263a06bd1655cacb31e7ddfa82c73e1e8c5c5b748"",""signature"":""01df67bca95485e299a96ea877ac0e83aaadc448e4c1e44b349d7b3112e982a21a732da22c4095b560276cf2a565bd026459b0d511adc9d215f841950721c1eff9""}"
account_rdx169sx2l8fn6egvk5yxd7vxk8c3gn0afnywtyur849pxlc2wdhpympcs,yes,25820.88362,"{""curve"":""secp256k1"",""publicKey"":""02c23361850651a8f67f5bc8b600e8c991025af1118513881e0bb80c403ac6c3e9"",""signature"":""01cf8327c85cb368e1c30fa61bf971bb0db4055436a27c594aadc41ff6f5691ba94c43eb152170ac66daf2c781a6a5d49cc065e92234a01e5e94b7e1b3ea543f1d""}"
account_rdx169snk8l9kmkgtf43wmh65rxvpk7l6aghmvlqrcg5mqkjrslalfqenu,yes,391279.0775,"{""curve"":""secp256k1"",""publicKey"":""0320a01594826645216ab75cdc90543d7a845164aa21ad9224d275cb401d8fe0e0"",""signature"":""0164a20dd38b12d09de303fc359ece2f4e47b4add46d0154d804ec7efee9c9bedc1cce52d0cf827b0e1959d5723fa451fdbbaefb281988ecada472e8a5a088dc1a""}"
account_rdx169slj7jdq6a6sa4d28el5gudpcwwffe6ugztmqpz0knur2087l5rsj,yes,2265707.158,"{""curve"":""secp256k1"",""publicKey"":""026655cbf9c1b8069b6d32c064b6eb6a20e6991d78c286741dcb242425c10a81a8"",""signature"":""003887377cba4f031d72d7c4aa950f22b6f6ea5412d6550f15886b74200689b40c6e16d50ea94f61e16273a5339c8c9f75bae4ba1299dcbe11054e6f5c913c6200""}"
account_rdx169sch2a30zsn28s6ew72ff7c4kh2jacg7gav3p0gdgpnuffuh5jldt,yes,564937.2079,"{""curve"":""secp256k1"",""publicKey"":""026641715b19b10dd843025d90d0f7741dc122fb263de710ef9a29bc9c2f0f7548"",""signature"":""01a2e3d771ec5a1dd1e5c15651e30deac69f23224ceddb307bb84e916ccdbecf603ccef9330a23f45a9386b316e093780feab2956b88cd9dc824aff19ca2e2caac""}"
account_rdx169s4fnvwypsjujzzlxjf7zzfqm964z7fhsg9nuuccu7nf66a2eu0ef,yes,3117.436358,"{""curve"":""secp256k1"",""publicKey"":""03358ef213ee72c1f04c668e07b68ccbe307b29af8e1073778ddc9e246d947481b"",""signature"":""017d8b416e02a5220a2e0cd6969c1a95e50885c6abc5297fe46c1c62e0dddc5d256154c41ba3199d027ffe77e661c951be53ad68503c8005e31a4f3ce5343cdf1b""}"
account_rdx169s2wrdjlaf8spv3fftxfgllagmefz74ytkfagmfyffj9knhu5p37w,yes,0,"{""curve"":""secp256k1"",""publicKey"":""02f355ca0e54194aa82c44bb0d4b06e8b52a1cfc6d487861b5b26d38e051b45e8b"",""signature"":""00a9ad329097766b5b3f95665b7546ebe312b5518615151e91bc5a038e58e1a5c12074eb2771f1df6c25a8535e9907b5baaf448badd6fce3de008ac9648bb61427""}"
account_rdx169r7l6jmgxr3q0d572tmr36ja6qp6dmg2s6rncn6xjvw2sg0cqeglc,no,37671.39945,"{""curve"":""secp256k1"",""publicKey"":""0394872471384fbcb66c1ac05d42dd20131d091905d64e30d5da8fca6aecb824c1"",""signature"":""00d45aeca388c74d69ef4fd56fa9b9c7fe80030d4ae1091ae360c16ac9e6fd30446d0b062a86c948ffede4ccc2ce460a69ca0071237b8e739df969d6c94a3fddc5""}"
account_rdx169qumpaj7nqgnh2rqaskflm8jcjrpwyrk2g3ktel9z9w3jew2aa0nc,yes,175417.5603,"{""curve"":""secp256k1"",""publicKey"":""034631b6f5ff5aa65cb74431f77b7c1d7f3348646245d09c0f501057773e5d2d35"",""signature"":""007f129d2d8f8e305e9731a67dd85c60eb0dc876c52586d7d8d203f0fdf417b166797b3abdfbc080e03bd81b5cdb13f5a2a3cbf367cd672624f3e6b5ba8ba9c0a5""}"
account_rdx169qqrm6wkymjr2cfwk9q6n5fma8xx86acsua3affxzrtvuljt40f3e,yes,16702.66008,"{""curve"":""secp256k1"",""publicKey"":""030e9833a1fb2c11226ddb85e6e39c9755b2213a209b56fa1043006f868bf0ff0e"",""signature"":""005b8f9079a8d57bfc20b795d882c63acb6c839568fda5a87b9852c8f36f1ea6eb367b9ac2ac5a873e42a72870dece900b28dd3cdf4df1eb7aca54fcbe70a8b893""}"
account_rdx169pqp5xmch9um48wp9yv0ndar2waaxw6axfe7xyge4n7nk3c7xj42v,yes,2130.520527,"{""curve"":""secp256k1"",""publicKey"":""03886ab19017121f908c035b4cbe9e5dd1c5dfbc58e0840da17ddd67b65b40c097"",""signature"":""01080d8fbdc7cddfab93dee0bd0aee553f1e6871708ce7e626701cda4a4527b4f0777ba28d9c055543f0e41fa599e054aa9250880038aa01f391e2ce57fc374495""}"
account_rdx169p5japke6lqk4lgntxujgd9499sj6e8uw57f346hdvrk57spwhzs9,no,4.682250133,"{""curve"":""secp256k1"",""publicKey"":""03821732d48025f90cf65c493bd3d527ec16c07f9c90c281f856d4d8d5553e1a4c"",""signature"":""014767f4d6715adf74a81728087e919c2cdfc9ed6dca8426b747c18659897baf6d20b5582eb70f2c3389cacdaa8f1f943f8b46e2e1ba0193a8fc1eb5ea70df202f""}"
account_rdx169nwqygejgzk5kdk0f2dc22uemgszvkyzyk706gkdcwppwgfdcmd70,yes,356410.7525,"{""curve"":""secp256k1"",""publicKey"":""024a13810bba3304e2bb5b0d5cc131dbfc327ce4d51d0dc1a88d93a3e6aca424a3"",""signature"":""00976f4e39a6da79932e581fb35e615bfb67cc3082692da0d34f63469a07f71e270a0ca99931e2cebebff092cee370f822707100ed8ec93070f47161ad8f5e2e0e""}"
account_rdx169npkatx7cgn83hvynpm5lqkx79s9ky3ach26z6llftw7z5p3zr586,yes,2284.960784,"{""curve"":""secp256k1"",""publicKey"":""0304e065d7c7509d55eda6e4d56ce8075c40510cd4480ba603b24d489e6a818749"",""signature"":""010f647686370ae9a1dbb87fffd7de81e6acd108c8cef14f7a0364d759eaa74260410c8a936cfb9506b2b2e13cbec344e14df9e1838d68937e21629ba3554386a2""}"
account_rdx169n2qwws447dnqzxvt6z8lm2enqpkmx7m3x33x52ufwza4g2jx6sld,yes,1,"{""curve"":""secp256k1"",""publicKey"":""03de9eac45dc1bf517457184ea2f3a1005081cf3c077d27f4d003eeee202a0e595"",""signature"":""0176b4ce4f306609ce1c57eff2888a102ea18705d6fdeb0b2a83af1831c766bbd024a812c6aaad8afefcd471d6d66ad23c5ff71aa7e20f156def70fd4cfd1c4725""}"
account_rdx169mmpu6fm0zswxj3h7t3nx359tev0hz2w0qh037s3ht2g4hgcxnwdw,yes,518086.945,"{""curve"":""secp256k1"",""publicKey"":""03cae8c8b91c7c4daf5d0c8e9c60c77338a0a6f2428ff316664e6cbd981b9586b3"",""signature"":""00fc5a8b95cecaf64c02662f91a8ec091e6d7baef79ca9fd4da4d602dca3fb51877fad0374f07d1f56dc4ef7fadbdf6d25791b9cdc7b5febac197ab11fd7029ac4""}"
account_rdx169mh2xx94mf3phdd6j32cnfsss0fqvyalx55t9xa7tequ9vr6u7h6s,yes,5816355.399,"{""curve"":""secp256k1"",""publicKey"":""037ae12d3f492cde36d00fa3d8c09f16d6679751d7b5e5da9c29d3d35f8a1d244b"",""signature"":""010ec91daae1d736e401e7f578d5d482bbb5045e9d62228454edc9e52d7f86639d6ed4202100bf7c0e6b92b2cf90e7cf470e01b56739d067dec22a8f33d06a90c0""}"
account_rdx169lr227xdfhvnrckxypw56fhfckyw5hjrhmfr8k2wah46jrq8g2w2q,yes,76150.5719,"{""curve"":""secp256k1"",""publicKey"":""0355bbe08fcd2d170e677049da3e943372168d2641ae22f0452e1d4adf82c23929"",""signature"":""00c15dd70a96e89048000d510e068f8ce9ed6539e202801e4ff730481195276a8f3ec782fb52262e0a156cf54de58b7fbfdce27fa45540ab7138084ef09919c9fa""}"
account_rdx169ljmarwjsftedcxt36cy8me7yaxgnuqz47dhe5gca889kgjgh0722,yes,125109.59,"{""curve"":""secp256k1"",""publicKey"":""035f597286b26cdec3b0d5e81f1ca7a185d69d29ea4947d56a110f7241bbd99173"",""signature"":""01782ae121f68cdbd4e6763ab1c27fb12dea60d1b987eb07d94e154e59e25a69d6317cd83d3358c963b9b35d81593b982aa8d6347080774ef5bb08102a6c842ed6""}"
account_rdx169ldqjwlm393qe2cmn23zl7ecrea3dxtm7230td5ummunyp8j8f5w4,yes,2505393.705,"{""curve"":""secp256k1"",""publicKey"":""026a96b806c81c8fb28caa92623068783fdb21b1610f231d1387323a29ca0c623f"",""signature"":""015d9530fc8aef1802132cf58eadf8331c93c0eef176a7cbb402a6f758965532322a0e0b527e6193778d1987b1fa85bfcd0a9b9ddd10988aa3041cb1f5145faf9a""}"
account_rdx169lcj45lz87680vgj2yf7rx8kjfpu7elh798jvleyfgd9yhzleqpsf,yes,258978.4352,"{""curve"":""secp256k1"",""publicKey"":""02b1e0ba31bfcdc0d8bb34cd5b2d84a4f549c51ed03bd0bcc0b9bd47a60b55498b"",""signature"":""0064c5aa37fd16e3da2a8850be61fdce7603d5507fb3621db4130c2d6231b6c95022d8f53213a7f281f26b8669ed6017d64dc81256aee82aff750112789b9b6eb5""}"
account_rdx169latyrk39zcpd3tz34cfrfr3svugyqmlddcc9384ccaxkreu7ng7u,no,57320.32262,"{""curve"":""secp256k1"",""publicKey"":""0279acec90d1ef06707d150e01c641aa369af4d5cee41d2cf3ad1d49659628d189"",""signature"":""00ed9a11a00f64c2b675d0e5319fa3aebaacecf0b185da0de4c3e1715e1fadbb476513c9d301d633f400ade02851aa59dc7f6aef27556aa281f64a8875479038bd""}"
account_rdx169l0rjlpld0n9pzxzg8vqzhzk60klsv5zh8vwq3upegwejnzzasyn5,no,12709.76229,"{""curve"":""secp256k1"",""publicKey"":""022a56c497fec5f9cf383778de085dd53df8ced350663ebef4d9e1c87f98335f3e"",""signature"":""0195c3e7058d3a6d93422628bcceef8afa011181d5f482b998a660c04f9b35935344a04a9c0c68787b7aeedebd7a6acf26dbd848bac30e7699827fd21e48ce1f69""}"
account_rdx169ktef796cdw3zsax9x3vj56ale37wuktzukeyktqlymu9zyqdzwur,no,0,"{""curve"":""secp256k1"",""publicKey"":""027f194124d7853193643d83cfed1670fad4346352f12763ee43afa599c5c09fa9"",""signature"":""00726099de3a792a8724662777280f1a5c604dad5e519ca045755169b14906fa152f02e527642404a1c6a3b36a80334b65ce96923a052d3841963af339db3f21f8""}"
account_rdx169kq4ma0kra6mxj033azqetvpakxsgd4f367wjp2auteuksclg7sfu,yes,8180841.035,"{""curve"":""secp256k1"",""publicKey"":""02ff0cc6051ab585706614f231479673149d0107b277cc1436a954be927aabdd18"",""signature"":""01950dd63361cfa06ca5db1eec6aa7b2b656aabbc54de5e7a85c0171adb208630e15d83c5f7999f6b9a0c5df5c38d5d0082103799b14de0429ca582c8373d2ce15""}"
account_rdx169kpnc8anlcdqzxfcwt4h3zjj8vfmrxcxnk8y38fc0xdlaxmyr3g9p,yes,106584.9888,"{""curve"":""secp256k1"",""publicKey"":""0201a8c7b9b6a3c529b831152fae6f93f13b484783eae0135e3977c4e025282099"",""signature"":""00eb213a2c6eeb2bbaec8ba51d89c33fd4f223ba878716d3acb14f349faf2309e1048f33bd84d1cdbf9bbf9173796531254e99b784b4f353ea16badd09c464810b""}"
account_rdx169kjjjrttnjwra6fgghd9cenk3cj4rxn2lyen7emr8wya9tw70p5zl,yes,38401.58805,"{""curve"":""secp256k1"",""publicKey"":""036423197146a05e72c9fa0f8db5cb6ccf34bf3f369061946ade22ff9fe7920b2b"",""signature"":""004e4347f89198d3677a27e5d59c961502026241a09b25576c02a611aa0180cfb8325623a9b2e4ac2a918d55adfa14df9f0694f57ff34549d8ae9653ab5cd58773""}"
account_rdx169kgjgjzwhzpx9a4cdqal7avn82t86uq0n8c27wjz3pyh4sahz8vcf,yes,81.5488861,"{""curve"":""secp256k1"",""publicKey"":""02b0232dfc9e49941f8039ef8d26ed2984eb394c90237c0398c14b8f25011bccb8"",""signature"":""00f6b7579a4f1c73d0940e36c14fd416000cfc478dfd6a3aba3a7f5400c93fcfb04f2a0b5dbaec99f38b8b1165de6233e5b9d1bc8ba4cb24fa30c86870a01f9ad3""}"
account_rdx169k7tkrcnmw0ehucwpd5cr0hdlhqsgzxrc39n6xknnp8y86hkth9jv,yes,7.186986073,"{""curve"":""secp256k1"",""publicKey"":""025f10d52a6099a107d396e4601c19cf83e90644d611cdcee82fdace3d715b6f75"",""signature"":""0104bb08c946b0f384954f49781c22a6dee338eb512c3f9e61b370f3de9c893d47434f3589ff3a1d9bfb40afe79607ee805000bb0789e7239661ab85ceb143c3ef""}"
account_rdx169k7mvw4069xuwalm256wkrtq73tjdmc7txvh2uty3qdn503s2f07s,yes,267.7463931,"{""curve"":""secp256k1"",""publicKey"":""03683ce7b66ec12c755554a6c6e9a526e10747527f14689c2fdf10a76d7c9e60b9"",""signature"":""0038638783304b8176b1634573e13d0bc31e814d76fd391765115e6eb07bfa2cdf46489ea815386d774288684d17cde56ee83f02b3fa0d7b47f6d9b979da915e62""}"
account_rdx169k7j85gahd6rumt8022aq7tr9thx5atp8zfwrv5hlzcdxst3hegnw,yes,152857.1679,"{""curve"":""secp256k1"",""publicKey"":""0385f9dbba13a07bab8bc33d058e6073f29e0aea282585cb124f56c66d89e99204"",""signature"":""012e58cdacf201c1c5e5c6ee9f4c5b279a95ca5c6b56e28b8be2789ec138f9274342c54dd006c2357bd82bf22587f9c26c103d9304f48ae8538384920cb61205d4""}"
account_rdx169k6xuze3sj05vpvz7mfhuu7gzk6fhdw2cxceu5vm67lwzhsmmajf9,yes,1572118.293,"{""curve"":""secp256k1"",""publicKey"":""02c6f6cd26c05074aa2a94653822919a6aff76872339a40d92181c3903629b954d"",""signature"":""016ad8715c2e9b924343d190e8daa98adaf8e59f5471c620be95f67f6da39b2fdd5e47e769370008873039cbaa4b1eace65a2eaa9488b6e446c2b9883c24f959d4""}"
account_rdx169k33d44cjn6axp8p8he52d64u8n44rrq8c2za37mryy05cnacnf0f,no,115293.2134,"{""curve"":""secp256k1"",""publicKey"":""025c415f3ef5554eec7729a46ba5f30f304f9d4d1c3bb627ff49a72eb370e31b89"",""signature"":""00d93224940b2827214656e650b5e5b5d0d539ee8a9d167a43f81cc6f7241155093a8af6e46f942071873facb26049fbdafc5db09f37435a6fb51e9ed76d7c73a2""}"
account_rdx169jktkyvm3l7rptc3emcnu57vqg2luaklszc2zd53fl9a03py26j0v,yes,14273852.94,"{""curve"":""secp256k1"",""publicKey"":""039a042b87a7310c0d9415959952cb55ed24385967fd70ec3e8782905d54c8b8c1"",""signature"":""005b60c4bc607f13035b820064e718416e76793dcbaebae1b940da24fc58377e1d38d2a5bb0f977a06b0138b76803e65b9d21b3a8b0784a326e0dad6e2333e9c9c""}"
account_rdx169jjrsmylnpfd5puacqpn3x467z864gq9xn4dfy49vje2lstmntu69,yes,55.92364647,"{""curve"":""secp256k1"",""publicKey"":""02f66dca449562c92cbf20a0ef654b0789c7c316d833eb164e0805a69c9c797de0"",""signature"":""006972faa9279bfed49f8801d90e86e157ae9354ce4cec3eff3e59518abf9666413e31798ea879700e16490003a6f7482aceecf664237175b384d6840edff32b7e""}"
account_rdx169j92vz6j24vn8mdune2fcq9uxq077g9d5dhzngm0ee2uyw7zw34uc,yes,793.3770248,"{""curve"":""secp256k1"",""publicKey"":""03e1f9f89e31fd8af022900fb0938982a21beef5e2e5d1afdd08972779e9c4d08e"",""signature"":""00f7e9543b0cba86036dc6bccb09a64204a1047f55821e4a86162c546878f169384b2383684dae8a8468b340c69c533b9ffa442ade943ca5396f88699d00f6a998""}"
account_rdx169hv7jrzkzsqmtcm6kwk9unetqp5698lza35q3vla0z95mfunpyzv3,yes,44140.46718,"{""curve"":""secp256k1"",""publicKey"":""036058fc2674dbcccef3161463e3c8771080fb2906232cf7f7c50f110d177c4e6a"",""signature"":""019d568c576210976fc937df5fa8cf568b1cd280a1f93ca981e9ee9dbec5ed71d32fefd4c7ae3eaa263e39b073bf3f8291f7f5126631d3b97fce78f6cd7b1e497e""}"
account_rdx169heemg8chd9sg8v6w2a02234ypgrm6pm2ualknz07csql7krphcmt,yes,662591.3691,"{""curve"":""secp256k1"",""publicKey"":""0316e85e98d8ecc8325098c7389ac797f88a14e0489b6f0e97a1f7378ae0d09309"",""signature"":""0117d14523d0c6cde4f0976a0f5977152e6e61cb086ec7bda2da3bd3e52805886e410dad3ff05d633bd4fa0a1be691d6df4b418ffc040683063f4a8de9412751fe""}"
account_rdx169h7r09xppst65k9f705r7npr4285f99x4assqt5vpyc4v95p30mcm,yes,2400164.626,"{""curve"":""secp256k1"",""publicKey"":""020d4f9ff75cd4eeba7d115255188f0faa1909a475c3c62c807c14f1151c3cf3e2"",""signature"":""01c19f19c0713d672aec1825230426a7ef9b4746db70957b84a9154e7fd858455923d55bdc1b96f9b8c3e682999bb9dd5a15ad18486060bd7f1742dcf56becc132""}"
account_rdx169gztast30zrqv6unyeur830mvs9thys0avt8e8752l0n0zskjquuy,no,712.6224594,"{""curve"":""secp256k1"",""publicKey"":""03f61271955b453c44b84477919f7ebc13cb01c48656f79c1e5cd35792203db379"",""signature"":""00fe79f5a805cdc00f141e0d289872bb790add7af881e1e602ad699e406e0976fd036a55d6fcf00e6a0ac51c8561b5c5a0863f30e96e398ce0c0734c8cb3ca0f81""}"
account_rdx169gws8et3jwuawy9c7etmd6hclm7fmywpupsljeajlegmq6d2ylp6m,yes,559993.2105,"{""curve"":""secp256k1"",""publicKey"":""03a2e4fe2eac722ba8080a06b5558ccdaa01aada68959bf081423f84f180b5e10c"",""signature"":""0169aaf3caad16d00f27a124a7ce37d3d76c8744261420f8ab54bafbeb2df9618857e6cbdbf0e7f2197e1753e089f061ee09443bafe28a05a199b7d37883e74b43""}"
account_rdx169fzn394smzpxfdpelefkfa507qfqq7xxuaz0llp9fnesxrw95af2d,yes,7.362616379,"{""curve"":""secp256k1"",""publicKey"":""027e1aad131abf0b6e4d92502d15f5123a2bc712c387031aec9f66974c9cb05831"",""signature"":""0070209da62a8c25618471e5beea842c7ab8e39aa42e22b1dfa8842fbd38fdf929322ff365358d95b4dc4d7f6c40e839aa5e69348cd9c6fdeb41cfe0c1232b900e""}"
account_rdx169fthpj0gh7qzkg60ngsca8mwh3m67jj54g8457y0ggtdtsqusya5e,yes,369816.3148,"{""curve"":""secp256k1"",""publicKey"":""038923d430f1d17ad1cf3dbc6782757455cf48c719c4d78b39547db8eebb44086b"",""signature"":""006be98cc57b24e8e223c3e7752bebe05a4bd731caf458e3fc788c1de9f94574462057f0ad23fe91ef91a2c8553ef75c8cf9f05e522422ba369d4b7092505ce667""}"
account_rdx169frysn89a2zcegwx2z9h3upqkez6mds4fm2gl20j97c6qgz4tgqhc,yes,1869.287975,"{""curve"":""secp256k1"",""publicKey"":""03e4906b400bd56a9b71eb3a96941cd4d8583f3b25e7a743f2a013c0950bdd3294"",""signature"":""018f41e4eac466f9dcb4ac6a7abb35180d1767469f284285435c4884431121a567274045c3a25580cdbf94313ed02e6fd025dc3f79942f09133e4aae0258c4a411""}"
account_rdx169fpafn9qw6jwm8y9x847vjpy8dgcugl6qcpcrhx6ttc54xqlmawts,yes,1668465.571,"{""curve"":""secp256k1"",""publicKey"":""03cf264f3273c0577941abc9eca7ea76fe096be432004e420af527afc90cd17f92"",""signature"":""008381a93aa12d4bbf0946aba7718a436620d61e2940be5a8763590fa9d8751c213e4608f94e40216acbf72dd2193b4b08c4160c9bd5deb07ba5b040fc2a2d42e6""}"
account_rdx169fkhggsmy3t44z76qhj9y4ajrx9jdlf6xtlwm66lkuc8evxya5dge,yes,3270.956041,"{""curve"":""secp256k1"",""publicKey"":""02f01041a7878dbda4d5e692799a58f5d1c3ca352ec927364c29687ca758e787cf"",""signature"":""00c4a19483354cfd2505148a8da38768305e342754c0fb975d39ec90d30f8caea4027c07461aba45ec73488ecdc0ec093291084c93413110b8533a6980bda74f1e""}"
account_rdx169fhm8wfw5u3h25yht95p9kkfsdy3ta8narmfhkphr5x4kahlqqhju,yes,1011208.13,"{""curve"":""secp256k1"",""publicKey"":""02b2d4d54a0c9e276f40e335b5b5479a82e67fed66b924be2ad974aa59e18776da"",""signature"":""001c1eb018465944b2428823b838146b1f1fea56653e3a785e71dd4b3f17fd97fb5fa6e1604b3c7eb4ed74a02177f892d087fe5e6c03530de6e768774bb4cce21c""}"
account_rdx169f6xytj88tftzyq8mycxdtlnvx8e324ymzlf390a89erwzwu26flw,yes,10.55167349,"{""curve"":""secp256k1"",""publicKey"":""02187609bbb7fc4d02aec7e4a982253607722b44f7cff3f3b159480713ea188c5e"",""signature"":""00f501645835cc0273881b70723586d576b360b7f92964d5b9ee452c5b1cf73da0593bedce9cbbc04cd9478a7eb688743adfee6322e629e4685d7d2636a2a1f2a7""}"
account_rdx169exrkk8cde08thwz4t7jp0rxvd7z7zcwglemg2cnp6wffktxh3383,yes,255702.764,"{""curve"":""secp256k1"",""publicKey"":""03ab0b501f1fb557d1f8e470cf5d15d05f8f385a1d8cacc0440bb997fdf2e0a415"",""signature"":""007c42e7aba6f6b4c5044911b29886a7bbf122ba0321b0227cea19e8484ae71c0d65bfb8e957c907b3347ef15962365440bb6efa63d27cd2fe1b7bc2f1ee816cc5""}"
account_rdx169evw906lgcd9uzse3e25ttddq6l65h74dwcwr0tyl3znqan9wqs7u,no,252464.8142,"{""curve"":""secp256k1"",""publicKey"":""027ad9c3e2056df31189f87338d13cf78821fcb98f57a3696f5ac044ccf35a8c89"",""signature"":""0108019600df0f6826c0856d1fc814ed074518252343ed57d17d887436ce59abe2213c7eb5cf5fd872c3f8e6f13660e127f288a1bb14036012a63a284da3ff5cdb""}"
account_rdx169erq3dv7mv0pxggfucu947vjp5vyjncsnl6wk2fc28frulpf3w7yu,no,0.2110806084,"{""curve"":""secp256k1"",""publicKey"":""0306e68277096db41019a66e66ee8b1d6356f124c8484629e97d79aa733f3d2708"",""signature"":""000ca2d1b371202eab60b3659aae5d61631b515d709451ad83ad8d2c041917d8cd14487ac455b1a8c07119bd388135d34752877ebc4b7b04b58123b1e6c98957c5""}"
account_rdx169egsxvf4x57h3559n4fqxz7y35ledravnst5vn08qxf378j3emyk8,no,68674.46805,"{""curve"":""secp256k1"",""publicKey"":""03418a9b4898058129360dde2c8a39efcef07ade3388f3d463c0e2551d50b2a111"",""signature"":""00e7fb584be78d138191f660d1ec656f52602f9c6660e6f9c8997b1d053611b3e66649fafb82de4ed661ece06fc689d5c048fdba9c52389d4fc25d75dadbe2e298""}"
account_rdx169ecyy5qrwgvxjahltqcuup2eswzg5zqnygcuel909her5fdtpmqju,yes,121392.503,"{""curve"":""secp256k1"",""publicKey"":""02a5066030df0efddd1660909026df5f21bb4bb1bc2618240decbdbbcfff512f78"",""signature"":""01d28b69a2e4cb2a7349d5d7813cbe0d209c8738283ab90f70805266428d7f24f24cd59405d85a7a63815d599bd9acefda3da992c3233b149e5647699df2bd38f1""}"
account_rdx169e42lt2cfmq5fhk2cjkc3jwzdcrntrnyjg3xcuhhkhfjvjnfs648u,yes,23192733.68,"{""curve"":""secp256k1"",""publicKey"":""024d686a727d81dcf7d872d6439420abd3613e1f2f778290cf6ab319ec996e6c5b"",""signature"":""005f73e588bd176d9c3638de918ded68411afcd159d5965c81a21405b8647ae4350b9b466e07843ab9637621cd612de4be3c372379d9029ab7b782473d9fa8fa8e""}"
account_rdx169e0yfgplrv0fqvpaeqc2cdv9kjchv5ad6cazhmvvl5evgrfk2e3ea,yes,412767.5644,"{""curve"":""secp256k1"",""publicKey"":""02705fad816977256343174ef875e17791cec222db0f842303a7ce4fd7f9b37304"",""signature"":""004dd30d2386ec1a149c24805d188b3db4351f5ef8009992ee12dcaf8c0df715b50242f6895c5c4eb74f2acc2f88134cb5c4735b18b6e37a5d79e877ba69201458""}"
account_rdx169dvdw5gkk6z9u3nw9dg7lj0h2yv7l6ugcvq0pgapy82h0pqnd5j2t,yes,0.3580117749,"{""curve"":""secp256k1"",""publicKey"":""0317cb2969b2c6e3fb739af82ca3ad5fe95c0a719285df1ae0a38c031906c8a7d9"",""signature"":""01a581b77bfaab52272af2d21a958f82ddf617335b1ab759ff3b6a2120983f80c27ca0c9251f0e40b4f7c17eee85fd3657a532ee746bd59a2446b029f31668db89""}"
account_rdx169dtk5c3v9mc9008x9jkyj04ta923fspmcp2yrff68m0gnwrg6ey2r,yes,7427.788699,"{""curve"":""secp256k1"",""publicKey"":""038ef04b073f1a5bc0dc726fe41a7ce1324a3ab4cbb9aa9915d01812d8b5077849"",""signature"":""00569277f1c8b597db4c88544f3288725071fb31be90fb988b3484f25227f267b71e249457eb96e4083d05dbb6b2c7e333e7d1e2aaa74ba918d5b18d1c1fc05d94""}"
account_rdx169cu52sue54z32c5mhrn503rcvh456ze42jxc8gaet2dl4mjc6uzlf,yes,448573.6125,"{""curve"":""secp256k1"",""publicKey"":""039a042977050053d9aded582c3d69265373845572964a454eac83041dccf93602"",""signature"":""01f88ae425a2d7c6af8865d6b5e7a8062f3865dd5dbc9d4b4eb23df26d7216a33d2fd7c17a48e9bf59a503c2d66959e2bde30f506959f6f67db1b894532fddeb1e""}"
account_rdx169ch72gu5m3zh3v0wa9fx6prcu946hxhfkx3k6xhq2z0j5cd2pnzhp,yes,3393.532436,"{""curve"":""secp256k1"",""publicKey"":""036e9d74ebd86cc839ae7c6f76255027718f57a326b7a1dc55e3f6049fe348f432"",""signature"":""00877e0210d87f563eb1598c7ea43ab07ec754bf158dd9e60151fa0b2172fb038c4c834e3a93ba38f7dcca4bb8a93139b71315c0a1a58dad93f939d2715719baa2""}"
account_rdx169c4n5u3r64az7fpm8z3mts6l0k8fv6azzvzakc34smu3lu7ral5jh,no,4107.564942,"{""curve"":""secp256k1"",""publicKey"":""0326e201ba561e2d5e5cc2cfbef70408a620b44a602f538f9882d687fb019cb7ae"",""signature"":""013252c55e38a39d4c6daafa70ef8810468c024f2ad97885f35da0f3c07a6ad2641e3380b63ad7c4ac5174239c00be62fa5dc8fcc485cec8ca92217a244158ef31""}"
account_rdx169a3tc7c0w2jz64aqc6j3fj3aw5y9tgdknv5v79ce6janx9jcenrpn,yes,83215.60088,"{""curve"":""secp256k1"",""publicKey"":""021b36f70bf671f708afbdd7b1b119c4da4681b0e637699e4cd10ce64e2ca211b7"",""signature"":""0177f230c68d2c72d0b664177564985e441e93c5d3e23dcf935e9d6db57ab4e0f71ee3af89861d43cf32faa7aeaf26c17b9b7ae46967414c5e69a20254608f684a""}"
account_rdx16997vmhqhuvagymlhj26td6fv0pdeg737r86fcgtslxs563vk38w6a,yes,119820.7712,"{""curve"":""secp256k1"",""publicKey"":""025ecdecbdb1450219e19dd803d71309eeed54370848adae54a2a053f0aa69ad31"",""signature"":""017fdcc6343adabdca12c3a9b7e5ebce59ac9369d7afd7b10744bfebe9e58751f72f1c553c866fefdd37328d8f359a4908d6a7ce177f5d57f223fe2a3e8dadb559""}"
account_rdx16992u88ja4mr4u6m596vakdnjrrzthxf798zync5xzpkqv05ej2et3,no,0.6647932506,"{""curve"":""secp256k1"",""publicKey"":""02fd7bd82c1f58a8e9f0708fefd78559f70de619a1de285aff4a696432ebde75e0"",""signature"":""009f2af2211f7e3330c1146d8a32efecb79ebab4d66155686abd76d6f9018f43e432ac52c3282025caba5455b96f8e26d553c2f50161e7d77a2e6882349c6ca604""}"
account_rdx16992frjq3zuacj08ctalxmm85vca03aj4l7mdnsrxwxmnttyxttrnu,yes,104427.2648,"{""curve"":""secp256k1"",""publicKey"":""03946b717f0020c27a63294066bb1dcd550d026198ee6576499c4c53aa5f0e7f11"",""signature"":""006e98d03f2c0213b22672d1dfe2c4d087d0d99377e386d28cffd52f3d7cb894dd6c20cddaad927b7abf490cda93e339e115d76b369cdc62af143f97f3b2fcc139""}"
account_rdx16990a38xfwc3qpmlpzex2jc7s255y4h4g3nhxq34dy7sxn52warcux,yes,86.21609698,"{""curve"":""secp256k1"",""publicKey"":""0365178754334740c0fa7840fb82563342807b3aeb3426aeeab11d104d15594b4b"",""signature"":""01f664dcd7716e409e86248f1285fd3842e1329d106c4d1bf61299d497ea6c3eda166fe0d4e328d1eef128ab36b7313991905ff3651084ef8f63c540a51bd4597b""}"
account_rdx1698vkt9evlvdmyz7wegdh7w332h7l0pyeltd6ahds8f9u5mnylf5dx,yes,9618246.739,"{""curve"":""secp256k1"",""publicKey"":""03d0d7929ce80efaab3d1b3fa047acf6324806c14eb8f941d09c270f653c23b3d1"",""signature"":""00a2c9fcf59a3839b1ebdc13da826234c2765bdf545b477a7713ca4ffaa561178c78bf0b43ae47663acb342376beca28117659e13828561855cf160bd8ac893657""}"
account_rdx1698ryu9jre69cvkpv0dp3ds5m7wdgavm427cyfrhtnzmad9s8nqq8h,no,70370.44229,"{""curve"":""secp256k1"",""publicKey"":""028055f8e9d9dfdc44818f73d8c217251652a87a455b70ba988382fde1a6227698"",""signature"":""017c55e8b7a09f9677a0f3977b8982301eda9249dcfdb04805a9c5f866194d38d62a17b31b4c0db7fbff65827ee55e03c77c4a112d749114b300149cb83161bdda""}"
account_rdx1698nf9lszmmyg5ufxxzywek5alr62mp0wsy06x4d7djg9xyz22g7ql,yes,10.0077468,"{""curve"":""secp256k1"",""publicKey"":""022ad4f987c5f87abe2bc0a2aecee2b542637f4f9c6bd7e54ea73cd76c6571c55b"",""signature"":""016d1b2c58fd71c390913df6514438b03a1b625e999d7f4bed64a5ea299bb32a513fee88b771329e3f7f842047822ee4fc9f23c8572b5610a953c259ac1d65d8b2""}"
account_rdx1697sjsqupvcd4rhn2xq9qj9yruvfvxvpc4lykmzfke4kxa866s8arr,yes,41799.76298,"{""curve"":""secp256k1"",""publicKey"":""02cb7e037ed9a97fb5911be11b7e7e669e46b003b4da5147767173d940482c0898"",""signature"":""01cb60933e7fc8c492dcf3cb8f0f99dd02f69e3f323adc2e549c4e8f0b6213b6c21dc62a0871383901c112a41ae17d699257d0386670f44f38066c45a2768aa5e3""}"
account_rdx1697f0253g08vxj77dkfjwzr7asgn9skr56s8r2jc7qsfhvaj2c0c56,yes,76.9455642,"{""curve"":""secp256k1"",""publicKey"":""02d1ac0791e52eb3e1b5ff22150d773b3581605f2e3e41ad9d1c60063b025f15b7"",""signature"":""013b519a38a926e337e737fd748b9f946d856e470d42530e34b0bc4069553d91b5568780a0162fff997169be75d09b8fc908f01681c42ebf853d3d42edce9307a1""}"
account_rdx1697enzur676fkt82cd26p0t5f8h5ksxusza8fpgn9688rgs68srvky,yes,1097704.192,"{""curve"":""secp256k1"",""publicKey"":""0273cf30e24e6d339bd3c8eab759f2f8ee6770629ea049802c5ef9e7dd1b8fc2e7"",""signature"":""01cb86f58727b264be314d71fc3860da2e00987ee561185481e3b7c8389c5b37b81a128c506110194a776a1214285dc45e34afb9060a5a047ff06c4640f0b588d5""}"
account_rdx16979vrra8997n2w3rm99hvvt7sy8ls5nckw9c828jjggjh6zllymvf,no,78.50086098,"{""curve"":""secp256k1"",""publicKey"":""035f9e3b423a9c836cd30a2b20691f161dc274c38a893159e01a91e55d0c16e7e3"",""signature"":""01cfb399581e9c69d729fd1b1d6fea3d5056f092ab95213b6d4c69a8e40ef105044df34a781571b046b2dcfc424e4fc41af6a7c77ddda4175d4da0b21b586b1339""}"
account_rdx16974xpkq2mrfr5zmj5rhymzeyttv7t53x8us4q66kkj4s3vgrk2c06,yes,876268.2009,"{""curve"":""secp256k1"",""publicKey"":""0239eacc643f71fa8029b365c17183af7a87f6090b5f828a4edbd1119ad2bb2201"",""signature"":""018242256bc4cd08f38e0aafa9fc25aa0d060a80a9a4554a553066cb5a1edb7c313fa505a5070a889bf86c9e6394573ee5110af63fa2c4c88e527f1de199b7316b""}"
account_rdx169734yae2d7drk943hw506ngpmzfla27r7dujk5lj6hat6y2het9vv,no,73709.63237,"{""curve"":""secp256k1"",""publicKey"":""02fda10f98aa9f4684acc730e7ef5dbcbf18e3f43e94a421647329d8173445f819"",""signature"":""010a7e99665586376b886180fe5cd3c86526ded8b0e2470dc8be122ad2731c444b5d90a58f1c908b23a51d51a208b5f33a83512ea7b08cdbd3db31c9c3c98189cd""}"
account_rdx16970y5rrt3zw099dvz49ptfvrek74ds0z9jra2dvtjhjp2pvk69jdg,yes,136967.1648,"{""curve"":""secp256k1"",""publicKey"":""02d19f4f741a2b827cb0668542164869e7670ead1459ed4953521e0c32018c14df"",""signature"":""0172e4da2fdfb5cacd70339e4fd8ef85e83cc41bd0ceeb86e3545c203286b9b07337ba9118af0afaa6889094510fbfe6b4bceb437c515fe5a6e59545a11e0ac287""}"
account_rdx1696z65868vrxxt6xz4vu04f4fn34v5h48q99kzxvu55vtgn29jn78m,yes,603273.0057,"{""curve"":""secp256k1"",""publicKey"":""03dd9a181a2896d395dfb330fee7dfcdfe4bb85ebbf75757417230cfb4450e34a9"",""signature"":""01956b89b66f968323d76a34d098a32395c8e682c3b63b0713b70f32568bf168792518c80ecf2857b650bcd67551bbe809cb9158520cbfdf1f1fa1ce24a57a48af""}"
account_rdx1696uhe9q6jzphcanzwgs75pmq8t24rhpyrvys7gcvh5cvuzh56zytt,yes,535670.0972,"{""curve"":""secp256k1"",""publicKey"":""035eef08ee1cf437de6129e38f563b3fc4441108c6e587e3474de35f7339b6af10"",""signature"":""01f06c0bb3ffa601a4c55fca1f7dfea516f6d6c48d61b0c77fb9e523f1069a3a871c1c81f38280168737c2ecd06f993bb684921b84164429b6caddf052772f40f0""}"
account_rdx1696ufjkfyhh3n37vnqhxcmz3ak8cvkr947fk3lluzh8euk3w30fhay,yes,94.85547767,"{""curve"":""secp256k1"",""publicKey"":""02a4de4816a0edd9370bfbc6262b00dccf5746df1850d782c325f0079ce6a11bcc"",""signature"":""015ea84c94c5e7b4865687c80b4208753c38f85b551045a6d5330b73b0137d9e5d28e27360dd54cb60c1af8b299b48ac5bd9917b0d8af6c40f17a7b05d9d9a9d6f""}"
account_rdx1696st5exwnttpck0ruaysmdavtfanvmdxkp9l6mmx9hamthpll83ae,yes,121771.2157,"{""curve"":""secp256k1"",""publicKey"":""0200e602dc27e939b331ecb383bfa232a4ef3ae3db96765092c1024f505b376a30"",""signature"":""00beffcd991541d75cc44b25e012051b552c9408b998da0fa106be17cee96b28cd5714e49992f2cf3a4bb5b65ffd9c5f3eb943028797868a02dd02ce70bab96647""}"
account_rdx1696fcpeuag02gwsj0s2rs4xzxj4jy0kna50muhtr36pve4j776pv9n,yes,96946.1253,"{""curve"":""secp256k1"",""publicKey"":""027d696cb4fb63d07b65d42c7ca7f42e0fe76bdae1a641a349b7cc637b861fc583"",""signature"":""00fcdaee6319aed9993166c792e74525982f2323e2ddbdee5ea6a501429ae9ad465050fe5f07c013c366b23b8e436b68a4aea32d45f321913ec9f8fd624d1d0440""}"
account_rdx1695vj275hvn2772zekwqjekdgfqljy5fj7vag5uv76jxt527xq854s,yes,0,"{""curve"":""secp256k1"",""publicKey"":""032ee2373b52cdbdf97b2d96993503c0f9c6e993cba5efb8286de2a09922900deb"",""signature"":""014b4ac1995e44f703c9d3a99a499f8d6d3937e9d00d95a179bc0b855c42a5ad9512a1d3fd337133650ec1879eee6c32008defa0623f6850cb8c46c0e713c01548""}"
account_rdx16952myqm6rs2hku9jkwtp6gtrxr03e2knvf2980k5pk0tmvjhue6m7,yes,1459686.701,"{""curve"":""secp256k1"",""publicKey"":""02982196c2c50e09107c7d9be783ebae139e085ead11694e3812102746e4cd5217"",""signature"":""00dcc5088447d22a073f46869c2500f0e91919b9c47b14ce7f7a78ee4cdfeddc5a6fa61b9a64a20efa58ff6dba52907dc57e15e07e3327f56ae273b7b4168e223c""}"
account_rdx1694ullvfs94thnzrl6dplw3mxw5dyalsdv978t74ycp6zwayecenw5,yes,191059.1259,"{""curve"":""secp256k1"",""publicKey"":""0205a7e8bd97021e9b1d88886a81291f6e6d8f3696fb2b901d36fc94b5f1d90a54"",""signature"":""01e3726387ec4d439d762e364ffcba2728d139f469acc9fd00e740d06419495d631cc2fa8fb7cf6ffb3f2a37c4866eac56f6b43d7f8efbe0397cb512e7ce7d5011""}"
account_rdx1694qvv2kyrng34rvq84lhfyvx85zte0nd070ajxe4e0mqs3qvm44nr,yes,3799337.034,"{""curve"":""secp256k1"",""publicKey"":""03ba93112b53cfbc3806dcd9dd66061fefbc57ab33ca7f94a361c4b3cc07405a4d"",""signature"":""004de0298e38b08e092b26fcdadee601a24351de347c336b9b85cc0eda453541d276f40e901c8cf9c4ed6c4136964331763eb3587a89ab14f0dda8f52f29792c6b""}"
account_rdx1694k60s35m4x4wp9s8pn8wls4p4k92at20yhzpxz7uwuwwfz0ltj30,yes,446057.6442,"{""curve"":""secp256k1"",""publicKey"":""02e35979fcaa8e5c908b4ef3c63649c34377499bbecc4bb4cff7fdd3ee9c2c7919"",""signature"":""009876949a50b48ac9dda45c6df8f04bb92df722bbff51f53ee5d93639da7a631533f5f10372d5359be21b02dc7d62fd37fca8c5f77b1d44a4c9fe9fc9794619a6""}"
account_rdx1694fklh95vv67dp6sp8ms08y68vq6tcj92jhcnf0jwsh9en9zgq5x2,yes,1048758.586,"{""curve"":""secp256k1"",""publicKey"":""0252889859cc13b081742e30b937401972d94f8c9b0c5bf1d4cffb5a84a73f0642"",""signature"":""01c3ea974f3e6c97d190365ac8084d2a4fd582c84fc86a7704d2bf16f2eec6e067668aa0f6362d09caec116f081fd5d9fc8e6fd047b29bb1b2980900c16d5bd499""}"
account_rdx1693qtyf6nst82648mwvemsn9nwl0vxmngane8tvft68yval2c23d04,yes,51.30849961,"{""curve"":""secp256k1"",""publicKey"":""03d522b7a53b210d6b05f293f44a0f340cb53322b67aa936c74ae542b467f5b2ce"",""signature"":""0137a2c1e657abc63413c6fbe9333dbe4a60a5f1339fda3a5c0f165b38362d5cb01d257279d20e4d031785b2084bd99025b1de1ce5cd1782fae1c3abf1b9d9b77b""}"
account_rdx1693ngrq7vqg6p9lngx2nrx4h2hvpqq8mpjvu63et3cuv55gxwqpg54,yes,9050785.995,"{""curve"":""secp256k1"",""publicKey"":""027f76a6aa14d483dae4e826b6a5f833a3e76e6cd87b3ddf6a8609f7397f86e0b2"",""signature"":""0011fb4127eaf7f32c560ef4bef151b0791c2b640993b262e4a866c267906e00d235758390e57a34d487ad44b261e19f2f106bda40f6005b095509ecfbf1b00f97""}"
account_rdx1693c43smxe8agr6ulvu83chlfcnythhg3wjymclpwf4aqqwrddrzye,no,404.5272557,"{""curve"":""secp256k1"",""publicKey"":""03b5438bc623e466af7bb30e364375b69677dd2c737aa1e91ce7ea30f4d29053e6"",""signature"":""00ee23c10800fc9166f6d8fb3c8f62f3df093bdb88b7010dec5e0347a215c1a7662c5d69babe6711f2665e0ef6b9d44bd3de0975bf030afaf208f53cd7a80cd99f""}"
account_rdx1693al7j5njcgyyc9uujrft56dplkx0ed8hxlhjauawuez4svrpcwq7,yes,119273.1764,"{""curve"":""secp256k1"",""publicKey"":""03f4507cf51460abc95f619ea12a876593546a0378b76afab9ba70a62402f57e0d"",""signature"":""0048b69e65ef422f7f51540e087326d089329ba8a20461174b683f1f16c0247ee246b78cae7e2d59460e3f632561309e447758340f19f2611da723a0bae999ce20""}"
account_rdx16936qlg57ea2m7ywft4373x8a7vpsfsrppjc6842t6y2e7xs29khv6,yes,294536.6964,"{""curve"":""secp256k1"",""publicKey"":""0256423f609d12ef1129c23129cc6da802e997164c0b1d34a8bd09fa804c27c592"",""signature"":""013c040a0b4f7b400129f61010f5f10e552ab11a3f976f0c6fa457f6525a6b0d7c25e08e7d6b512522f15c303a2925d97baa350ba16f877ac8e1a9dbb6468af664""}"
account_rdx16936mtvqhqgu9rel5juj9y9u9a2z2kjwc89j0lddh6naypyyek9wey,no,1069953.441,"{""curve"":""secp256k1"",""publicKey"":""0214a93553b9a25da0202808044e5fdbcaaf88da2963f01b5a9564e3bbb41730fe"",""signature"":""0172bf1b1e35e3806ad9ec7cbef93e110130c32123ea005f7d9d2825c39ad3e58133d113ef1d9ab80860173ff6438254473e6ac9e1e927e30632320c030faeb184""}"
account_rdx1692x8ntcyyyd8qcnr2akjhdarna2wwea3hxw0w6x9c3vdxrvehcer6,yes,2374284.221,"{""curve"":""secp256k1"",""publicKey"":""035046daf290972734629dc392893c1d9e4c6b34585863dbb8200853657f4dca25"",""signature"":""00c838eb5ac4320618c4b12edd18bc24ced140be0d2a1be77868cd22fc03e8a6b2236f76d2740cfa94c41643cbf6f16f0e54da18eb315c8d9c75fd6f878f21b4ec""}"
account_rdx1692ww399zz00rtcpl4z04z2k50efg4halndl7p29v3mjk4rrhfdm4f,yes,100.4945526,"{""curve"":""secp256k1"",""publicKey"":""0367c701a441f343f791de971866073016d786b622ddd6c92cef00e51062952bbc"",""signature"":""0136c72e54c9e9c461c3050d72e764cd45313a5791f5c839f98ac2ea4d329d00000f571cd013d9f564b976af105acf55ed4ec6f0f102f5356732712ddf56556d31""}"
account_rdx1692s7ze3qzvm9jxgdah604zyn3kmdalgmkwms4uk00pcx3jnvpenap,yes,849223.9649,"{""curve"":""secp256k1"",""publicKey"":""02d43a72b67b9bd01f7f77d2be5a26129163faaf1413490359cb6b3371c7e85ee3"",""signature"":""0161b4a8e8e63eb30554dbe71f132c54f877cd79e5d2ef8ef432e5f91117c379de4a9a78407143bddb7ef833bf59491ed69c813bf79d1581499524ae328f0c3cbe""}"
account_rdx1692pesv02tjqpltv77h96qj4x8f76qgmhrert6zg62rw7fx9ynu7em,yes,20410.96356,"{""curve"":""secp256k1"",""publicKey"":""02d0be74a33b470d2783c41c71aa19e4897725d86fd4a1cfa36e045079e6598516"",""signature"":""00de896778c76842f93aa3e2affc77db1c2f4478985953f3839cb15152553e1aae38dd0c6f8b4752159eb56ef2c5092325c54ae88385bc33a8993d4e354fccd4dd""}"
account_rdx1692mtu885ktd7l9gj884y6n5z6hg9d89ehh0ja2g60d6y6dhayukcf,yes,599.8577468,"{""curve"":""secp256k1"",""publicKey"":""03b17bba4ebd13ce6b039debda5d6124e0e0f17ed26015348fc018b1c1088af1c8"",""signature"":""00f9f0cf1b9bc4624aa681e6052287339b0e86a939d48ccc11d2d9812e9fe72a01638e67e37becd823663b4eb66343cf62aa99e674073b408c278bc81b0edff9c5""}"
account_rdx1692e5r5npa7cqjxk335xz6jypmlcf3j29rwj8e0qv5fxklf3grnhjj,yes,378656.748,"{""curve"":""secp256k1"",""publicKey"":""02d45ffacd65da98136002356d06db7313a5114b3f9143646cd0fe34379e86121b"",""signature"":""003c7f82a0f745b88024ae2e0f0cc1295e5e9abcaf76d942b633813683af2f21915fe18352af017bb259d14b3b96601119549daab50a2055e87b49f9ed338db084""}"
account_rdx1690y72mwyum3tvh5prrw82ks29rjl0w8k0a5a8x5gpefnz9e9wwcf7,yes,108383.7671,"{""curve"":""secp256k1"",""publicKey"":""02e0bf2341e638a498ff89a16ab7a54d44d21ae39b2a0865c8aa1c78bbae67b153"",""signature"":""0080d39636926f25690655ab4fdbc02c627997112fc34b992d22383fd85d54a68555066be416d6f65bf1b2485d0e6cebedf14dd66d529a1ca6f2e8502b407cd149""}"
account_rdx1690wehpa2wkgew4p0v7fcjldndp372d8yfrhf4jjqut6dleasu4h7r,yes,206166.9093,"{""curve"":""secp256k1"",""publicKey"":""03906d82ac4c186a4da4d87b334a6495ff951438cd0775b2b1358d235168c6a65b"",""signature"":""01e56ffcc13e4ac07e7484c6b98871062e0d9de11aecbf8834567cf392b5598af51545dee02aa36a84524925b27ea6653903c93ae57244069193cdde19db1d7980""}"
account_rdx1690w2rwqyu3j0udqz2rc5vujuq6g292pn8hsnsfumjkvetayxugfzt,yes,356021.7097,"{""curve"":""secp256k1"",""publicKey"":""031416f75b37527962a6277eefe8628b16875830ff171ffe007c9524cbe626494b"",""signature"":""001694eee05c05958b47fa2221ee354e073a0202cba7f0854fed9aa8960ec963d732b4b1b39da8dcf79f76e3df2f14df823dcd39031d7db74c9b43fa5e6bfa2f96""}"
account_rdx1690tqst0xf4typfnqc4rhr6rlzac7wcfnqsnzmyrjy6wtsuxj70zcj,yes,2609235.001,"{""curve"":""secp256k1"",""publicKey"":""0201df12c3cd1590284029e7d7dd55b77da2528b40c0b1fc0b8ef85309265d397f"",""signature"":""01e899cf85b4617feac0a051c2349576b4855ac8735a16c3831e374a59a840fbdf56680b61f0eec5662f5a1f0a329c278478e7f5e74d2e37c8b42659728e32772a""}"
account_rdx1690mc988pn6s2wsax6hqawg8eh2lfqjqf9ptfxnapczdha5u9kl2nd,yes,1247.20056,"{""curve"":""secp256k1"",""publicKey"":""021e60bde6800cedabf3665540f9b6858e21359927406e826838f29667102b3267"",""signature"":""0063a86015ece63a90949394ac4d5aaca4bd6d142eae9a4371d1f34a2804d642bf23907589a5801a584879ed06739711a82b54c35b1bcdadc3b0c0cdc1e558ec76""}"
account_rdx1690m9ng6j0dx7smcpsrhrm2kqgtswew0nf33yeqr57z2u526sphdrq,yes,339746.8451,"{""curve"":""secp256k1"",""publicKey"":""025aa562e393fbd8612026b37b26ee01d3a95419a163e0219db9901581485da5c4"",""signature"":""00efacba29488441bbe62e857211fc9a84e179b1ac0ce808e4a7eac94836fae9d24639d90c85946e080b1f3c06a715a419f259c7196590a13ced7992b604528231""}"
account_rdx16903zyxttfdmqhgrqwlrefvexmmek3ypf5tuemdj9lpw0tpu4ulywj,yes,2268946.963,"{""curve"":""secp256k1"",""publicKey"":""0307b7f8d453ead54c278e06ce4b497f95b9ccf0fb7b3d03c9f72ef97608920158"",""signature"":""0184ac4d4a9e3e9c97db13c20222323114f04b8e28c4004f3bdda9a39fdabd9147371d281e489babf230368e3bd3b4ddc21ecb2193ff38b10d0a099db862dc6ece""}"
account_rdx168zmr4v967a9n2pg6qkpce0njnvnfdd7lj8zxpuhpm3g3zmahm9kh0,yes,31.83480831,"{""curve"":""secp256k1"",""publicKey"":""0300d0d2c9546c2499ba5c0efeb211ce6a42604e4e91dec5dd7871d8a66cceace4"",""signature"":""0050c28e57781b4e10e98d5d716670d9fd1c7aebcd3e12e9ce389d1f0bf30a6de864b04affca89118846c0f71d5c0f92a54e43817af79eae22e584874ca5a7f0bd""}"
account_rdx168zhudd27yj7kruucdwvchrvyeym2mas8fx0slqf7wm8r9a2vqus6c,yes,631875.7881,"{""curve"":""secp256k1"",""publicKey"":""03a9fbc656a5b1b2974a6206b318252ece65575188fac2c2ff972dcf022a042222"",""signature"":""013ce88c4c7dec05a34870f8b50a74d6c0b45b7737ef75cb70c49eaa0f0b7f42536aaefc27a27289e261bb116dc7b39771aab9f1c9c49bd43fd7322e63e0f3453d""}"
account_rdx168zevh4t7xswhrszytjrkf9d3k9r72t7ymesm2av06xqarvjc35juc,no,38363.06816,"{""curve"":""secp256k1"",""publicKey"":""02c9d8e272bd78c3d1f1a27f41944abafa5f4ae198c61b152dce43867a6b1113b2"",""signature"":""01c44941277c053ee87286be60ea247abf9185829905addcf238066ce6c010091e58d923fe53a75dd8dd9891c0f0753bd218aa1ed801337aca1ef86a9f803cdf8b""}"
account_rdx168z7426uuw7jc2gdarkxh9f5y9a3l90s76udprhw977t8fe974vldp,yes,287699.1755,"{""curve"":""secp256k1"",""publicKey"":""0368a60b810a5f831b2689d40b83ee45141eb712550d23fbcda7c49c2a17f5d233"",""signature"":""01b1ada6bbdd8f74d41eb8b7957396d3a189fb7b4c79179d6e981f3a37f0c0425c19551efdba154e87a36d37cfd2691fdf2c6e7a041e86688046b5a614aee6a3ec""}"
account_rdx168yw6cdk73a0xpdj335lulwdwusakwmsfgzt50pm3ee0hkmmg6duhf,yes,1515564.57,"{""curve"":""secp256k1"",""publicKey"":""034bbdc93c5aea57989b5617282d3651a153653564b72d81b4c61faac8ded214c2"",""signature"":""001c3320d9ec717e78b4447ca45fbf87a078c30b2483e8a969ce893ef9f8979a011c4b36783d58c6bca25761e2a7a6958ada82cd2c0e5f87449c8085c37112ab24""}"
account_rdx168yh4v8z7xcs2pwjxgan24yyy00kn08ndxmrd9ld3wk9rajhef4v60,yes,895210.9811,"{""curve"":""secp256k1"",""publicKey"":""023400d9ed9c2507eeab0b0b43ddc801bc565e1e36270d0783c416d7ad842a14d0"",""signature"":""00c7d45361e2a2ea857bf4842ef274955b1684b452c4e8d6ae2ee1ba571b1f3bd40ad0bf9005dadf6c32c56338c6c8431bbf2e9d7bf2e1f8f779b1a7fb1a699dae""}"
account_rdx168y5lcltkc3h6ea0ud4skwayg5xjcy67q77k8xgfsjx47ffxe05dcv,no,644568.617,"{""curve"":""secp256k1"",""publicKey"":""036106ffe76354182464f120cff9b7429709b717547a65ef3db1808de6f2f88f53"",""signature"":""0149ace9dbb16f17475de547dfdd648a39c9bd5fe780da2213cbfdfe734458fcf20185df4ed677adc54e6ac082547d0a1f0f5f2096b5285ccb0598263a0a8620c7""}"
account_rdx168y2lqw8t4pacgz7m67fqkw6ty4urznataqtvey63y8a0epsmg4vmh,yes,610756.8313,"{""curve"":""secp256k1"",""publicKey"":""0211277cb7aba5889f895d291cca955cc6e550cd53345a74b7ca3192c1e568af75"",""signature"":""00d7952d06f1e6e72dfa53c56275b4b351434767a41113cd9b9d380b00e1aacf0e520ed1dc3bb80cae6272de7130fa3de9d12b3af76c7c0ac503b181b8c733b82e""}"
account_rdx168xvp9ydfwq9vvepfcqvnvc7vj30trtaucqdj62kpy5fma9ru3f9xq,yes,637832.5486,"{""curve"":""secp256k1"",""publicKey"":""033f2f24ab854cf4085b8fe6afa508cc0d7a98905c6415ca89cad32bf622ee30d6"",""signature"":""00d48b1c91c532dd0032a52026770f6059d2818c17e73cd9d888e50ad932d748874fc65392d637adf5c9b5e6ca7516171eb8e61191d407adbb1ec2bbf48d740529""}"
account_rdx168wyg8sath0r0nnsme8zjgmnj0jrt20jjrd8hu39juak7uzxtu5nhe,yes,1000670.704,"{""curve"":""secp256k1"",""publicKey"":""036f2eaabdca2ecfe0ea39d04f6a9a4768bbe3bf154b4be433ea7def687ad157f7"",""signature"":""005497dd4949ac5ad192af6d8d5c2a566cc8211b885732551e40108af2c6f144ba53a7288be6a9807565a98e01b2a0927deed34cabe128489d2ec6e99c1704948f""}"
account_rdx168wrjrytkndmxhkpz57qau4f97ewp87ca7w5q49u7ssfxyz423awad,yes,437216.1667,"{""curve"":""secp256k1"",""publicKey"":""0339cd24470ab1a591faa1045267d8997f21d17f3bad57bdb13cdbeb620211a256"",""signature"":""0157542ee0be3ea7f9c49b17496b83ae79b2364fa38d754093ded04717a06d39206e399b7d366402f6c63d1bdec5e4d75b3c08b62ee6fea6565ef41fe1128c3760""}"
account_rdx168vvrqha86eudefv3g9r8jtlxqpwlgpruls5zy6cxcp2a0rwp0a4ap,yes,182518.3907,"{""curve"":""secp256k1"",""publicKey"":""02b3b8275b7d6b06532d8c0b00e21d06d2b20061811c6f04ff4af609935da8ab93"",""signature"":""00741b583d851ab6854de61d948fa39645b8c2cce9638b27f591458f6dcf4bb2fd0ea5ccd258cd239663309759b7e658feac9b39aefb2dc78693945a7fc0be72d9""}"
account_rdx168vsx4akw4a8cn6sf94lp0tv5l2nedpf08kagfa760s8fky35apxq5,no,60120.01905,"{""curve"":""secp256k1"",""publicKey"":""03ceee571d99d94312414adbf9b27a54f25ece3b81d9c24fe371089421279abcba"",""signature"":""00c88e5bdfa1ed36186d9e4e7f3820ce449adb1cc40c0f151f959e1da965e93c310360519ca165474d564576e078accad1403ff7d3e664e99e7048e88cbbab34a2""}"
account_rdx168vngzkultc5p5vzhusss4csfc3rwmtkqh5v7fjapfg5xsak649g5x,yes,846.7595561,"{""curve"":""secp256k1"",""publicKey"":""038df47a44cf6f9730649528c2d9231f7173466bbcfecea48f7f793799890d2e0a"",""signature"":""00f7545d8fee5c9ab86d1395a927714002c1a1ad737b5d5f9e770242d89b9940c37379b62c84e03e153d07ffe99564f606923cbba7e4ec4ed50a188635adf1d57b""}"
account_rdx168vjrzev28v04peakftth8hux7hqdt4ujys0aeuhc35fjlk446p8f4,yes,96.29508225,"{""curve"":""secp256k1"",""publicKey"":""02f28d4f10a76a7135757d9818abf56a1c6d7a7f5318817645942f5ed8ba8f553a"",""signature"":""0120d14e1d00a3e67f8dac3ab3ea21f1973bb4eafaa52c51a1d979c92d776b8ed00f3245de6bcb2d9b5d677b5b84046ad3d280758ca665bb42b1061b84ebb95cb0""}"
account_rdx168vfdepzmx75x5mr03kkl06zwur59fe0ykwxhp307lvxcngcc8xhaf,yes,77423.45229,"{""curve"":""secp256k1"",""publicKey"":""02d91f6133144133e33924b73b2e1899f2484ee603c3593860f1052849cc5cd492"",""signature"":""01965995c866409fde265d47d77d7143d1cd52685b82d3cade404f185089d8bb252e828dec9823d82537d9a460d8fcef6013cdfcedcadd4f09bf5c44547ce5004a""}"
account_rdx168v87v6kyqyrsql9l205v0mh67d0fu47ymspsrfm8qn44v95gh0jhw,yes,21.54417274,"{""curve"":""secp256k1"",""publicKey"":""03603e68ed45da1919bcd9514f8ab85b878fbbb7712f803006466252f267d947cb"",""signature"":""011a2cdc830eef9f93ec072f3769b67959981b525fa78b97442015fd429abde0835c2ca454cb8463bc186d48796afee8218bca16c9e864de2c30c740db1acb96cd""}"
account_rdx168v2zqqpet5v5a8fx952kqutgxqlpvta07xjsx98upm2xuxllpy0jy,yes,4638224.239,"{""curve"":""secp256k1"",""publicKey"":""024e2e31a6d9ce72d8e5d50c3a83b9900fd9dba3438556b2d56f7110c743b579cd"",""signature"":""01e0f35bf58f1274f2444c4461f3b4998c8fc2e897cd55412c277842831296e34672b28b517c7c3570663d9424d29625a4bf610fdc0204d15b50cfc0840ce74f38""}"
account_rdx168v2xp53qkh22krajzqv6v8q55xft0thk38gnrtwykvsgu4870v9el,yes,5083488.604,"{""curve"":""secp256k1"",""publicKey"":""023d30909a9ca1445844ec249856b2a1797cb37e3f337393c5503cf5856216517d"",""signature"":""005b2fd0ab7db860fcd8f4be051dc099cc3323689a2fcea7b43bc911e551090a086c8eba99ea731592c6c2bf9b93118c0cff2392e656062e9c0f58c9ccafdd39b0""}"
account_rdx168udu7rjhtduur0asgc7cg0ymjd5sva8zj89vcjkhmevutw6gsew9u,yes,1206083.85,"{""curve"":""secp256k1"",""publicKey"":""03c51e74ceaadd5f9444b16dea6a119467b1fed75f4353ee08b282eb246d8bdc8e"",""signature"":""0027e04fca18c0f8aff840bd19a714e5a1c5196ce381d093f48d2da8e299feb13d0d9b6c642c791f8ba591c7c343bb4dfb2c9829c06de83318686e3102145b2b69""}"
account_rdx168ua2hxwgtvccfdnjhrlzq7lhzpr78yy9dea0pgffcvem7wykrfe85,yes,0.2427992832,"{""curve"":""secp256k1"",""publicKey"":""0225ac0384e08f2254907db41662d985889a4b6d92415b59731bc7f3b155e78db4"",""signature"":""01a62e76e41992a016bafd096ace3b5ddb1ea76bccdaf186a5b412d700f28f0c906155bc7684f6bfea662a2a0d8e2419e03ec49696dcb5dc836fa929569620e69d""}"
account_rdx168ty873srn99szypjd5lr2fkvhksys7mvnngp9srt8cdqxc8ejhz80,yes,132.5929813,"{""curve"":""secp256k1"",""publicKey"":""029f67580c593abcb81a6fabf0755c0c3df802477686dfec8821d3f36c74aece4c"",""signature"":""015b911afa9cb9f4a15d08deb6ababa76e7d7a6802a5d927acf812c52a07c9f61f125e44eaeddcf3f575cb30ef5b9fc85c839f35cac6b8254ddd0ce1b9c16b40fb""}"
account_rdx168tlp705chynmfq56mu6y7dy3cy7dea3edh0nxdph838e6cuzp23wv,yes,2780568.45,"{""curve"":""secp256k1"",""publicKey"":""03fac556b0b84b0cc5197be229000d9b65b07804e56a9a15df618fe3ca9219b4ab"",""signature"":""018ff09eb8ad96740ce5de9ac631f8dc0a6aed4688c7684fa746605bdcc9edf1bc2e244d6cd16007bf586a981876b090ee008a86e261c6fad90dd05f5075f4fa37""}"
account_rdx168tez4ggz8spk3qcm0mm43smhwr79klmu75ck85ry0pjfhew4ks08z,yes,65427.10586,"{""curve"":""secp256k1"",""publicKey"":""03441e2eba5b88831206039dd592f5105f204ee29f2ba939e6dfdbb0577215b072"",""signature"":""01c129966ee48240c73628ca3ef4d6b5cf08783f488c77981163f55b799149ee8279796928f4c2119f40ac9a9cf042c8d9719f66b94ff4b258d83fa393281ab37f""}"
account_rdx168srcupcn8t02stzfkdtc2hcgp7ky5f377n0tdreurw5g9k3527q64,no,101039.4476,"{""curve"":""secp256k1"",""publicKey"":""02491f3aadd8d9e40daee537319de2fb9718e8283b449517b5bcd770ad7da56293"",""signature"":""00bf5dd7e202cd8b5af27e7ec87d9581564fcd4f791da042771ac8f17f5740e9ab71da346c0527b24299c52ae6733406814e3983550a554903b13206d2841ecd29""}"
account_rdx168sgqzzgcjx70ck3nfy3svxgkf33nz4v39jn4svj02ay7dk2kmde4t,yes,178902.2056,"{""curve"":""secp256k1"",""publicKey"":""03c94e84640b66d116f97a1b02752656ad0c5fc35cddd4235274d1e8fa8bb908a3"",""signature"":""012099820b2693f2b9a6cb73e260a79f595d9eb20b276a034ced1070e7604e581e57192de0e413129cd8fdef1eef274129cd6d41bb81d87ec9efa8dc603137c79d""}"
account_rdx168saxv800772qckr8u6rwkawwfk9watfxede8acppnrp3ce8tglunk,yes,763741.0216,"{""curve"":""secp256k1"",""publicKey"":""03ee241dd5ade673921504787197279cf94aeefaacfa3a05cadfaf0f8afc4b2c79"",""signature"":""003a79018bb205b6094a6b7d7aed292d61be9318b286f1e264188a62aa45c806643abe01d0a75f56f4adbbb7a058293dba212fc5c76bf7cd2611b9a962f8b99e40""}"
account_rdx168s4ugpq30rsk5j6gpvg00n7dhkstunv6pg60khfwme9vlqmcz4xmk,yes,329292.1232,"{""curve"":""secp256k1"",""publicKey"":""034a81d288b388fee0a0366a0ebd905a120a1b8534006d63518acd33c36a7a7244"",""signature"":""00d4031889b238d656a449b83709cc2b793055f52b43b6793561a3b6e598b081df0345c955deb71c975c1cef875780e4d0039d60386710dcbf0049c89dd36f4340""}"
account_rdx168rxt7w4seresy8yx5r6056ljd6yw84f9t9fkasavzz5qp7r3af94h,yes,96.98916919,"{""curve"":""secp256k1"",""publicKey"":""03fc367723bceff777a67bab36121327a09e87bb47974a81e841083ec63a739f73"",""signature"":""00578e26b4409bfa1e3badc03b503bb6b3b9758d219c0d106b072af09cba10446b59ec43e07806eb7634662b7b9b1443f25b7729c465a41ccf83a5995b78b75d70""}"
account_rdx168rn40d7zx4kl809e20rsa3a08279xw0ujn8em6l36l07y985cc8gq,no,2895.000097,"{""curve"":""secp256k1"",""publicKey"":""029dab60a4deb344052a822732f354eab6fea2c583c3c8573b18208b50fb8a229b"",""signature"":""00b3dec04c410733632e74597731af5c04d50e3977c5e127605ecfb6f3b5242f0216d515425bd835773bf8b5e60dc437b5c068eda7236b0ba4eb86eec776fa559a""}"
account_rdx168rcxxk39ly6sk73p9n3yfgywd6upgdxvm888cte56lyfdpzg7uf0z,yes,222353.0873,"{""curve"":""secp256k1"",""publicKey"":""032d9e62d499cf898a3bc9357195b1e188f7e526be6a216e33e65f15ee142afe1c"",""signature"":""01d992cd2555a361069ff261e82f377abc3dcf77dab381405f4ea0d4c2900aef923696ee81d735eb1d8a974acf0f032e224c07ea65285bdf50ffc973e23d5608b4""}"
account_rdx168raudh2avum7pdktvtta894f4h93kqkpkhslwzacw7tp0rf9s3nx2,no,2246593.754,"{""curve"":""secp256k1"",""publicKey"":""020c1d30f9d261599ecbb3be1b532fece3bb8af9e84720059ff545c82f35c19df4"",""signature"":""01eb36a4ba166f834362ec22ca43d21a54c3c7fc80b39457bfdd0f7e4bfd1edcd21d9f88caa2a8fb40a7dcfb566ed3aa6990fb1b8f7fc47a7bad786454164ba473""}"
account_rdx168r4nevmyfhcysrnczmdfzdds6ld5pkuvxm3vd2750gelrqfz2n4c5,yes,177986331.3,"{""curve"":""secp256k1"",""publicKey"":""038a8e5c56385592d8ce1649175c4fa86c1472b33cf9900513ee3c80f893dca283"",""signature"":""00ca9bad4d75e2d11d6cde39b61f12481ab96deb4bc56f693d07d03ddf6f7a00762547231c6ba44af7b2daafdcac2e58a2187e1c21b5c3bcb2b4101c03b9339d93""}"
account_rdx168qxlpvvjtcse0r203qz58pdh00w2fmnslzfnrzkcr7glw6rqgulj3,yes,90249.50209,"{""curve"":""secp256k1"",""publicKey"":""03596dd53cc68371b6205b8e9ffdfeb7ed249ac7d1bcb4e17c14e306b78e3b0ce0"",""signature"":""01a3a8fee3b3b24ceb5b87bf5e644c5dca601ee29c43207238a54a580e5ca682e6663cf77268911945dddd19b6c123514f6218631899b268ed65733a82964840de""}"
account_rdx168qa6tcqhvjsrdn9rvqhjcrh8z7exwdupky8c8x40qmvg7le5j0jkn,yes,9996.860196,"{""curve"":""secp256k1"",""publicKey"":""035e09f0ce0d14419ee8c4eab1c282931f228dacb6fb8a6557226a0962687cae52"",""signature"":""0034877350cbe6b6f8a598eba2e6548af5f847f1dc3b61ee4b8b6a1954f15ff9ea51e587c4b4fa3aa572975cddcbdfef30a263b094e69568cd154df522b313cb28""}"
account_rdx168ph7736f2jy8e98a5rsgq6rfgm7n8zhp6qg6lt0aa348n7pcves9l,yes,370951.2271,"{""curve"":""secp256k1"",""publicKey"":""03cd3b846e603ff4e68e4e476bd47455adfd61865c53e4a3e779252e432ea3c575"",""signature"":""01cc78b360d597e1ff7c396cdd284ba3fc061d30fab19ea1dd91068f0f4733513d365cad6fc56100391dc34b4f2925632b2388b08e4a5edccae14fdb338eac2420""}"
account_rdx168ng7xck4yr6gnj2ff0mwjaanj75u0c27rpqqd82mv6chmjrvpa7fq,yes,156.999258,"{""curve"":""secp256k1"",""publicKey"":""03cc5eef4f991d5eb708bc0289e6d3a358611c99cebae846db58d4f357f4ffe3be"",""signature"":""01675e4eed89f052fbf66abd2bbe8804de6fe18c3a3604fc34314e11ccd79ba06f1228d0db2661688fd97b40e7da539bda50d8202cc915816322d67bb34d5fa821""}"
account_rdx168nfut49aew2vm3ekeupr9qe8ed2yf9c9rmt4pf9lr2nx2ddwhmfwf,yes,42313.47612,"{""curve"":""secp256k1"",""publicKey"":""02841878523a1e861621c166ba489c71acb3ebcad0bad592b9aef80450d18b58d6"",""signature"":""01abc967fb8f106699dafcf89c0c4b2c84b1f5860ba99bf89939ab9d345b4603165912fe24d5320c7b50c1f999dbca1f9d1a4d35a5a24034ff2dd56fccbf359f10""}"
account_rdx168n3up5j7p99hjj4wd5la2yplmzjpkytf6jl6efxc9h6m7gtg2u3ra,yes,4655921.853,"{""curve"":""secp256k1"",""publicKey"":""0285d1e0f58c0bef12a2fbdf04a3bec150323d9225afa79c3d1cc78d3569fa56f1"",""signature"":""006c92dd3e693ab1dc0eaa4a09606b47ee92ce121cb3d0258a600e3f5cdc43c260200c42d65cfa7e410b7c4deea3568352e1897c5920d40cece917356f0f5cecef""}"
account_rdx168mz53d4rl0wy4tjttjedxdd2psy7fvwnmhd6dllucg4d3dh7t9n3r,yes,82785.7082,"{""curve"":""secp256k1"",""publicKey"":""02d0f7f1fcc41701c740a775a4e8b22be2ea87b71479745fa0d944833c5b4eb430"",""signature"":""017aaeae6712896d14376171743c66161e560ce814a41b81cb6eac428b227ca3ae4d35034f9ff10e309dc1d0ac2723812619f37f0228e00cc630a913bc0248ac6e""}"
account_rdx168mxgd4gwyt3ar2p6tz5c78gkezmtvd35nswy2aued4xh0mmja0x7m,yes,250973.68,"{""curve"":""secp256k1"",""publicKey"":""029f95bf867d91c7c9f92d6ed2696a0816a516e43cc9ac8c8d04f2418b35f7bbf4"",""signature"":""001902d589c3c9b6cc64fb86e867ab5de2b36961c6a5545f75e9d4bd184a8264202c4e4909ae518e55ea863f81cf488297bc65fb95dfd47f93e53dea9c78fb432a""}"
account_rdx168mqk33ap37dpl8xk3vxkywttrfvxz3kd0jn07p0le4at5ds7fwusl,no,181219.6598,"{""curve"":""secp256k1"",""publicKey"":""0302b899b1fe377f2efffd8cde3a97156cdd902b99fc9901b4efb870b8ef19e8a8"",""signature"":""01b161c77a884c692748084f779e4a9b1b946de0fa39f63167547e9e7cd7aa68aa796dc386278c1ccfae69da55192d117acd5afb9476a4a3ba9041e784e566e56b""}"
account_rdx168mglendetf77nhv0w5qhqhmzfyanmth6wew9edmehltnfgg8y25dv,yes,337469.1741,"{""curve"":""secp256k1"",""publicKey"":""035d529781120f76daa031f28d294c821f9bdce261669b7b381a33f3b0c9981e1a"",""signature"":""00d2b8437b56029e79efb2ef9b7b331e0b786804247ee4b670609f4b07972e3baa5063b7d93205536ba1b327cbe9aefa27dd029735d0d8fe05168e707e9c01167d""}"
account_rdx168md4yhlx79nvgrs7rhcmmqzu462ugg94nlms3pvtdphz2farqehl0,yes,84492.06701,"{""curve"":""secp256k1"",""publicKey"":""02a4e7aa55e09799cd81e54a926cdadbf6ab74d0c13acc8fd78971d5b59591221b"",""signature"":""00a21d4e6be17dafee28be17a06889344108c9baa10c7c8fbba974a3d6f6f746787165ce6285ca874f71de0d60ed235a0764b8d14f879c00091c71fcdef9d9940a""}"
account_rdx168lh0nwtmpgy88veettxuczdvx8hgdz9trhz90657kgkq97tcfdpvx,yes,34529.89101,"{""curve"":""secp256k1"",""publicKey"":""0337614da2146aa5df8d6a41d6cfef89a216946ab88d302199a48cf3abdf8a41f8"",""signature"":""015a1cc937240e88d9f8ade83d4035515c290f2f588812184f03059eac6cd772085dca3f0bf3fd7dbddb31c788f24809034883ffc3a0266a68b22d5e5657e457e2""}"
account_rdx168lc8h6yyzll0asuqgznhhs3tq5zjg2fs05xdqedtgjp6jzc6pv2jp,yes,321465.5362,"{""curve"":""secp256k1"",""publicKey"":""0280a0105b12f860c03d46c43469897ed247e5dcab3315a95776d1b9a24530707c"",""signature"":""004d44b9a864d5451629058c4920378708a1bde8c4bf712dd69795e67ddf03a053315439cfb61edbe2dc42a325d32a183598654066d5232426b528a1149e3d6eeb""}"
account_rdx168kthsdaht4sc2x92q379wrmkm7z4wqludpgdrj90g8hz9twmw2f9k,yes,519682.838,"{""curve"":""secp256k1"",""publicKey"":""0384767f3866c1a7062c54dddba2bf36e4b1487aabe434e60c75046994237c1dbd"",""signature"":""01d6879bb73969aa292f51f9304355fb849363a5e8901535f084e7dbf0432cc206074b7c79e14903d603cf3e3f928f4b098bceea21f0d9388cfb4e677eb0b5dd35""}"
account_rdx168kqjfx62757uk275w7sv98zquuq8qzfjg7c7ejng4lsjqz95yjcje,yes,77231.6348,"{""curve"":""secp256k1"",""publicKey"":""02b8a92b5ca7a7b4025645fc436ff31409b386f098a6a3d63780e3318133218d3f"",""signature"":""018538f14079636fac4b870734b62babef355ce9fe002fdb64c4c84ec3dd73ca196f821da7e9f52be7682b87b0e1add1b5fc8107d2d0b5e2b0c65ddd3d4498db51""}"
account_rdx168kl9t6r2c05n0e9csvp02ntfsme4f6drfzkun3s04wkyjsd957c6h,yes,22520.37038,"{""curve"":""secp256k1"",""publicKey"":""03f5d37bf8dedb1f52657377072b0cb23a2a4a585bae7853ab81aa2323f88b2302"",""signature"":""01095c1cacf6f1353130aa49efc390aac1d6ae75171e11d3c298e618965b1786bf56e876333cd235d0eb9a8134babf987df2f5505bef4827da462bd2205bc524d9""}"
account_rdx168k9ecup3ku9cmqrpyw9acl2vg2fql75tev4cs7uvypct5dp2hc595,yes,0,"{""curve"":""secp256k1"",""publicKey"":""02ec6bc92b8d304b3651d1b638416a7582b4d4bafd669288d29deab2e861e79f3d"",""signature"":""00372edd23c8075d3b00b1986473d12b32649b48494af21fd763d65f3219861b786bb4b103aa617fc4255d2c3fa6914426d649340b183c1214c845d7ad40ba1a46""}"
account_rdx168jsaxaadtssy53h4d2nh3s7lfp62l27shqc9qjfg5l0dd5hcpsaxr,yes,0,"{""curve"":""secp256k1"",""publicKey"":""02109e9d1457262115d31b4a220efabf8c710f6d8a0d8b198a3b30daf64bb3d6c4"",""signature"":""00fe7944b922877efd61e04735de35f0b475223556de76256125eceab57ebfb1913ccc094fd63217d67e02fed937e158242a02480f90dcaa6a6c8f1cc4af9dd0a5""}"
account_rdx168j3ud5fkuqykt3fejxu3hea9d6tw9w8499uadtwa6cl0c25cnr5av,yes,99.38437709,"{""curve"":""secp256k1"",""publicKey"":""02e18a138434b0655deeac97722df2769d4dddd211092f6c4f129d06e3359d4524"",""signature"":""002a75aead98c5968e5e228b79980c50319c17ae6de6eebd84e00d74e33e8ded803ef7392d4ff34a050b6f992aa24ad8e01fca03abc63f1696080f030e2930c63b""}"
account_rdx168hjfc82mn66dsl2dkl69hxlnpjf8fe6ctlkvy00v3mjt2ytxnl7ar,yes,329234.2992,"{""curve"":""secp256k1"",""publicKey"":""0230994cefadf156ab3bcc3dc499199141af6d6d0c11795f3eef097b9335b8e512"",""signature"":""0158b989f5ce97676a8f31c00c78b9b209584ef303c9702a8fa0786b89ab3e45e135ee83a15744084e11b880b68189734ffee0a0a60687e3f037cc3d13781c4dd8""}"
account_rdx168h0etal72ev8kpfnumrhzmd7j39j0d0heeh2kj02pym35n84mv99x,yes,0,"{""curve"":""secp256k1"",""publicKey"":""02706ea21d2af3603713b3d138d11e36e4263058c48baecd0b2c42734c2135e2e3"",""signature"":""005fe5808b2dc2f6e5aa5bc0da643a1996dcca92730ba791b277bf2ed05920fe8461e7497b7e2c74225ed529c534507348323966712f39061e9bdbed8f8a643675""}"
account_rdx168gx6fq8xs0qvg7xgvrjh5ckavjq4wtt406gh9x8fu44xfdu4ctc0z,yes,179127.2045,"{""curve"":""secp256k1"",""publicKey"":""03583faa3da1573ebfbd839d759a54f11b098dc80e0d2c33ca29b5e2de83ad7f0b"",""signature"":""013909ae08278506b3c6f8e57aeb699e6b9031fb162b8685502c61d2b4b61ba20d2e3ce5b1b0508effdf32c3fdcffc2a560c1dd49e01cbc3bc6cb61caa744660f9""}"
account_rdx168gcvt2v4y89gzfuu8ktd8uhfpkcdslt298kau50u69ya97c56edjn,yes,13000.02821,"{""curve"":""secp256k1"",""publicKey"":""03eaac47b053d095dfe2a4f3aec3e6b9e72647dd256b28a53cba3c08054c6af1c2"",""signature"":""00ac7fd69bcf79327fe1b180517d21faf383a6c848eafac6fbd42d6c7a16506ccc6076a8179bca0ef7a3a1611f7463b404e02edda4e8b5f70f721beb4b08393339""}"
account_rdx168g97605g3wz46alhwwy8mquduzmmn5dw60jdagcqnufyl60mmd3dr,yes,964.5184519,"{""curve"":""secp256k1"",""publicKey"":""02aac3c6b725907343fb448ee63cc1eccf7a5a928633077c30b8de950af2127445"",""signature"":""0156eb5653f15763c17260500f9f40857fc2ddde0e064fcf31d71bbfd0546dd31910649fb6280253fe96646b5d688fb4f5963640f7200718035a325691aac5ab44""}"
account_rdx168g84cadffg2qhydhe4p66t94yy627hp82anngluj0jgzqtlxp47pj,no,8391.136497,"{""curve"":""secp256k1"",""publicKey"":""02363d7d7860f6c3a1fc0107786ec7dc1330aa76170d7d5e6724ee84cf4dbbc6bd"",""signature"":""00c2aad91a36b8ad10ad43459385e87aea2799b41c8093a6fc254a7508d54a46c03f12822fc2dd954b23e45467cb0262518244bd5cdb34b88b27905b64638f82c2""}"
account_rdx168g0f33hq7yzhruhd96acqme50rtuvgmemtutczvfa7gsydkype9pf,yes,0,"{""curve"":""secp256k1"",""publicKey"":""033c333da5357eb2cf2792f953f02c9d4caa02134ac2b31a56d895c5fd6b51d68f"",""signature"":""01871c217ed72550a85a23de8fc9407a25e6556f5b73355201928df49900bd9c490e0abecc542c49bc1d765a4240eb2f898e95a187929b659c873f5120b528cf8a""}"
account_rdx168fwn5vdpnr87vh5v38dgvezusf6ym9y7y92s8hcsxj6umx7fjkpmp,yes,323081.2817,"{""curve"":""secp256k1"",""publicKey"":""0301f18a80c8a870a3b01c96f5b337bfdfe1a0e867be3dc41da1bb292c6f8e9478"",""signature"":""00180019eb3e66c93a640c5f3f6028933e5aea4f2caa30386a3f460982ac4744f33b0072b612236036327ec225631c92e66e77ec715e22c43b754cd2eb668fec21""}"
account_rdx168flqwmmkmfxkcsg8jrdq63sqem0hpepy36qhh8hazu7z5rfhtcq2k,yes,0.1662915882,"{""curve"":""secp256k1"",""publicKey"":""02c1a336485b11d89e7dbefccdedf29a558f4e54c41e2ced04f33cea823c70eb87"",""signature"":""0154d8e2c03775fb673dc08296ca86bdf8c656298c154efdf8d80a8d2ef45572406bbe372bdd4b1902b9660fff19bfe2e01298ac30b7ae58b39edf15ff71059a1c""}"
account_rdx168fjn9fcts5h59k3z64acp8xszz8sf2a66hnw050vdnkurullz9rge,yes,86052.82128,"{""curve"":""secp256k1"",""publicKey"":""03151b76a55866e1073d2779e4a8592ccd0a94d672f903533f35e9805337c917b1"",""signature"":""019b36f7049007940663431a8065ba747b499ab97599cea50042b97564e906406208e71ea990d93b76b6beff99a8244dccd1fbf5d9395942153b68cc2d1305d51d""}"
account_rdx168f7ajfmc5uc0ktrkcvn8p83j3er3q8senl4hfjxduxgzfwf64nxys,yes,1488.048019,"{""curve"":""secp256k1"",""publicKey"":""031736007f55f5662660af9b04b228c8bde1b58994a192ce17d8f31cb77dd5155f"",""signature"":""00dbb1edff7cfbd27ba3ceae66144604c522d99be4ac6a7e6122821b01dbdcc25d35d69c599bf54a4eb420ce6adeace150e2d5bb004e7f0f8efa6cc968618ea356""}"
account_rdx168ettv5gertdp83vh3deny2wht4z2xu0vg7t08v02np0khk28ps4q9,yes,282702.8289,"{""curve"":""secp256k1"",""publicKey"":""03c8ab2b8b396c097d34820ba52997cc4de24e0e045c299a257a298ca1ec9502f8"",""signature"":""002248fdde348ecee829a78c7e9fc8bc550ba86aaa6f8c4d83cfa17760c17adf3f24212814b535dbd992bcdf591d9c923ce0b373d7db5e4db575d24425ff952f08""}"
account_rdx168etawxy73lk4kv7htylk3yau9ag6mqv5nh5l7hc9n0u9hl3j7phe9,yes,16250.671,"{""curve"":""secp256k1"",""publicKey"":""028eefef37671b43efe1895d14722310fb99fdc29110ca2049ad613f674bd47466"",""signature"":""0193962c203408e17f366de62633cf0e90104528f092cee2a4d98b55a6bf9ea3c3561cbf36c6efc44e26fc493a26f7fd2b2feb41af42b600973e812619beb99957""}"
account_rdx168es9lzycsdngufp442uwj8a04qpjsajrzxcu2rf06atapkyj85lh0,yes,106125.8593,"{""curve"":""secp256k1"",""publicKey"":""0273cad5ab910b3a614b345d8aa7178a0e0da4765c4fc6976bc3bdba2109ac3c81"",""signature"":""01893a30ecf6c44212d460480788212effbcdd7e79ae8236ccb3fd60a17c13c6a2394395114e85d387a50d41a1e2bdd2530de73202bd4ce47aa9901232991ceeda""}"
account_rdx168eln3yq3t273f6v0l0v0vqkrth9g3nvwnwrter8e7hxewrdj87edq,yes,32600.05723,"{""curve"":""secp256k1"",""publicKey"":""037cbd6abddfcfe0ba431ed38372fb890d95ef43aecc0eceefd2f76f9603ecbd9d"",""signature"":""01bbf76a322f51ad8040eafaaf6a9833449a06c458a12b1ac121ce9737b42f0d212dc0944792e9a17c39f03e3085f6e4beb87da51d08614d8040d208187b08b093""}"
account_rdx168e8f4we93a64qdvux7uggpagkjzhvytpyg69ghyyaksggzqlhwadm,yes,10935367.25,"{""curve"":""secp256k1"",""publicKey"":""02ec517d99a54ed41f57a06d972ca22f33cff67d9dbbe8d429310f5870e75ee944"",""signature"":""000c119467c4ca40a6703c6c6ad3005d0822498f8b130693aeca15398c9f929fd9739615f1997dced993e2f1e5cdc30e4c16d3b69f1103f843553882f22478ea2c""}"
account_rdx168e0rgujc56g7gqgvf7u2cz0tmrj775x94k4xdkks9j94vkxakx6d3,yes,1989.496121,"{""curve"":""secp256k1"",""publicKey"":""02d539d3c2d3d7d8bdc55ea822107ce8f37a6317ad676735878b0b8247d4034491"",""signature"":""01b802c97139a29cc180d5f6298cf1a371e9390bb39554671cbaa17504f6f52fbd6b5563dc1fbb98fd5217d96f08e1573f1f57b737a089571e563a62ab0bd6ce8f""}"
account_rdx168dzrpemthma08rppl6qaxutqtqajf89c660e35cqe8nu087zll3uk,yes,0,"{""curve"":""secp256k1"",""publicKey"":""03458d00955edaa9ecd74c88ea051c4c8e9ef352244132e10ec14d9b726d5a3bbe"",""signature"":""0185defbe78fc669f05312113ec289690dd37d2e96e3b5d507fa6db7d5dd9dfcb105599aa8e56a84636ffb35f175b25760329606c8a4b53f2acb597d15c51aa63c""}"
account_rdx168dykcjta67rzr9vy7dq8dq9egnfuehpwazfh90dvpc5c9pzhpkyyy,yes,5083484.31,"{""curve"":""secp256k1"",""publicKey"":""03703dca6b026ac37627b8778d9136ea3915c989f01e50fca11d1b7157f8af3e18"",""signature"":""0063cc054856803bb58a483959400afb78c49bf8b608d3d83f82f394aecd3cbc2a7455415a51693bf877d65c592ecaf75f487a777472ce11f989d264b2ced254d4""}"
account_rdx168duyw59jr9tudc7z43ynqmctyhdgz3vwfw9pl2zkm36w82gv2lldx,yes,3311.483916,"{""curve"":""secp256k1"",""publicKey"":""03e362b56ca1f955be2ece297a8166b93bb935c85f2db937dfa0c5dbc411330d7e"",""signature"":""00bd9ad313bdd242c67b1a704d50b39c3650a18f1298115cafab835924c6eb13d34fcf359b1cb50d897601744f2c513d0c107ce7c58c3473e08e20057c23a4e376""}"
account_rdx168dudspejkjvxy5rs0v72zz6vd7us0dl03nggmmm9w3x0r88vunzpf,no,391.4065149,"{""curve"":""secp256k1"",""publicKey"":""0203a4fb067e23b26ceddd6c81dc845f3e1f8eab12a831494508ab49f580905f28"",""signature"":""010b6ef93e101fd0b9b9e91796f8aa9213b46c61700f29cef87b715bffd8e70465409a3c983ec2bd76213bde75a8b242c3c77f53bba65457ad8747990a52f37cfa""}"
account_rdx168dt3sc24gye954xqp79hjru3ewllsn2hm704q0ezp89uslc79gefl,yes,198144.3792,"{""curve"":""secp256k1"",""publicKey"":""0371fb721f299305e9499ca94e18f8aa0a60a6c22eef96880d9ffed3f758b862bd"",""signature"":""000c672bd218572891dce84b9dbf9e05b08ffab28d8ad7d92244e8249057672f1e57c14b8ab0581195c96ebab912c6864e9e95dbd516aadf155fc32f17dbcfaee0""}"
account_rdx168dh9yr2cy64g8x36wgalxwd2daahkdyw3apczsq0eu3z45wv2pxjq,yes,47940.53694,"{""curve"":""secp256k1"",""publicKey"":""032f5733eca5c70283d9b57d55aa7461ed0100d59e040cb5a7cede2cb1f1bff525"",""signature"":""00cba120c56fa5c492315019d57eff5efac2fd0699d4d616f024c3f835c76b2d37689563e99ce203ca685252c895586e4372ab0be2b6d3d7c1d0bc4b8d11bc1ca6""}"
account_rdx168d3ty7wpqxvsa0puamexg4cvzrs4dmvyqsf0ehxc42v0jrxafjzc3,yes,271896.5785,"{""curve"":""secp256k1"",""publicKey"":""039431f61f757d81b2862453b5e7c2b1462ea6f4f55625005640b2675531592783"",""signature"":""002daa8670b9cb949505d0faffc5eb53461926c2e9be064ba8cd4257e31a7c1f4f2bc07d49a2bbdb1b864994ede6a35179c285dcddae69a9cb87f6eff129e613a5""}"
account_rdx168d0sgafsnmzphqzxu40x24mz8td3q5lfk2qut6w2h7nhwp9myxhel,yes,1308380.105,"{""curve"":""secp256k1"",""publicKey"":""027d8ebb25da7cebc379489e2c0f3b339c1a016e4c96d15f57eeb8ead65dd8d4d1"",""signature"":""009ddaea4cb30d92f4f599ae07b04b7ac98dc2b498ddf1e561632596385e4977da73cd71a59bcb47417451f52c280ab44f0e955759eccf9fab7a5657b30608313a""}"
account_rdx168d0ksgqn3kgxru2k6xh3f8dfv2jr8rwf67xfcalvkxtf84f2jmrxk,yes,28.96138898,"{""curve"":""secp256k1"",""publicKey"":""028fa0496b43e24892734d261c16b738a05ddba95248ef793b04b60705a4956842"",""signature"":""00bb5bbdec975417c81bbcf4bc5955348e44978800a937e21ee0fb6e263e5debd966d806120ced793d42b110606cec298330889f9e691f540ba57f34c35f4f420b""}"
account_rdx168cruu827mlc9r4wcuuhn8anxdnmrl823vrjute8zhexy204u8y0u9,yes,1444560.465,"{""curve"":""secp256k1"",""publicKey"":""02f6523492f23abaa0685f3b0709805e3f3b6b72ced750b51a2dae9217209e4c50"",""signature"":""01071ca1e60521bb789e1784111a1e373d516b5305c645f066f2893e9a0ab13a3378c69fc78042ee32db88ff4c79e923d2fd709d215aa73bf3cd418bfcdb3995bd""}"
account_rdx168acwmatd9gzxw992syhtzx8fmfwd2rh4f300r43s24up93uqm8lg3,no,0,"{""curve"":""secp256k1"",""publicKey"":""023b159c6c0f9e0f823e22c2fd2d5603ecfb3c096fdd89f568e27cb08991d1de4f"",""signature"":""00b284e993484cd179a15d825d38ec0cc3256f143924e079e023a3b2a38ff032e770c324f7260d4d64f9ebf3f450cad8ab6f6f436b6e7e31d052a39021184aef43""}"
account_rdx168a58gghdggyznwyasjckjr8n0kseatln0yq0vgkz9mgdjguu2ynzm,yes,342835.9372,"{""curve"":""secp256k1"",""publicKey"":""03afd82e2498419ce6935984a7807fcb80cef706b446034f6cc39feec9d7fac914"",""signature"":""0011488f3109a207de8aa895b0dcc35f849abafc6b3521069a40e1b501e44d6fda6a84cbf60e676fa669f868039b84ede36d9e10d9d35ee7d8b223f98e864a101e""}"
account_rdx168a373crsvzndav37qnslz9zcakqe5ntvmkle0jw6uadzdg52j0d9y,yes,91059.18,"{""curve"":""secp256k1"",""publicKey"":""02b97d68866f576b0ae810a92ba7fbbe9ccb7f560137bbd391422e20ab8650e6c4"",""signature"":""01c931822e17e65a34c3f75d49acd55667a43d854bd4116e2ef60bda2b73ace3d973e41e874ee13f898996cd1cffba65f721429390ca286b68c6ea5161875d2d48""}"
account_rdx168a2r9zp2dq0ff4m7pw7lhcqpkayn0cd8g9v80rkjuv3ag3qx6xugu,yes,3721311.329,"{""curve"":""secp256k1"",""publicKey"":""032c6855b11955a8a89a27e450b824cd1a3ddc6f52f574d1c2218fa84dbe236d7d"",""signature"":""0104362dd04733356269715a22db1cebaf7a5ba142647e756aa0089ffb572c312d2b220281f64387b4035057585267a6ac7975361ada910355ca95ac52fad7142d""}"
account_rdx1689u35gr6fyqdeag6njjru3urcrh7cua6lzld99kr2tp2qf3gwt7yf,yes,1352857.869,"{""curve"":""secp256k1"",""publicKey"":""03836b853ea28e78f0e5b324f7b8bf9686c359aea7f35b501e33284477c0eea967"",""signature"":""00bdab852669e0962619fab262ece3ab27f46cb9ade5e353e016253d63f8d9b4974b0aa0a9056450ca4f5fff2bd667c850d6d19b091b488cfba495391d74a5eefa""}"
account_rdx1689rl3vdfej866xxp26s35rrhyh68hxha3ec9ut3wpq329pcrwkm6v,yes,980498.1556,"{""curve"":""secp256k1"",""publicKey"":""0357391567c2f641bfc0e89eab8591b33ad374214192896340f5f81e1c1b6b7edd"",""signature"":""01d2d9f03be4d609c5f8e7c3a16692d76195cf8e25a081462c4c1bb3e401d752980dd452910986bf1f0f1c7916c1e8afa49baf932e154c591c12f936fe4e90b673""}"
account_rdx1689q93auzxt89lhq4dl3hgsflx3kw4zgmcy3v44mjts8f76rr9w963,yes,7192.887326,"{""curve"":""secp256k1"",""publicKey"":""036f83fed587123da5157dcc5487c9b28e78f132dcbfe032f5742da1751cc163a5"",""signature"":""000f105dea0505a5c06ed7a9fdd886a333c3220b525d63ae9520c08782760e6b7e6e27dc53a7f5ebdc8b4c9fac2c39c6f6bfa0fb26e3f8d20add787536e0f4f8e7""}"
account_rdx16896af5ju92pkv2hfrc94wftx6a3r8smjt8xxxkwnu7juszd588uz6,no,122252.4727,"{""curve"":""secp256k1"",""publicKey"":""039b32a717c5d173499d95a90847e6bbf25379fefaf4c5e6e534260aeda96fd344"",""signature"":""01ca873daa0430689e6b101b0a80ef3531dff1d11aa2432d00c942840ffa983ccb455437a988bfb5f4e406aa08cba1f3d459e1148dce2d13b0c7b4ca7ba259704e""}"
account_rdx16895f2qjcd6gf9hg6nx64u9rgl2t2q2l7scsusazyymp06j9kmgdht,yes,59453.61659,"{""curve"":""secp256k1"",""publicKey"":""02ac60c31787c85bc622ea43a26a88edb1d7ab2ec4f311cd419f41c013cb2adabd"",""signature"":""003077242d6dc65c40ea3ddabe12eb4acf5fffb4adcf6a1ce4423c560c079e12f825f616be96c03b000cbf67ad38581c780e510cb65834d3ff7fc723dc4e8d7c34""}"
account_rdx1688dxj6a8x25aqsahl8luv8tpdzrc5wtfh9eee9f89sm6pujg4yvvf,yes,7110.699194,"{""curve"":""secp256k1"",""publicKey"":""038e89b17c293bca660a945372da1b38f464540d5e82c31fcd39814a1238f2f2cf"",""signature"":""001d88df51cc23a82f7379ec05f72da75d715a7c3421ab45f5270cc24ad196e36f060fcd84910ec1006f905ca2cfc9f3c5ce7f26ac9ac38063403ad40533a577fe""}"
account_rdx168864a784yj34lmy4ky3966tjkn72lj79z2p3yvcgcxzmlk0t3aagq,yes,1435.374294,"{""curve"":""secp256k1"",""publicKey"":""029076efaf384b7faed0c55368056217fb71c85642df3e0a1d7566357859467bf6"",""signature"":""01be6b6f77de57e6804a02c92909d7486c6706579ab6f4806b1f1a0ab08a4d13902ed8c198f567a0c746207a1e48dac577899e61035fc73f562ff949b1764a5efd""}"
account_rdx1687ueyg9s03vcelr9dxs4cv5smuc6n4qus0y22p6x59yau7j4ddav0,yes,25350.09549,"{""curve"":""secp256k1"",""publicKey"":""037d98a11a7d64e31f4a766665d5091b813a35393e73fb82ea08a34dbce9b8b38e"",""signature"":""002389648a7816c727ad65e52d1b6ddf1ccd233f6576ff815e4f2822138061d27011ea58481268b3ba511ff4ebfa15e8a3654489c02b19b4f6612a524c1f517fa9""}"
account_rdx1687kfm25zrwacfz2ryqtwdp23t98z8ph3azu3kln6fsmek33pxhnq7,yes,41834.67141,"{""curve"":""secp256k1"",""publicKey"":""021018eed38f1d9e095fc669dfb47a5906219cc7be8fdb07b887e2d666d3d418d9"",""signature"":""010da7c1c0bbf085f5473a7cd300d712911af4561d51d204d38cd0cf90a6f7c940517cda48a3978f5a47562a97a56ed69a86d00cf4847c966766b78e40169388ea""}"
account_rdx1687h27fpste8jcj9k3lgnamr9rqm2xxp6n6pya6ajk5jd5mzns4vvw,yes,39618.37873,"{""curve"":""secp256k1"",""publicKey"":""03a42f8d9e894412e344f9d832dda37709e9b360c223d81213fb5b1c6a83e79c28"",""signature"":""01e33522be34fa15ce16261ea4ed98c27b2ab6f17ecf6999461107e4a322b724c57735ff36acb48750586b524133ab7a3e0f56e95758f680c99e4b9f814ee13619""}"
account_rdx1687fh8vmcuxjtnndhn8ahedhc45y2fzqrqmr27wahxfehwfgv0eq94,yes,6976.862958,"{""curve"":""secp256k1"",""publicKey"":""039f82d6fe451b69d678c2bf84c468a9fdcd712a87ae5cf121c7770820220c625a"",""signature"":""01b19633eccfb2996ecac28b508d25355a4ac92727ef0b3b707243da2d14e3b2856c073ad4939ad8160126b6f3587637c75801e5e73d9ad8a58be1e398d840e730""}"
account_rdx1687363eqg4x4n5slqjq8u5eur0nxj4py36jlw2ndx393g5v3cuc5ft,no,75038.35917,"{""curve"":""secp256k1"",""publicKey"":""0262a09b95fc0e93a3da7f332f385ed09cf62f9469dbc1a957a6a916a98aae6d36"",""signature"":""007db914c81962ac7b69679ebd1504e31a2c48e18a83312576153f843472755e5e68db45d628dad1c4b69ac582c38a7268b1e4e449970e98dffa46deedcfd05c5e""}"
account_rdx16872qlxchfr0wwyqum5ym3yuc4e8ss873su95y6jg2ekczmgpz8yf9,yes,88464.01145,"{""curve"":""secp256k1"",""publicKey"":""02e7353a657c22b2e7b547476547ca9b36ad490d4f0ee749fc96a81d5855e627da"",""signature"":""016c62ff17e6b31a00d6f0a29016dd1850ae7683e782842d65df9d18ac3655d346336d2518456434fc1253cd814828f0643b6b93e3a12b763241d59f43ffd8ba93""}"
account_rdx1686zz4zmhyeqpjl77h2z0knc6cc39lucqutdugkua7p9tarststyr9,no,0.5169032,"{""curve"":""secp256k1"",""publicKey"":""02487eaa11db4430a5568090407985ee9af3436b0e27c795c9d3134c764b5c3c7a"",""signature"":""017e80c0bfe1c2c09cdc6c01d5752c991ad334ad10224d4871dea4d0566619742b4996fd097d7ac88e3820ec84239102e5546796e4d539a219b1aaed1e7a53c791""}"
account_rdx1686yx9w66vkp76j4v0qrpmn5fxdvve58xq3f4ust08p6zksk3nymdt,no,408565.1992,"{""curve"":""secp256k1"",""publicKey"":""0217ba85341d5cb7fce76ff25eb5c8d4167d56ed5dbe83eb812a0e33cba95093a3"",""signature"":""004a9ccbbe081e7273a0245c58340fbdde98b64b98eda4e0bce40cdeecc39dc46605ee628443f29f17d5a494ecfdc832f38ede8414b8efc7f305fe57b1aeee65ec""}"
account_rdx1686vkn8cxg2xmqkhmrygj2r2xt8g0xdjt4xa2dltu7yne0r95mnhsk,yes,1161090.259,"{""curve"":""secp256k1"",""publicKey"":""02b17ccbea153866460a5178ae09764bf1be55c998b7d89d456e5b78f03052208e"",""signature"":""005593674039bd09c7f6ff0dca8fddc2577d6c1fbe42b273fe56a716eed449db7e3862e29af4dfe5ec26b40a80ccdfc970defe0f1dfca305341b92f63efde945cc""}"
account_rdx1686dqdyg6qvkcttqu6kspvltperaenl7c8ef0tcpeczahk7a296nvd,yes,3668399.081,"{""curve"":""secp256k1"",""publicKey"":""02dedafc64ebacbfb9047932e9be6fce6dad54e940f2f8525200edb18bfec1f3ce"",""signature"":""005bd763851ecec8bfece76f34f40aee18ccd7b2f33059346070821e5705b1b3976a3ca825cce8579f28125a64574e404df56d31b73b0e69c185e57c6fd27389ad""}"
account_rdx168677qwxcv7w0e06nzw04a7pqaaev0h7yrt0aftxzsvg5n9tqmx87j,yes,0,"{""curve"":""secp256k1"",""publicKey"":""03e721acd53b7223f6ed8cf2d702cc5c350dd2529f40806e9c17940c7024c54fd9"",""signature"":""0015144fa7ae1a2eebfad429556ba3d84244e54b05fc34971052202fb512835529010942e13cfe4c0f8249e8fe05a2ab597b6b8da5fac9b90908a6e9e8f73c0f1d""}"
account_rdx1685myh4qfjc7pu9s666ww4rqmmvx22p2ze6wd5623v4pmr07xz7cav,yes,236180.8438,"{""curve"":""secp256k1"",""publicKey"":""025f4fbf762cbc43acdf2b7cadca420fe5ca7ed221b66ca3cc6714849b880fb264"",""signature"":""01ad0e2ff2cb91e87fc20a146b7a46aaf3e40dc05764fdd0e5061ff4b53a9e0df64f0e79c29c2e46225099d92f25187a5e44b0f32d603c96b7df9e2e7e1c4b834d""}"
account_rdx1685j8z642xj6g92lmxmkn05qr7uau3yym70zm0cjtypy9v7m6zaw97,yes,68341.41713,"{""curve"":""secp256k1"",""publicKey"":""02957f66e96fc560e10343a2082bd471b5dd2a9e6786dbd23ad3f9655009fde209"",""signature"":""013c9d77bc9ee75c03719cd6744a73fff5aa20854a81b358aad54e1096a09655744d2bc1a9dc87d7801a5f88b69b7525462aadb18790f735d24cc10786258a09db""}"
account_rdx1684umcgf74szz78xnn7n4nu6z5n73ashqaws03ej48jj87vudxkmp6,yes,141707.1801,"{""curve"":""secp256k1"",""publicKey"":""03eb1a6c8abd34e5086b43cd3c1fce3e95cafed16e3a0108685ad36a5eec7f831a"",""signature"":""006f0a72ad5bcc69a74e7b68873c1c92c77c71136c383e5922255c37f319ab0fc9382478a24fca5c308f995bb8664fb84b086c7a82d99d26d4e9fa31b814137dad""}"
account_rdx1684rafcev320nyum73j5kmlwqhpld33s6ua0adtefhylvxje7kwqyy,no,112.3340027,"{""curve"":""secp256k1"",""publicKey"":""038ce41d595765df239190df2d4466a268443d0abd07efb48308719e0469e83a71"",""signature"":""013e056e56a58057aeeedd4315826b3f5d4dff56ff94552437afc546a81abf5fcc5c9051e1bc48ba6bac3098650cc099c758f1c8d1da239f93071a6bca123e089c""}"
account_rdx16844wwnzdz85veu6j3wvr2n8ftphwc673a3hglnj74hnczt3nvkx3e,yes,702366.075,"{""curve"":""secp256k1"",""publicKey"":""020792914e607d17ddcb3d19a50c748480738a2afcb55b1302094fb951c46bead6"",""signature"":""00bbc4c4c65804d21ba9303a7280281e7fef56a00643f06f7f5da0475cdfe6366c119e3b7b5d897e33e7f8af4847cc62ad1ae0f6cb4581cf3a7fe4cb94fe1240dd""}"
account_rdx1683n8l7v6n7tdxz7u0f07x0g8e2u7ajxu9t926t3y4n09an4k2afp8,yes,2.509740134,"{""curve"":""secp256k1"",""publicKey"":""0361cbce6fa837f9fbfd829cae77e3e8f17ef5e9b2b7e0bbc0f23f21c6dff6c23f"",""signature"":""01f242fa8070352f71b1cbbba9cdd9305508b84becd2ab3345c8162f446d55cf743dcd439923534ebc45e99460f90b2d31cb009188e4101d481ab2ddaf56ce9555""}"
account_rdx1682ujk032j9svxt9uuv7wp38efqcu560ml42g5ewm6dj8upq3t9r0v,yes,280433.0365,"{""curve"":""secp256k1"",""publicKey"":""0217ca3b0243fb5cd1361460be6380c31c957896885adc154ff3aae9d794567d35"",""signature"":""01e89edc17090335edbcc6ee7f9bda1b661c6501dbe14f8d934cb8f962f6ceb9aa09037ddef54994dedb4377f0cd5eabeea7697ac64dbaf9665209bf860319fdeb""}"
account_rdx1680zs3p8tcyf3rs6sw29re0a3308ygqmv6ynajpd8z0hkx2yycfuau,yes,98949.40857,"{""curve"":""secp256k1"",""publicKey"":""03d365d208f44f055159a8cb1c440b94932f1d1c482b2f96506e98b822a4b34a42"",""signature"":""00ec8922a6857af12d41d540fc3d44f27cfae4787e65a53094e9a530f0b83241537b7ca6c8e5bd685440473818b10b039fb17ce5818e4044a6395bb40585aecc18""}"
account_rdx1680umfd8vhlkxpy8azk8frfwme7rk48c2nste06pv850jyzyf9x4m0,yes,699.0633471,"{""curve"":""secp256k1"",""publicKey"":""028c5d15b7d693216e71ed2b8745770c92d58ce85452fa93b937e02bd16c67ba1f"",""signature"":""0031a9258b816a0e03e8f56e1f9f887865d5a4e4b0d584e620b30985029b6d4a4a7b0ac84d17dafc94f7a22c4a70b192658b1d8dec3663fc6a1c12d8be30181090""}"
account_rdx1680tpd0k6hhxr78m8njrlzj5hc7k7gykcashw5rlrc24mk9macw48s,yes,41142519.37,"{""curve"":""secp256k1"",""publicKey"":""03e16ddd02bf6b62015ab6a74d3740fe6efb4d7f156a213311d7d0fb64d905b92f"",""signature"":""00731e4398ae1810d9e7226862644dbca9fae8fd59eb49ac548874e9c96481ad300e71ea033a643f61df355a973e1a85d73cde7d1a26648a967012640969101322""}"
account_rdx1680ldd0sgl547sp05eqdpt3x8wvq004qeh7rk54t65t7yxn87ukunn,yes,286243.1156,"{""curve"":""secp256k1"",""publicKey"":""03f4cb99b34ad2d99055519262ff490a9b831198fe83668d0c91ac0c98baac23da"",""signature"":""013fa5f039f32a73861dbbeaad487de966b785bea91a8ff5c710a1ed37e3c8e2771da53f0053c318157054e4eb54c8ca3b6a4cc841236eaa9bc4b24a8e24257d28""}"
account_rdx12yyvxdh0p85ay64lc0u20qc2jmylw5qfcfjdcrk9qt00t505dgcx8q,yes,20164.56095,"{""curve"":""curve25519"",""publicKey"":""c093b2e247e5a031846478623efdb9628ce5431c577340473cbe15fe5e4c6a08"",""signature"":""167d1b1c53fabeba8d00249184f2ce468b43a131c9d3e6e5a7e98058d0190074c55e0aa9c581da54f5a3e564dd93c869cb1e914f8b4ce9c84b7632bba9e86306""}"
account_rdx12yyvgan4aerllu40npspnl5qy5m59787qdmld94e6r63c9txqamffd,yes,87801.82902,"{""curve"":""curve25519"",""publicKey"":""c05901449b84872d17d56c6e226070f7f0ef4705a653457ce9e2237784304518"",""signature"":""c22175ca062fa1b019baf7a8563cd93189c2eb67b52b3ee22390630c85090e1dea5a87d31a4374615b247ccef57476443da983737d880adbd7b22058abb04a00""}"
account_rdx12yyv0h2yddvnna8wvrzlj0mj0pr6jpnvnqmjfzrke56v4tkkt5djmg,yes,21000,"{""curve"":""curve25519"",""publicKey"":""b6a301c7d8d8676eeecab449a0c3c171babefa9205e0b828d70fe27481d5b9c2"",""signature"":""afd96e37f41fb05f52a1fba3f4f3c258401438105a06b1b63c53cf1542aa2e30bb1ccb81016a86486bd24d0edfd780986dad6f5394ceb9247d04875ba1827b0e""}"
account_rdx12yyte7gq2wdcvsq84mwfvr567plxyun8w2r7ygu0rfkgvndlfhgufu,yes,149739,"{""curve"":""curve25519"",""publicKey"":""bdcfbcd6a2dbcde7a859edc9a541ef6323bb8f673e3d8e68d51a08eeae586b26"",""signature"":""f801f8f46bf156720d291a7511e6897efc3451e5def4c97fe64f6faa2c85f5a33a8eed010136b94eefbd258cfb232e81bb209a6956ec45487f720007f2662902""}"
account_rdx12yykv95pt3ywpt3utg77ntg2nh4dsvk4j5qadcyjxzvaz6kfyr9sw4,yes,9.227539249,"{""curve"":""curve25519"",""publicKey"":""71332e64d7f698c8111c4f20502d8ab44c579041ad802217c54bee745a97a65f"",""signature"":""e09027093e2df62aad08601d71bfd202c1c915e93bf2d7796ecec69e906d2ccac09b752b91c49b748474e8cf454a5c0e1080f98b0032556584b1548b639c2e0b""}"
account_rdx12yyh7684zl4ruufuu374pn28v4u30wlgl5drcpn5gcqauvyx6m8rf6,no,0,"{""curve"":""curve25519"",""publicKey"":""37abc7e366f2c27b0edfe69201b132d82992eab3e4bff4e99eedde7ab2bc92bc"",""signature"":""277e44eb4f337c92b5acb8cd70bd7befea1c33c91a59aaee358d850ceca348f4a7e4dfbde1e53ef529b58e3abdbf2da232d1c526cb8356fcf584377d8bf03b05""}"
account_rdx12yy5w7tth0grx4nucsqp7nkyuuumrf2z65jjt6jv3nqs4pg2pp5c8h,yes,26.94392824,"{""curve"":""curve25519"",""publicKey"":""cffee0616910992f2a5501dbc7d010934208af05c3d2c57c7b3b440eff9ac3bb"",""signature"":""75992a9fb04503243f9f9259141eba85e3d1965158642998467fd05f3655c0aa238035975f578d5d48c5985d795bdbc43c6007a9e2b2ce844d794a3306605405""}"
account_rdx12yxu4gupmvkfv3758mr7w2vlt5jqqw042nkarqr3ahvuzt32pqhwnn,yes,6549426.123,"{""curve"":""curve25519"",""publicKey"":""e616a37c71d2a8418cadc37d6b1095cb1ae47c3efc8642ff9d0ff41575f420ac"",""signature"":""4d7f5324e729638572e718474211ae08d8d93d88d7cdeccb1cd4eaede0477b2303f56f450a9fb643812c2d9f9a5b3793c004cfb7451bf352de5f6c19242c2003""}"
account_rdx12yxpewrj9q7qslashkpmqyxtem892vm8zdvjzquu82ry7rduymqt4l,yes,369.3298978,"{""curve"":""curve25519"",""publicKey"":""e5ee5457325dc20854f3cae379115cd0cc3b71f807476a5d6f6adfe5c689061f"",""signature"":""30c6720d066b21511007f7c7c9be0c9ec904575f9b43372e1810db2064b83e12adcedfdf5ad5b027d7e62135bc9662526184ec092af21ab2b5f20621824ab502""}"
account_rdx12yx6sjhg8wsl0gs7sngxgauuhx26m7tfw7rx9vre5gwvv09fk6wt2g,yes,142245.9284,"{""curve"":""curve25519"",""publicKey"":""25567c51a3ed136f5050ca9f8209f5c5a236412f66ddd17835fa8ebde41f0fe0"",""signature"":""05964406f1efdd6672b80e76ee9e8119a030f237d5d672606e2296598ce20f0c6b57613dcaa956d4aab0c52fbc497649c818a54ccc11ce755981ee7075c9e201""}"
account_rdx12ywv8ck4yx5a86pskvvtrm4vvphlt0lzpg2qhuquy3s8gdhkt2ny2a,yes,10,"{""curve"":""curve25519"",""publicKey"":""c1a9231ad23a434f0803a93f4a3daaed1729d6d6af724cff1f5eecd58a1d1f21"",""signature"":""f9e701fa5d460be9b5cffbc7ab0df6772e890ad54c9852ffaf9cb3108723d60305c1d2e24af45384eecb6cf687bf3cbfb26fa25bb6e0e195b3c17b5318bc8104""}"
account_rdx12ywpxe0ukkdadd57x2zwxhvtgp2lldhgyfpyedz7mp98gja5xeak9v,yes,0,"{""curve"":""curve25519"",""publicKey"":""d5964d42ad9184a163f36c70f8494a0ce409f4c34f406600f566cc52a059d685"",""signature"":""6bf9ebd2864e79a80d8558e922a7a922d5271fb03998a026f3d62cad51b2dcfc17935c50c26f9e9a3aeeb8ac3f1f7308eb4d15681bc5319028e7bc217dc5fb0f""}"
account_rdx12ywkd4eh8d9ggh57d6ytk757cz4h5w5mnhftm6d8vgy2fr4hgtpkae,yes,10603.22459,"{""curve"":""curve25519"",""publicKey"":""878930a8bfb1cf580f37ea5f3e64b875aea6c4d3098f1d415384baf0b5e679fa"",""signature"":""6d2986bb5101d2d7bb2a06ecd4ffca1875ad464a4e516462461c077669e60d04199b0f3e295d664760986084953c24607b970a010ce569d698c46baf081f9604""}"
account_rdx12yw9pv3qc5jafedkau2yglejp2ghcltgrh82su8n0mqlg0u2k75mv0,yes,2494994.651,"{""curve"":""curve25519"",""publicKey"":""e396e139691744148cd77c0fe362ae24a48425938b3b7ffca0cf4d643dd5b75c"",""signature"":""6fa548c6c0c52d27ab228e8a0b017ca217f6191ad4d9a9b9a432dce58dfa4319fd5ed624168f88946d71e389f3b6383bc57bf4811883a9c16b149b3950a93a0e""}"
account_rdx12yw32t4gyndejmwaqdf58p3vfsgw65zh9s5cc7rnnkalc4t9haq8y8,yes,9733.722384,"{""curve"":""curve25519"",""publicKey"":""5ee99edc80731114f78ef4e5c6d03358d166432329bb36d05dab82112d744a16"",""signature"":""22314ec3945f18958cbcc8f0f26c7fd28beb4e9a019efb9a79aa551c74a39b88c85efcbe8fcc8e8ecc71fe89d284d530401b909d2a019dc05e6617b6c0ddf702""}"
account_rdx12yw0wrh3p5kjxpzunvqnm685avnarzhcn89tm8zh6shj0a6ek0mgj6,yes,9.464322269,"{""curve"":""curve25519"",""publicKey"":""ca83e31e8761bdce893f55be112c0cdab47b6ead78117ef66b51e603c5d57f80"",""signature"":""206c47471265366ef1009f27b78c44dd893153c1149945a3af580316b8ad125a64613e36278e6193c1e6f1475b2fcdc177bdcd24a50b9bfa4eefed2e1f116b03""}"
account_rdx12yvwhzmau5vdkp7egug3m8txfdf4zmxcm04f4274lsceval9779ufg,yes,104602.755,"{""curve"":""curve25519"",""publicKey"":""d15a50fab33ac137aff90d523e6a42390f0de5b14e2de99bf28df366bd3218ba"",""signature"":""1e8fe0e28030d6b7bae818cd7cce97346f027861678e2f7bfe9858d449cd0736ec3ab32a395e9368521e1f60e9966d2e29262f87fa08aab7c8b05305dbec860c""}"
account_rdx12yvgdhefe7gsusv7w4lu6der3s29hrr6veusu8z6t472rdrkq7qtat,yes,941093.2776,"{""curve"":""curve25519"",""publicKey"":""88c71f4f9146c7c41493b8dadc5f9e5e7e8d86799863ceec754a7ba8ad123cd4"",""signature"":""2f93b26901cb557023a8beddbd3ec89a2b2ee395e6d0ff813940e96e1311115fe7fd941055fd175d403de218f98ccfc4fe129fa2330a350b48cd26bd0713af03""}"
account_rdx12yv6kqa4q92ptazq4hk8gf2aer6exjhdk2f4q37j2n935g0v0splfs,yes,10,"{""curve"":""curve25519"",""publicKey"":""bb4a114343e3b33a49217c1203fd70b2d2fb90b28899e0db5db1b916d7516a9b"",""signature"":""bcf8a440ce5b72e94455e5c3107b1bdb879df95b31ada9350d1596ebdb2ba212b6096e94b99f49772a92b38093eb64c5c71eacc5a54a0c97cb4de1768cce2401""}"
account_rdx12yv467jkt2zh4709v5cw9gh04cxd2tp3aucuvhh7m9j0s92pcnqgwx,yes,48.1174774,"{""curve"":""curve25519"",""publicKey"":""a66b6c120590b1107efae0d363ae3952745d9cbc73f38ad3aa2b879c1e8a9cba"",""signature"":""8bd2b203b582bbc82bc7c89786703391fc1b30eceaece0fac59da81da89951ba09f20da6f5418760c717cf21d6ff085ef022024a6f2a5a7935cfdb6dd7a89b0e""}"
account_rdx12yv43c07qet0xwean0ffnfqfp9t4qsjrl06g2dxj659f5uqa7ae7cr,yes,2.069703373,"{""curve"":""curve25519"",""publicKey"":""8455de3b7ba5e05e4f4517a185592fc3546f5fccf66165541ec48121767d858d"",""signature"":""320719a80f605beb7d2edcd5bb1c9f82f5298a9db6bafbcc8db05887af86b0f2316e3d6ca50cc5c4e14699a2ff12786e30f7906ed6a93aab02f196e24d34db01""}"
account_rdx12yv0sndf8mz8kne40d2fyugfntsl6xe08tfk4q6n8v990p5ru6x53f,yes,112.4987426,"{""curve"":""curve25519"",""publicKey"":""381104c212039b2da2addd048b6661b92332ccdb389fed4c96116642b797e24e"",""signature"":""218a3dbeda9dd9c40989dc7844df5b4d3f6438ab44d0a64c9020412e69e126c023a35a2135fe9ca8cef93193402160780467c511cbbc1715bf74bfbf69330306""}"
account_rdx12yuye85z98zynj0zl8dh8sruukagd908nupdz3v2e6fxjyptssvwqh,yes,1275129.518,"{""curve"":""curve25519"",""publicKey"":""411fda8de083125da89fa2799fd3dbdf4619a8ab17ddb4a4b0e09f2f07f850ed"",""signature"":""cfe131d1b24bdbfa0a7bd84c0c20c681ff49555ed8b814eae85693ce52946748826255e2359c858390146d7db24782344013656d15b7ea0af9edf83f820da008""}"
account_rdx12yum22endy6cr9p85rt278wl7xnnwu4xcg4qrhhc8xkq7229kue5g5,yes,533283.1832,"{""curve"":""curve25519"",""publicKey"":""fd837d1af870e9ab66a482d7ca17d354749b12691ab0211c9c1a4cfdf78b55da"",""signature"":""dea4589bd6099b4f8510ede35fd28f98a929e1e5be96451d04e6d13f90510b7ef6f5dd4c6d08eaabde27b48be2bde6b819e0bc79549b162363f573b94347f905""}"
account_rdx12yufrxv8lg4267rwv0whgzr8az60d9z4xazfxuwm4ycclnlxtqdej0,yes,92.39277389,"{""curve"":""curve25519"",""publicKey"":""7aefc416db94745269a2f3983f50156fc996810821262f98ba7b46259e50161a"",""signature"":""d38353ac22f29f768506503a639dde9552d61e89ff0b453f19dc253e8138ca180e085de49ffce5244d68e35951b5efae87e0883e47711c758f5a9b624b30e805""}"
account_rdx12yuavf0as44fxenexdanz4ujms3v2feyynuc8d526ga9qrhrdtnvhr,yes,671286.9636,"{""curve"":""curve25519"",""publicKey"":""58f698ef249c0ba9bf097f169f5c15662b8705952291d8e57beff0f1641f0b52"",""signature"":""9064d9b280c4458d528f8d44171d7c7d6cc6d0aadfb27f2d0bbcbb71d5a6123d440fdda6476e598247f0071d9abae4b5f39ac1f66480ea08b02bc4f2570f9205""}"
account_rdx12yu8wl3ptaka4l09h62sws0y6gzn68xftlsczd2ws0g9e9788zpgan,yes,3.723242974,"{""curve"":""curve25519"",""publicKey"":""963b8af8f805ed51b21e2595c98711cf920872ac6aa66295dd6ad97d891abd38"",""signature"":""91a3aaff25001be2cb437e3186b92f987a8d1495e6c25ee0c65a37b7e8194c9ea08a6ed503956648b743699797b5a7e31c36f0105bd1a991b4b3bbefdaa56f09""}"
account_rdx12yu5fde2y6wr6ghjvqcfs6e6s2v37uyx6y000wvarllr30gnj864gf,yes,503392.761,"{""curve"":""curve25519"",""publicKey"":""13688cc9e152806c9364b7be0345f4e9e0fb8d45befd1c548d3abcceea07a1be"",""signature"":""9a92e9c17e8b21ddd924be69ebf4aa0bef547b5dbd66eab59dd57be1cf79878b23051ba787d8bae0e522377480059e508a711134d9109dbfb30cfcf041ef9300""}"
account_rdx12yu2penfuvvehfyz9sk52rhgc544c4umhqwdk5ks56dp8xg5x9qm36,yes,0.7425130829,"{""curve"":""curve25519"",""publicKey"":""a2cc48951470bb32a5a96d6d7e86fa7202d3ba4bc057d0acf63701a3f403ad26"",""signature"":""cf0bb8db0e1e29560600b406a417b7f2739f05a4db220d8e0a84c1374a912d47fc75eb344d290c79306f7142ad66da3a61705fa80303d9e166cb37cbe07c160b""}"
account_rdx12ytzkwedpdhcq0w07qz24xs3mxrwj88jl0hqdl97w8489vjhjsws0j,yes,2822.469326,"{""curve"":""curve25519"",""publicKey"":""1194cb43e0b487e91ab85b0ca11793c47da3bb8afbcae37539a74b1dbcfbdeb3"",""signature"":""dd17f910bc6398c79b80d760f70e1e10113ac0805f097472a7fe104964559d112d0f22bee26286f4b090138f18afb5ac368fe82d4802453fe154f97f2f86b60e""}"
account_rdx12ytrqew580gcx2uhh2y0z8a8atrlqkhckw0n9z69ny3r095ush8czp,yes,681659.8886,"{""curve"":""curve25519"",""publicKey"":""be5c4afa06904264a5e46b22e6e33a268d9cbd2ff8912ef4f25fe3c578b7d028"",""signature"":""df3c9cc63d4cf8640ddeae638694fb57c27b014064e99876c7ec47dcb70eae5a4ac33908b47f6cdf4d1d8e2aded468a756c3fd16ec68077ef42708535cd5fb04""}"
account_rdx12ytrpmgz98xhd3det0hmct3f0g3qs0c0929l0fwa8vd2sg7atmdh6c,yes,11635887.52,"{""curve"":""curve25519"",""publicKey"":""cd3ccc7dd78360fd6afb0f8a273cd752f570a74dd9fb91b16ad91397e18515f5"",""signature"":""f25b555532addae6c86c11a6d9e5874678c39b8a28662dcc31207af724989eafba48e58c7b7c4026ebafb99825a06a95a72aced9721b3ffe47c317caa1312e02""}"
account_rdx12ytnqhsrvzedtmkz9jeu0g0l7pp9dkngcj6rqmcpavkxdt4rxcuhkp,yes,112.4987426,"{""curve"":""curve25519"",""publicKey"":""c5762d5fd6515c2f44eb577899eadc80ec0a2a2015fa5d445336ca93578d1bfb"",""signature"":""c872e1f3ec0897aa5acc33158286df5303eed7bf94b61985f818b54e93809b09c389a2e03519bb8cb930510c54f77978c379b17ab34402856c12a76e0053f902""}"
account_rdx12ytfuf9nvwrrfuntr5vmefttp5gvlawgr36nxhn8mu2zr4wx4u7428,yes,499071.8857,"{""curve"":""curve25519"",""publicKey"":""0c2c19768ced16b135ba8c30285a8acfae04d7a43a89bdf9e22daa40cfdbc309"",""signature"":""2264bc7226591860fe914d1a16047e79c2d282cc5d4e7070d3153f8ce65cdbf3ebdad5a57232f1f08e640cb9cb664307d6196e1d49baa5742d9b79810f16f60c""}"
account_rdx12ytf20v3nrjlh2cyh236mqe0ernvspes9yu4lk92t5sl3yymcx9yyp,yes,410344.8887,"{""curve"":""curve25519"",""publicKey"":""6b2971af8224a71559aa5b5726665a320d2d531d7202f14ebb62de4d9149e6ce"",""signature"":""1207e4b8814d3979895290ee97eb8f782eeb1fa5ca78398075c50ea61cfce10ba5824e09f358d79a1e04035604371c61e8c22381b29ee3f5d33457e9eaeba60b""}"
account_rdx12yte7tcavx966csr0jmxnk7c6hjtuy9gqjc3fw477gpec6g66ywzl8,yes,1841030.004,"{""curve"":""curve25519"",""publicKey"":""cc3ed7d33f26c5d72f28fcff5f6957a25387937580641f9e3492fba41d7d3c87"",""signature"":""3d83e8808c5555b396337fd7ad11193e1d945eba00bb5127ce7fe2cf5c39ea07ecd935a6ec24c6788da3a3557c9b1897ccc9ae0947fe4901b343c34bed2f6603""}"
account_rdx12yt4jh6rs4jgalmn447tgeyeees3ugjz6lclaf375dp29khnuvdglg,yes,858.6039897,"{""curve"":""curve25519"",""publicKey"":""9188dfce37580f24fdb24ebc6791458b88eb16d89674c6a79e24824f7f7d086f"",""signature"":""ae15f783755ea448adb2847e76832e545b503f6bc4166ba42ecf690fcef10d9cc265fdda3ca831a31bd3ce51f5d5daa139de8857c68aa671e79098ebc2c47902""}"
account_rdx12yt3gpfxsc82nh4lcwk9ppfuckkkl5e03cx5gm7j64ujzz4s86f2j9,yes,0,"{""curve"":""curve25519"",""publicKey"":""9c51c8f9d9dfe3b7897d4baddfe8868bac6895caa7cb06c4013ef0794e1db21d"",""signature"":""bdaf005597a9e22814e32980c9e1745bb6e5fab82b43e321e8de0292cecaa4d96e08ac736416afd1723c4467769967932187fd3c60e7b267576e8cbedfa29d0b""}"
account_rdx12ysrp997e64jkyq6zx40t7f752za2erjl5akec6n9mepzhm9w0sqc7,yes,8843.667935,"{""curve"":""curve25519"",""publicKey"":""cb4af69cc1ddcbe90044efc85e9f2c4fb5a8323006d9879a2c8575e98dfdc27b"",""signature"":""d261c560c7b4545253620c54f350f2ea862aa0b296ae89c188e4a20f2d2d5cab5bcc72032ab22ada08fbcfa7c00c52198e3e784078739a0bf617db6f2f4f3604""}"
account_rdx12yspstxhr4qr7ltdqqs63m8en5c09w0gj5yxwjgqe74u3lcefmrhx2,yes,0,"{""curve"":""curve25519"",""publicKey"":""67cae8a47639da226e440305322d3e06bb7368dc5e338e0b6d12983e4279d4d6"",""signature"":""32c87a8ce878481ec547675c7df3ef191ceba11784ac4170f6d7df68bd1509d79e5740ecbe41fa23fd941be59c8c09a0e0f439b1e36e466f1c2f846a0e77ef0d""}"
account_rdx12ysmarnr3dsq4crh66g6tt76j8p5avtqft83pj4rt62l8uxg99s62p,no,8995.510043,"{""curve"":""curve25519"",""publicKey"":""0af6fb3460bbfe343eabf040cd01e86d497508e6200468b9228153757cda3f43"",""signature"":""3a39701ee7bcc10b94afafd62f4544f279adb5dbc164ca774260ebf0a7f7835b5335c8c50ac1bd66a3ead88cfcd359df16a00c46710e5d99c2d6a2da0f70f505""}"
account_rdx12yse9z7m4ycrsllvuvt73yne059szucngl3hvyfmgdgws3g5eragec,yes,103.874076,"{""curve"":""curve25519"",""publicKey"":""1ea9b382432071600c0e4d4961c2d62ee6093e67e3fff1eb8a06dad5b8057806"",""signature"":""f69f55c7b3aa189c0fd69567315ed29f094450e3c4fadbabc1b640ef601898766cd65d368f9894aada103be39e1a3f0a3680497d42f4e2e11dec0ced7e22de0a""}"
account_rdx12ysd6p7j605qkh0ajmqwvxf495awtlcpmfu5x3yl9ft2g45q0d52mu,yes,549207.1655,"{""curve"":""curve25519"",""publicKey"":""763fd8fefb34fa7098b00bb1d6dfc9deb80c127f7a289dfa873c057b6cb1f95c"",""signature"":""1cde430f54acfe9003ead28bb5c9fcb2c7b44e0d6327452383489a430e5d69f23a1bd9d6efed77e0ef6528bcdd7b78e16b08cec7514ee80745dbba3cec9f4108""}"
account_rdx12ys0r9ddktcvaqv5vnfs5z9u2ehvrdvwxey9l6tncl5fvned9pz4lu,yes,21924.11447,"{""curve"":""curve25519"",""publicKey"":""67741c7065fe828553e85790edd11f3c99aa5f27063f23a2a3b24017394a8bc6"",""signature"":""52e0e5108d189f530699bf772e626d74a29cdba32fd239b61477f645c551b66a060263994cec01e1266dc0682a7f5b15854293b87688a53faac87c16c205cd01""}"
account_rdx12yrz949cf6ktcjj4wyx9fa9gjzrtt78gwkw0u3kh324z55t4n5se4h,yes,515003.6075,"{""curve"":""curve25519"",""publicKey"":""46933bb2318a098e7934346bcc3d01c8f039864e8fea53f42218e825a02efbc9"",""signature"":""b055eea9280d2e8befb3268ad12dd86d85b6a06225bead2aa0e15b000f6b08c6fc469603d0245444f8cc7ed2d883fdbf08dc7cefbc2581f4f5dcaf6e215e4809""}"
account_rdx12yrq2xzyr6n0fjkddhpe802cccvtg6yns90rsgfwy5246yladtc39q,yes,254360.8595,"{""curve"":""curve25519"",""publicKey"":""eb4781f274619da0590460d64a5a1068fec78b24b176f8cf496313b13d84da8d"",""signature"":""a5f144d92ffc8cf06d81e0d3b6699111a315cf289827b82a11ef680458670ddcaf70ad201ec247cba547d67e680861339ce4ea764c36bc167fd43579996b290d""}"
account_rdx12yrpqfumpnyfmjlapzhl8hqayqt877nzgsv26c8m0m26yjuy3yfg25,yes,20329457.82,"{""curve"":""curve25519"",""publicKey"":""6ad428b7476458c403524184378cc53883f7630f07e7bdaf7484759f7b71d165"",""signature"":""3a7dd13b4a481465dffc81f76646bbd6be0684bf52bf5359facc0a463d9edfe915fac04b80c1804554c4d26a3f6e61aea1c0d4363083b78020d384bc0a3b2606""}"
account_rdx12yrf3awm5gte53gdxej2yjnhh65wdu0g0nnkwlvyw5c0nz9thv4634,yes,86073.88207,"{""curve"":""curve25519"",""publicKey"":""0cb6798feea53d2154a241192f7d83849d9a4268271d0667db2328fac655d252"",""signature"":""c398e7eecef7f227b226bdd3c806d8ac4127e10b9bcfae2e5afa12b1d907e2a8cbef91845a93b7b07c9007fb20ab1acd43d3a21f9482854ab306323482a7d302""}"
account_rdx12yr4kwy295370juawnvkp4gu86p97e2ck5zjflvfgelmnw96adkjdy,yes,121163.5235,"{""curve"":""curve25519"",""publicKey"":""2d6688a5c067e7deeedf5c4b710e6069d92e4d35fd79925203687908733dc126"",""signature"":""02f7def827ce20223aedd49dd30ae1ddc857ec174b7ee9890c1ca265609212e4fce0d1b975e9b2adb0b161151d9b868bbd93a008a12401e7d874ee7fdc08e90f""}"
account_rdx12yr49arc40xm79a5jc9x26cn4ax4euheqdmvhakmapdqzr9gqh4ul9,yes,115475.9784,"{""curve"":""curve25519"",""publicKey"":""a6288ca1c254f4f354ef983c8000af1c0dd6aff62e0e29c17586424b95a0b1d6"",""signature"":""a2bd612c0016a6c137a62508f19f46964d9cf2636090b656ae737fe097ffa807b91675e1362b10581add8058edf2079c636633947ad85a0a5a5590c064e10302""}"
account_rdx12yr3dhqljelptjg0qle69ute4zk9hes4u846gtqwqd88fjahsje0pa,yes,539385.4452,"{""curve"":""curve25519"",""publicKey"":""dfcb635e4d1f188342d1182d7df87729e8ed38526e64a1101e72bb508a82b87f"",""signature"":""9cac7bbdcdc59a57d1c4f248d6d297d53bd8341754090bc50da0436597a3e4dbcb5de1091b442b59341d71b06871acef39b9670b4b112997157b45d9b3176e04""}"
account_rdx12yqqnj96t4vhj8h8msjhn3xvcjn2rg09vh37ekjmhk3k8y2ym233kt,yes,163.7178373,"{""curve"":""curve25519"",""publicKey"":""ca250342802ba4255a0b06025534fbd7d9e15a694a9319c68f3c0ff74471d121"",""signature"":""71770ad4ae30d36d3f75dfa839bdafa8eb08ac95925b0080240985d06a6cff760e67ca3ae310bcf9899440359c166f9b7396d45d322737aca4af3c7cabed0e02""}"
account_rdx12yqpjza754e3lrt4tr9pr599e30qeg2unj6x7cdl3pqchrjdmgdgrm,yes,645452.938,"{""curve"":""curve25519"",""publicKey"":""4774ef88b1e4dffbdc33f332f307880ea153b158c9ad8728e7a18831f37459ca"",""signature"":""9da8c5bbc81c3d7b0ef2aaf5800eebe7a639753ae5ae978b9f699494fdbab2d5d137494ae5d76c75bd500fb08bd26089fe8bc56371db0d6514dcf7ad2986f60c""}"
account_rdx12yqhkvfu2jsehxv9n6tuqq9uhdhss2nj5u4dwkc25ywp97heljndgh,yes,738965.0917,"{""curve"":""curve25519"",""publicKey"":""60e5bebe133df394ea8b632c02218aa0affe66cb8c0f2a37f316e4828b2cf54c"",""signature"":""42be839dbf980a9fcd26499e0aac563f0e3212886f2063a1cdb3e3aeb57c51236f366c7f47e28ca8f4ea7832397b08d1ca8f87da632c7c7f9f5c0b7801ea6402""}"
account_rdx12yqa9u265xagzjk62wvykkmtphvzqwf7002mc935qx6cpp49www2t9,yes,27427.71605,"{""curve"":""curve25519"",""publicKey"":""175fc833dee37731d7daeebd647acc9cf07f7f52ad2c4c034d5e9273e8a734a9"",""signature"":""a753cbb1539ad5478b151a783a2bcdb249969e2d9135f6278899458405b323875321351ab5fcf911878ccc5ccad9bf5e3c37e4c6d78986d0b26985a09ebbe309""}"
account_rdx12yq45yx2ksvjm4zxkuhvztdfw3gc96hqgz0jv2sjc3m9c8zf5ajmt4,yes,6946.936352,"{""curve"":""curve25519"",""publicKey"":""806dff88b85b4358418f832fab989a3bc0015e13a72f6a2db572abf730df2df4"",""signature"":""1928ff5f62761e253965a3882b1a74fb02571e63ead0b86e52ec0bbdfb10f9e6488ba58a03d556bb8c814eac9f0cca9d9c658d27cae7e325d41f1997708cce02""}"
account_rdx12yq2r7njvk6w4lltptzn7zm9ygwqj52ysz8yssav8y7kumvkpsex4l,yes,39.74254266,"{""curve"":""curve25519"",""publicKey"":""6634c8b13ea9e0295a5987c6c93275ce8d241fcee16133aae9b14eb741ce7e27"",""signature"":""43d21c58966a055f6454eefeefa0381a0246160c5db9526f68225f5d1709f99fb9277c17aa6c3b01e5fffdb48f5c7c3532067590f439d3b3e783f6ba461d6f09""}"
account_rdx12ypyjza3dugvvz6c52rxty0arwlyz5ax7mx8dm4qfwujf38j25rtqf,yes,426146.3129,"{""curve"":""curve25519"",""publicKey"":""3f740c9d2c2bc4aaac5961911537913a37867625862ab4ba24ff573082981fa0"",""signature"":""e106396ce587a2ae23cf6b19f634e98b7fb5ffb2677fcc5bc89550c6b1066732462c416f0f7670175a03f365e15d640633fb7dc80659ff36ed3f5ab92b81e806""}"
account_rdx12ypxx5m54mzjy9rvjem8877lr6gh7spj3prh786wmlstkynqdsudgq,yes,56.50839366,"{""curve"":""curve25519"",""publicKey"":""8bd76e82bb8fa8d00c1be54bed0411cff3e26bbf3931239a1688494b80d9f1ab"",""signature"":""1fb3e49b16f497cedb613f7d0b76eae7139344a39de045f6199625119674134d525351020f728ea9f2ba6eb0b72fa97dfb09940124863281f70b52029f69e308""}"
account_rdx12ypxuy9t7dpugrd877lvkdu9mazfntyyjx7fm04ut43qt65j4xg805,yes,0,"{""curve"":""curve25519"",""publicKey"":""37b16ea6e3f257344b8e7348c6caf983e6775721b555208d33897fc473d5b514"",""signature"":""d8c89fd19d0f6e9d92241e69f9c71cdf8ec2f29ea2f9c54d21470c14f88452b588c1e6712f4b8fad35920d990db2169cd94a1b61c5176156995b0ed51324760b""}"
account_rdx12ypud2hh66qgwk8x4ykndxmslcgfa5ky8xe6ctnt4km99xuj93fzzl,yes,10.69689636,"{""curve"":""curve25519"",""publicKey"":""a769ec83e24d5118cc5d6d0561c560474a45e3c4fc39ee0557cc9f8b3ae3b69e"",""signature"":""a942e1236901e3f02cf00a17adf4130d62f2e5cb10e5603fe9a575ad54a17d8c263c8ba4362b7c8df922a9c60f8ef5ba635121b7dccce7a3f8a867e4abb50203""}"
account_rdx12ypa00x9udj0jtltuqn358red28a43l2826rlhe3znnkwvpmtfnxml,yes,701953.1998,"{""curve"":""curve25519"",""publicKey"":""00d9de118abb1e3ebf41f97ea97448fc31ef4b6650dce408b18f379bc29e9413"",""signature"":""368e57bb3f0e64ee8b8697fadcce78c91ca3d9dc55877b4acd7f25ea1b2d712a0285dd8599a023279016c2d44eeefbfed61b7302d7e567a75562af5353578e09""}"
account_rdx12yp2a3ua5yxc7jx5q67nmn3fklketg35cvkfzffmc8x7w7d7unesem,yes,146601.0091,"{""curve"":""curve25519"",""publicKey"":""d54635bb7f0d50df6e61dc644b63e2b23453ffdd15892059aa823e9d110e0939"",""signature"":""b26ce677c6e3a6ceff7693658957824f950f65337cf42a332534ce9ae1501e65c5e7c83464f87ccf3e5342b4d6c7ca0b1c27f6423e2bd8a7a3d73a60ee38210c""}"
account_rdx12yntvduadhcr49nutqkrlxa54n74f0aj264j2nv9xmk3rtdu80u8cc,yes,1933.342396,"{""curve"":""curve25519"",""publicKey"":""c699d3c4fc3dd19a0e4dd4f11a61895ab2ebb42f8a78b1b283f3d662f6791817"",""signature"":""2d406942b70740d3636358f6e00ddbba06bd7cde7f3438dd312c94b9636d18b50adc49594cd750e8e8eba711778910f57f00f6868c5ed6a0d96c22525daae40d""}"
account_rdx12ynjeq74zas2qkwl37ljwupam7hznswmdkds0wl0j7478gtppmxzh0,yes,726.1694921,"{""curve"":""curve25519"",""publicKey"":""a8727374be455825679b31e43324cbda5cb829e208432ee8fbae8a8d99b58647"",""signature"":""7987e8687f35fe3fdd486d26f987ed943889ea7e6ce3a6afc94ead76868fb1d5fe75e934a5215438ae4f5f7f86ffda9a97b222ff685474f7256013a83b18050f""}"
account_rdx12ymzsss7wvs46zzf6qtkyw0jv2p94pyvjwa97nvrq8xjskf34g7m9r,yes,6962.108443,"{""curve"":""curve25519"",""publicKey"":""0bb0feaec6ced80918eef78fe169886dc03a206a7d79d9aa94269f6b12e3bb85"",""signature"":""b672cc0d96fba8edd2f2f9b1b9ec107766089e38fb1d40f8c95ca5fd0f6e1d21bc86ed86191a1040419c17add9ca5f2ed0d2ff8edcd3662a2f7e24e574eabd07""}"
account_rdx12ymfg4trjwqzwyggeqxq6a9yepj0g43py8dcqw6pv5nvmegfwfsnv8,yes,50.97753107,"{""curve"":""curve25519"",""publicKey"":""475cdcb1e62bfe8f0c055b4f7aff32a8e243cd8f845a2cbc2a523923269e9395"",""signature"":""1552a6b67343e2bbdb65f517002efe6e5bad75b8acae1335547bb4296f9b5ae0161925c346f4c4d9d79311d1d1a7c4c1edf373a98f5869e07c574b90b51bc40f""}"
account_rdx12ymeta8fnhl4st44ee5e0l9dcudqwy0mqgt7slkk3ya97tnk0ql6h4,no,1021.008754,"{""curve"":""curve25519"",""publicKey"":""bf5cdd6689e580aa6fc4bb2a10cab8ee0c060cc9cfcdea95838416ce51d8be83"",""signature"":""a4a187fc41a8dcd3bc1b8900240cea34beb26cc72c7cbe1abcf805a7b732c5181fc53135c4c97ef19b00d9abc76dc4eb6e48d4fad33bd19bbd99f8e692119005""}"
account_rdx12ylvhmkltmd22v6uteeqfkv2u993frp9e5e82sk40fqpjw8ffa535r,yes,171.1164922,"{""curve"":""curve25519"",""publicKey"":""63cd574aff88fe5d43fc1c22a4d542ab553659ef3bb20436bc9745ffd9896a8a"",""signature"":""02f06e0507d31131e89781b711a9f7d88a73d3da417be795c5363d59f6fb8006e214e91179abdcbf72283086975165b31fed244d3cc99c74739d261bf1418201""}"
account_rdx12ylp8uclfdup6hrdg4kehy39895hk9p3njd28hfl2u54pvxn27yyuy,yes,1003502.017,"{""curve"":""curve25519"",""publicKey"":""3396d4391f9379d79d27bc74769422dcaa2d25dd0097b6c58a81fe8c08348d83"",""signature"":""4f610eb582a75057096b94e93b5d8e24c47ce0c6472a4c645d9aa76059f95fb07358979c21e4938f8e9e16b90627b4691b8b3fc8e3563ed9ffdce68fc5deed09""}"
account_rdx12ylgx8z658gv9mhmkuasmkj0dhyc2d9555wdpxnj0q65utz4pefnu5,yes,112.4987426,"{""curve"":""curve25519"",""publicKey"":""f99d92c776228523072361227b0784f9212cc893be55e532d44a9ed832c67aad"",""signature"":""bff2f259bde682b50467a5c9f96b6cb29e63561f9b2df04657ab80a979d7aeb1b63d8c53939974afaec7bdee59a0a02f22dde723610434b54df9f11e4ee96508""}"
account_rdx12ykzxsf3hhcn8vq8mv84ddw3drp7m4fls7f78hvcq874rusm3xqcez,yes,9.464322269,"{""curve"":""curve25519"",""publicKey"":""ea62ee994f9146463e896f7a38e9a8a045b06adeed87ed8414d942e8da20d37a"",""signature"":""79edee240465e975f256c01a5dbab494026cf12f851811776988a8d187adc8fa19cf4ba513f9eae13d68a5d989b13a0358fed3625ba45e150490dc03905cd108""}"
account_rdx12ykxd5qv99yj9j6u3uy89z2c93pz7wume567myhuejgncjmhxcgp3t,yes,325.7127352,"{""curve"":""curve25519"",""publicKey"":""da81b59b85fd1617faf1b9023a05eb598a3f9d2dc67d2a7d936ebd8af1e46482"",""signature"":""4e0d008860f69b12e30fd398ae74d1d0685170b1fb47af8ad4c3a9281e993bb28e652dbb91ce8db089bc4c034dddb52c4f58ed3551772331206fe9335deaac0f""}"
account_rdx12ykr5h9lzevrq5y7kuj373ewpvw47fzpur68uljgxkg8utetymw3ze,yes,15046.75249,"{""curve"":""curve25519"",""publicKey"":""10355bdd7062f96538725741d2603c9aadb344be29df4fcc7a91342b378cc013"",""signature"":""6eb29e6d0d3f4a82647edd88bd6bc7c62457f0b9dfd8e6dbe949ab694460f45276479f362f9d79c8b9a33034b153dd7e61951d94f19f5db91290b1ca673bac04""}"
account_rdx12ykm8dt97rx449c53l45548s495frwz203u5xcjewkeru809575zs7,yes,8.472594158,"{""curve"":""curve25519"",""publicKey"":""ffe4d92b0aaa1748009a8cdd9d1fa005b15542a1de05753b48e799435eef774c"",""signature"":""e737b8f91cc3ecf9d7796ec9dfaf6b2bd9abfd034014b2371ecfeb434a7dfb5cd637d66a4b9768dc5d3ea5da5e94269fcca43e6e552cce3a7955e80ae697580e""}"
account_rdx12yklxfhp9305ypcr0pyate7s809z2p4u9sehclx9e2yvlh90au2fq8,no,108860.5226,"{""curve"":""curve25519"",""publicKey"":""72c89ad695ace39c8bd86f81380958fdf5f52b0f881d2b1aee88fb18d98c3dee"",""signature"":""22ac4794d4fed3c6c699f487fd008a7e4dbabc2947e5c2fbf246e7df76a7049df13c497b1dc4887cbe1211d0b7c70af3652c9a824a830fb40723d69b539a2a03""}"
account_rdx12ykkha6n2afju3lzeppg4gw23t9m5dxpu3q3gvq4ch0cj8lfmqfy0v,yes,4317.816672,"{""curve"":""curve25519"",""publicKey"":""b70ae61e840fc236aff2d6df8453a9ad4ade9c24946fedb84b46513d335043f1"",""signature"":""3e46f455ab3665d6872db27d70746fe23519d5f7bb57be63567810e0db61497bb5a2e3294d4c444b06fb30f5ffa5e6aa4585699f3f35969f3c42848b57d6cb0f""}"
account_rdx12ykjkn5axmeummegkrl7547zg2jcefzq3clrvgcmdzwej3ef3fvlut,yes,112.4987426,"{""curve"":""curve25519"",""publicKey"":""51a7ca99186320b8aac93cf34acaebfa6329341d9d5b34383eb6a3987d27f1f7"",""signature"":""75022cbfd8222dd1d2e952b20fa067216eaea184f73acc3070dc890c45852a400855ae66691719be9976e3cdb94ca43d54bc2b9ec990f13c5800124969093501""}"
account_rdx12ykcn4xzgah0vdtz99znts7gpqkp7kexfhk82d2n2sxa89kp6yrrte,yes,23757.77004,"{""curve"":""curve25519"",""publicKey"":""006cfc24596ae354fa40cb8c8719ff792f5e91ec95bae66f1ecf4c5cfd009b30"",""signature"":""146bd8997bd3dd4d2c1c86786d0970a578299c29fb0c73eceebd07cbcc1a5d74c87f3162e823ea1fb1959c6c0272303c874ab9c69272becbb92c5ce913048a04""}"
account_rdx12ykc307xghr2fn9jefeh69p6x8xq0atrp9ejwr503u78yvs0lxly27,yes,22243.09282,"{""curve"":""curve25519"",""publicKey"":""fb7bd8d882a2ae7fae66e4967068fe36f1706fabae67df95342f0b01c620105c"",""signature"":""c367bbfdc57b31badbe2277d0606308b8a0caaadb1582191df9537f81fc1f8c301ebc8b8a39430762c1dc1201b052205c8942770fe4dcfeff130104b5e41540c""}"
account_rdx12yk937h6qdrllv3tgc35r6y0hfwu7puacdqccwzjvvuvkhfn80mjae,yes,375561.4181,"{""curve"":""curve25519"",""publicKey"":""b86f9fd97cc7f4fc72f062b4e710e55011979b33a3cb60bd536391760c7a4365"",""signature"":""2b3c103baaf585ee8a9d3cf4cc36acd58dfbfbcc4d3230091dca5cfd72890c4c2a53906f5df4f0d05738b4fea55ce31808f82ad149ec5c9d8b1c86c837e70d0d""}"
account_rdx12yk68kvs2cvnk9a37ecgzemjdz9x0nrm8hyy6dfhfgskf7ft6kyc8p,yes,786617.6103,"{""curve"":""curve25519"",""publicKey"":""0e28ce2abc23b7df86ca8de26c80c871dabfbe5486b91bc25474f78a2ae6c5fa"",""signature"":""af9ee6f74c9821d73a098bed339e6e75bf0707c4b502e382fc86bb9559e70f9409fccbcb7f0c5c2c1819ba973df327e177d56eefde71160f7a57e80cc555a005""}"
account_rdx12yjvggceytsdq9ycnal8ye33azx7vx0culrvrh50vz048z86pm20lg,yes,694247.0794,"{""curve"":""curve25519"",""publicKey"":""6be054fab921977eb1351856cef269357cf6c4a6a1538c7ab19129fab9b3ea87"",""signature"":""bd570be7621e8db940a9832e921dd48882f55563ba72e9a73e3394404874aa413fe30f5699104ab8421a157fbb3a4cbdcd307d885e97bc8d3ff2a8c81ce82b07""}"
account_rdx12yj9fr9xd866hayw5v7ysmxcg0pdh2zx0uefx8nle8vh5qe7253mrz,yes,730909.0411,"{""curve"":""curve25519"",""publicKey"":""63c7ccac51c7bcfb3d44d5e33e7ad63baff80609e97bc798dc0fba95e3baecde"",""signature"":""914a3f56ffbb261567959458836a590c11878159bc1151ff9a1c2ecf83c7136ab67879dac740359375ca1c03bf3783431613658d3e1669f4fb2ae32214c4b90e""}"
account_rdx12yj7hk0a97sntc3anx04mm0yy9ha26724hwlmaj2eak5xmcn6zx204,yes,0.3432105957,"{""curve"":""curve25519"",""publicKey"":""15677a0e6298ea670beb41f8d88fb54639f5ca7da76276b145bba683d3bb98b7"",""signature"":""37b7d9fe528b6c81d896d8d6beee644a9eb5ff9e153dfc29ef01bfec5111118aa3cf87a125e8adfaea1632142b077272022945e0aa05cc649032235ba42a5400""}"
account_rdx12yj5dz4qlecr5fdjchgjen4utrqxf80ls3sjm9amxe02c4kx3neu9y,yes,872.0649485,"{""curve"":""curve25519"",""publicKey"":""0e91d070b5686e5ee5c5213a2d3dd566c3c6d96a8a0442f08d938e5b57046e4a"",""signature"":""b946a307dfb3a52e642d9240a9de8622bc4d2daf29eb543e2567c5aa4928fbba148a5813f14f10d7769e493c6672c326b92a384c8b1bc09ccfb5d1876155380e""}"
account_rdx12yj3q9wzwgwkjs20y7x5lrcyc2ycfyv9rgxlynqs0tw2ushl730e23,yes,88249.48619,"{""curve"":""curve25519"",""publicKey"":""6179c5d2aa0b1ad22af90376dac33a07d1e6562547ef1b103f436bbc8ee24ed3"",""signature"":""ad735b182d655673a6456ef735301e6815e38d1b3d7eea7eebfb517fc8563721b993517a298d0a15316bf026a2a144046b6a628ce922b8f048e5c8908c1df70d""}"
account_rdx12yhua43r5nrkdlwlnhgfpck3y46nrhkttat7y4m5lunxz9cqn484x0,yes,0,"{""curve"":""curve25519"",""publicKey"":""7257bccee5fffa21c73aa23139526fd005267b1d53cef5878bdaa771cc243950"",""signature"":""4a3cbb1cb694e46ab58a199394086929babc8d899d82eb6b94aca882327ac26dc84d7fe62f7b1643cb543446cf6b83b407fd6cc18e47f0249758710f7683a302""}"
account_rdx12yhn4cv0zldqlnym2etkflltqyet6jpkeggj9zsz62y082tevs0xsu,yes,15071.07463,"{""curve"":""curve25519"",""publicKey"":""c964c3a506befdb1cfdc0e9c76ed64f8e64db64acfd57fbb7cfe953d760da247"",""signature"":""7575dec6063e2b0ba12ad2bcdeb2eb7b280f492b11aaeecc8b481412ee9aacb5787982f47b0b1b831f1edd04088b15e99109600430605ee4c1563235c4888a06""}"
account_rdx12yhghxwnta7htzads2elauwj6fn4krztudykhzh899d8l39tpzwng4,yes,1764204.464,"{""curve"":""curve25519"",""publicKey"":""c031c563a33421a9a729eb46fede9b0ee6bdbc624b09072da28d3f7a0aa870cb"",""signature"":""f010d51a1dbc2e18742e87d20f8154b32ffdb77c8da0d3b3418133fe9bd650cc0072985f603bec7712bde0adc2026f2ecb006af04b09c82c8af58af8ca64b407""}"
account_rdx12yhe5vm49smclhtjwgtxlr9lwclws47nwg5r34nwsd29fywa2lm4z0,yes,12147944.72,"{""curve"":""curve25519"",""publicKey"":""3492943dc1134986a5f713ad4970ebaf6ca508b56dead074b5805f8f0b589ee1"",""signature"":""58b7c6b481e49fd0fcc85769babd462318fd365f9379fb692c5617fc74327c8bc7badccc5a5bb831278a02114da251f18d7398d83abe3ef301c7a915afdc900d""}"
account_rdx12yhcruy2learjv9tk9v03kkcuuntltsnd87gmrr92sm0pzfyqwa6e9,yes,1013401.66,"{""curve"":""curve25519"",""publicKey"":""503188e31c878618309a2044a3ad541886b6e666aa87cf4678cc373b74edb1bd"",""signature"":""3a72247542866cbaf83510cef60c1c78c781d276f533f29df60872506fecc773304d4a29aa4f2575d6aef21cd9f9a8c4e7db5d69e8547d24887511a7d567970e""}"
account_rdx12yh9mjmzd9kvzjzg6qt3y2fzg2su5z2k7jghqc6hlzsfj0n52f4976,yes,6615.278934,"{""curve"":""curve25519"",""publicKey"":""a0556aafff105f62dab2109ad288ba2c5c71447a261e3727bd5119c5d4fadc94"",""signature"":""533e6551a25fcf8fd09a89afcf000ed1d21eba845f1bbd4c8fdba599102986a6bd5dbbbecca111719d6716ff23b244c9c3d9d56c292ead1681fc717515738007""}"
account_rdx12yh9ag6mcv0ltl2zlhunyfsh8vn0em9hds6zerlptqndzjl7rq45y8,yes,501396.4445,"{""curve"":""curve25519"",""publicKey"":""6dbfbc69af1048508c6f71b563b2bd5cab0b6e2614746f94fddca2af34c2748f"",""signature"":""f31ec459822f75dbb396064bae2c5b20ab059aa0c97e2f9fbc30c99e64aaaf2206585d4b37c82fc4da83c45d692c6a6fbe6350abf5f3713bd1e9a58282737101""}"
account_rdx12yh8s57p0hfdngxcjmp4xvw5006t9z069x245epxky0ypylg33d8ln,yes,9.291601189,"{""curve"":""curve25519"",""publicKey"":""ac8b16934b0e11833b49d6ea7083c555ec98191d5bc8d63f971b434ce940cdb2"",""signature"":""01610084829852b17d4f61ae255203e2f8796175bd2a75bb7612597731ccc429ceeb48016731bbb93644143605579bdfd2fd223b205396b70273b0e37182410b""}"
account_rdx12yh8g9vjnx3l72lxlfx90crd7hx6sstqw87qvt03397l7xm42eddgz,yes,3.755279692,"{""curve"":""curve25519"",""publicKey"":""824670a120f453c2584fd3b9da4d93e835f3af2fe0d5618a50451fdf75530409"",""signature"":""8b4169b28be81599f3ca661d546345c64e5bad8f8470118b8b5790a86295b8546398dc1c2a6d34938354ebc76615aff0e73f963aed9ec85ed044e1fa7f94570e""}"
account_rdx12yh6d4hxqya7aftcpsl9ns28pndeng0sfxcnwdttkhpzsmhwwmt0vv,yes,480131.9879,"{""curve"":""curve25519"",""publicKey"":""2c05cea08255cc026a81b90daa43e85a64c4899b662273bcd924a143fa0a1900"",""signature"":""db0dfa5b03fc148c1e34f0b3709f5a2ac2e941bda8cf5175bc5f8a3a3f97d3ef37d4bb3113d7398beaff8fcaa414ea184bcd14fed5d219b33a671accc810ae0a""}"
account_rdx12yh3m84s3z2ew6fpwxyajscqy40j6lnvck8vsnna9c8au5vyjecv2x,yes,1001682.723,"{""curve"":""curve25519"",""publicKey"":""21f693232e041f099c51a7886cf82f2dc932dfdbd2eb2746f97c2245255e5594"",""signature"":""f92055709b69db9ace7e1ba1ee56c2129a3b4f341254fa8c8dcee57545e025179cdb50d846c4ada7b4878b8a2d918ce2e9ec3d49d1c83358f6c43facd30bcb0c""}"
account_rdx12yh26uwtpjyzde7anku5rqmqyzpfj3ay20gjn5xaqy5u99gnesrt5c,yes,101643.6012,"{""curve"":""curve25519"",""publicKey"":""1afe7669ee8551adc3c191656b0b5da93ce66c08e2b739e29fa283ee72100ae6"",""signature"":""8443f2a6ae632dfdfbbc7a103f78f452e295affd9fafd0d7d4dfb0fa3a2037a417e7d1149040bcad83fad1392a6897c161a6f42392351236cc262b250504b406""}"
account_rdx12ygtf4qtduluwzqlt4y2rfvhrjnfp9zpqmwmsp8mwj2xy5jl6rekud,yes,1390.564858,"{""curve"":""curve25519"",""publicKey"":""01ccce3bc689960bb3c8a18cd5424b7e282c5adecc9f0f0530c64b9fe48846eb"",""signature"":""cd4cc71305149aeaab8ca99524b36bf9c39f1daddd805b16f6fbb452b1540c1d534ff8931acc06cb8dcc4c3ad5946b9b683a363cebea674190418b5307c5180c""}"
account_rdx12ygn4scwz5kw7sf37gnuknz928zvhzw2quzpu46nrnv2wyk7u6cqeg,yes,1.131588665,"{""curve"":""curve25519"",""publicKey"":""63804e5c138515f617fa1388dcf3fbfd8a18c91e1fd76fbc77a05b7edf768b1b"",""signature"":""89578601bac1896b28df8edcbcdfd0768ba7c128570be6f4bcb56ebbe97ecf4f0d90f315df27865d2ef4ebeb7bbf19a9587afdb31b66fc299f6b11426707c30c""}"
account_rdx12yglca34mgx56t39jz5eewhew6x640wdvl2nghx6qsl5t70htu3t2p,no,20.3370075,"{""curve"":""curve25519"",""publicKey"":""fdaf749a4a39f4ee4b371cd7078a049da4050178145dcbeabe0e2189eb3b391e"",""signature"":""798253a4ae0ef18a1491a1a84f82ad012e4a201e1a10e0024e6485089df409322483ce363cb75bc584658bbbef92cb084b554d7c56b196d04a94194fcdf7a40a""}"
account_rdx12ygclmxdwn64kcqc8qtjdz3m7apdzdv6ua7cn4zf2qk3m2hpa4s9kn,yes,1.40988237,"{""curve"":""curve25519"",""publicKey"":""00bc879befb2f680e1ba317badc98bcfccfa62954d54bad29382fd357381fa0e"",""signature"":""ea70576d87e6646422c9b22080dea1296b5f35d5d5c38d402fa2fdbba16291fca4b63ca6904b23800d1e7f6197572d571453826588fed0b8b82b956ce7dffc05""}"
account_rdx12yg9j04ygpapemzmlzm6qk32hdueyjn9dffq0kf8tgdfxkhds43nm2,yes,0.7425130829,"{""curve"":""curve25519"",""publicKey"":""b34f194ef6274c54a0d0009b5ae828a66b1d18e62525f5e47ac2b6de4947f67d"",""signature"":""100047e5d819ab164da72b431ab4239d01c077e56c32deefa97c16c43e0b90e65198b58a346947a200d40a373814d4db95a39839a50edbae42ec71047cd4f90a""}"
account_rdx12yg5yqd794wa8r06gpp0suu3pcxhzu7exp63zk3uvdlu8x6r4e36q4,yes,237.3111585,"{""curve"":""curve25519"",""publicKey"":""5286a60b6d6baf88b0dec6c4c74f0e33f3ba9563394c8c460f5a591d00e4f515"",""signature"":""03acc64b807245b928a511f4fb8a6d9c9a3599dbbafc6ffebad036b03d8bde9381480365fcc26cf1a30fd2eaf81034e97eac62d826b4f53a8e9038f7bbaa5501""}"
account_rdx12yfwgvavnl830gkkmt8vyxvx5l9wxv90a7zy6vftwxuj75rm50nx24,yes,122.3963773,"{""curve"":""curve25519"",""publicKey"":""f72fcd23ec602fa099bce30e858d5e2813302494853723a0d653b3ed83d33992"",""signature"":""f07c9a6a3fa8dda4b5edce31215df2911472597847dc29e13323e115a1bde08770064f259d9be8f0ae24251855621e8721268b641df3b8cbd459abf225e54a06""}"
account_rdx12yfsvl7lhmzkk7ynewr68xkxzn9mrwk02saf8mkrfqh6t0wtn09l4c,yes,1.796452626,"{""curve"":""curve25519"",""publicKey"":""3cddb808f66e1cf2a1abf2d2666cb8f22e6902c90a91efd02c277de717380814"",""signature"":""03f253afb6ea178b3107bd15b321f19020d9c9dfa5e0f92d8560f5ee527157db87363dbb89deaca8cbb17c25ac3ea83e2eaa567c64f14a304fef14a84260e409""}"
account_rdx12yfq2ssesu492kpqp67w5ea6fyxf37kpyqn8nt9xxggmmqf4xvfwjv,yes,134.7687667,"{""curve"":""curve25519"",""publicKey"":""ec96690447622d9280c7191e46d60a0dff1d0b43a7f3e59c4038f9d9b3ab84d1"",""signature"":""f0261598d0aed08308f1cd0bcd5856a3a2edaa1042506e2fe22214281e9c37bd66a278f0921832bf29af0bf3b529b7e53432c5be043147412356da20667c8e08""}"
account_rdx12yfkw9fsrl7usahjjyuf7paem3rcj6n9ktpeyenre4343g66vus70n,no,37239.65899,"{""curve"":""curve25519"",""publicKey"":""5d0171051e97fb9b01a1907fe4925e92635f7a5cf305843156a89f362cc8cb6f"",""signature"":""2293da245ec1012bb1e7543f7f75b3e0881f767b9790f3f51da48a6b910e94b3890e9ed18a504dcecdf89ce016672bce95de91854761dc5fdb66d5ddaba0e80e""}"
account_rdx12yf63zk9a26x2rcd2ps0lxnrxrnqky28v6dt56hkq9ca3jrfephehp,yes,6902.628186,"{""curve"":""curve25519"",""publicKey"":""0b836dda047a22db2921882317424e5cecf2a30f1f163f53277e37a618685213"",""signature"":""d48e3a9a72de4dbcd7841677d8f19f19b71de33410b4c548e6793f635cdda8a84f68a6f6a36ec429b5ae55162595efbebd71c3026395fdb6b702ec14148e9103""}"
account_rdx12yf0x4294348rzfdt6cw4p8h4qqg2pxrv0zkl4h8jpump6fcr6ehh8,yes,6830.681713,"{""curve"":""curve25519"",""publicKey"":""a274b7b529dd510fc51c399ecc6814e92425e752bbafd1b305e3eeb0aba09f82"",""signature"":""1068c0e6c0f5c857fc4acfb18929a723cfee959598096d1bbda5bf3d1b898eb68a272835811a34bacaada6054e54ae2d0130abd3ede014f52e3bf06cd785f802""}"
account_rdx12yeszels9kuk0fsfgmcqey78uysxh7grkpgaw73x37xdg995vytlsr,yes,0,"{""curve"":""curve25519"",""publicKey"":""bbea32d25e58fdc7ee99a1ed958af47b0a9efbc35a7e4dd4ff8fdc7e0849d1f7"",""signature"":""47e44011e92824630eb433b45ee98be15ae357ef6dc088e02ea1634da4e81ddddf5de4204123320aa393f3bbcf8b68479b93355603c87d4496d753d29650c402""}"
account_rdx12yesgm2haapkeqt2ueptdc9zgy2ykrdjy0hmxa638m7zjvgnfdykz4,yes,50,"{""curve"":""curve25519"",""publicKey"":""f2b4cb149adc9fb5a36c4ef546bf04308741220c8b9497455837e9bbee8eb72d"",""signature"":""01e95cd360acb03385a78b04fe6ff80247d83c66789aaba4f16439f458f4efd3423bc7b495e2ce1d407c6defc741223d590a09638ab1ba76e12cbadd08f26f00""}"
account_rdx12yem66wgm2dzfw9r6hscal88lzth4zrpzuduq986mu7x0gglsg5dsp,yes,73634.79754,"{""curve"":""curve25519"",""publicKey"":""849c464ebff123b3723f21baf2ab27ff536798ae9949795b9fcf9a06e4ce521a"",""signature"":""b24c30af2b2e38e230bfd6991eb16d78bfda52838f47c1ffc37793f4d60da2749d2316b84639e6371b626897f8d82d1330da1b076cb5a56fec026345a232cf0b""}"
account_rdx12ye0kyaachpecmssxujmdc8h3smpyc8u6zhuuujhdqpjensx8mjyg7,yes,10,"{""curve"":""curve25519"",""publicKey"":""75eb68e0e2a47b780dcbfa0cfb0005f81c5ba226b11e7b173bb7ce4d18132ffa"",""signature"":""037648df6aeba3516322f516595e88435909c5d19f49b0b0c7cc4278060c53b72b56624076ed1184bd4ebb3f7fcc2014968dfe40ff3321b19a1dfa497c6fc108""}"
account_rdx12ydwxuv8q6j6423cx3ud2n6ghjz70n2mx9lyf2tud4ns4f8akqqdk7,yes,422.2734621,"{""curve"":""curve25519"",""publicKey"":""cc0923b1b16f8ea33fea707a74419a93399c65d18a077949283f634df7135970"",""signature"":""ee47bdaf6417da1c94f4e864e8475f11f5506f582250d6592acaac57b0bd4fe509558c4659d3b79e507161fdcb55abb676e3e51a2c06d4e14d42a96909a0a607""}"
account_rdx12ydvf4hvza67f5vy47udw7cwtkjex5dx8qsqheweev0mae7eajs3ph,yes,762134.611,"{""curve"":""curve25519"",""publicKey"":""790ae3e36d18bcae58564e7d05a29a7f56b4558e1d53a43c656eaf7460ac9419"",""signature"":""cb7ed76a8820333b74261153a170cba00ee082efba3a4b9145ae5af0c468737e9c706b9097eec8d15527e680029d7340c678d3e9f9679f1f48e00de4fd7dd705""}"
account_rdx12yduv7dse4vv8dlxm5m0fg3t83dwaaeekenk4xd6nfahnc3vpkwxpp,yes,44.01220964,"{""curve"":""curve25519"",""publicKey"":""79bac5b20280834df7bc303697353a92bacd6567cdf0b6b90ec585fbbd1a6952"",""signature"":""1494f813937f4c35b6614b556b862d98c450927c9b3903b8e4d273fb5bb45398cf99dbf5c374f65af4af4797a5f834319e3b9fe574ff470e8567db2ae3eb5a06""}"
account_rdx12ydr5jhahfr60lel3n4svywg2lle7q6ku5fcs6ku7vwzzus9p96nka,yes,139546.0082,"{""curve"":""curve25519"",""publicKey"":""8eb9c9a8dc455512b420c32ab8dd55da0cf1839cba51c915f1a2a9392306b422"",""signature"":""787d5ead2512a35676777254fe4b92b061208232eea0187692faf5d73ae36119e314274dfc2957512a2a03c0519313c3b778cda067b91d8bcc4f800ccdea900e""}"
account_rdx12ydntmuwy2nv22z8zpk0pzu5zjjp75cyaaarcwpnfklxqjur99mqvh,yes,426170.5862,"{""curve"":""curve25519"",""publicKey"":""11d20c660e149d88d677b55c3a7fc9736988820f9bb690330798564f5d14f00d"",""signature"":""3e7c4a513dce1ba5a8e4c09c787195f9347aec741f50868b4793dc148b114948186422e2c8c6d6b5900517414e92121e05c11087d7d6b8ffb29eb8a2685efd05""}"
account_rdx12ydl5yt8d9al0yfef8d2ng4nmmu6mfjm4xr460dzyhamuw80kkelqq,yes,718428.7233,"{""curve"":""curve25519"",""publicKey"":""b61e882af564a329e9596c7bd470975924b368392a2810215dd089c98851bf9f"",""signature"":""bb51005ee56f79c0a7ab2b8be25b271e623a69d4e177d86f1b28395ab911b56d6366a76a30df3973f4d0e80a85b888dc5c35f00bd5a4e7dfd22037c2b81dad06""}"
account_rdx12ydjszp9d5skvennq4u6hvue0hasqc6ltewurrfz260xt7ss8vavhy,yes,0,"{""curve"":""curve25519"",""publicKey"":""a5f6a6e0f4b17dbcb961539b833abe773e0f4e95210e8a397a62a5c99429ca72"",""signature"":""828d4f3bfdc7404dd755890ac704a010f91a867aa0be032aa893e2b91b727573c5dfaee050d827722cfe9cb5894fd65aad907e09a17fb7577cc62b86c752b003""}"
account_rdx12yd8zeppnwpxvwrvk6e840k9j2s3nzcpc4u5qtpmtzv8cnku572znx,yes,742.1052603,"{""curve"":""curve25519"",""publicKey"":""cf86565f01791e77bc93c02fc097ab85c83851c7fe3c3e3bb381ee9f2f61844d"",""signature"":""5b7e8a72417ebb4df2984ce7b15c844ba3829ba2656048c35a5298ac1a96530c15e0cd201af949cc5da545f1edf5bee4ca792bb57c0dabc4530db916f43a9105""}"
account_rdx12yd38ze4mmt4vm6fktxjzqyy7h00afhk6g0ww6rntdmfvqt354mrwc,yes,169.069084,"{""curve"":""curve25519"",""publicKey"":""a957f13b5b70a7525192139528f1e692535f8a2f85c94e0abce0675bea762f62"",""signature"":""2dcf23d81ad4f0c2be6150e8dc186467853078aa6f393ca095c7b7954eac44ff594508c1825bc39e4788e08ad9e7ef812d005ae3fb57ef421a347f92d0a79d0e""}"
account_rdx12ycykv6fnaqvxmtrzvm0xqlwt0wjljqecjjsltekx9qkmxvcy5xdsm,yes,3758.599311,"{""curve"":""curve25519"",""publicKey"":""f014baa4dbee98dde36f6f8672be880e57bb17475cbe04cce269ac697e2ade2b"",""signature"":""799987e4b72441a95af9a2cefd2c4b75723d23eb5cabb022630d5ea9616a5b4411a86d39219c668c61b607ccc99a75f3143f3800212040dad3dcea095d7efe01""}"
account_rdx12ycmcm4vp7esy7apf9n3k79qlq03zmwltlqegmh6vk0d4w9qn4pl4l,yes,150019.9244,"{""curve"":""curve25519"",""publicKey"":""350e54f8bb53157585ade4b03a4f62e74750ad62703a6746f46ddf54d68afc80"",""signature"":""47ded93689857bc6451460824f793ceb6f50cf8fb65a6c4b7ee10a19aaa769355fa3b421b3480a6803e92878a6aba0f74e1ba3b689872776ce3adbc87e51c80e""}"
account_rdx12yaw99nxktwyxwlfh9773l2xsp7px4zpks57z3hr760z5pfm79p4rk,yes,112.4987426,"{""curve"":""curve25519"",""publicKey"":""1f5311b091a09c41b10368d1623efc541de4aa896d33157c4627c508ced72a79"",""signature"":""77f6e9b4b873be75c6d073717ffdd872e6625fc813796329881d89c8d92870f3d027285fba33990849ed9b3f244411fe89e56b6d7c66c08d0bf2948f157a8b0b""}"
account_rdx12yam9te37wgeregsz7gyhmk9qpurhjz9vaq79egde426erpytdsrhg,no,99971.70426,"{""curve"":""curve25519"",""publicKey"":""21320cc6c5cb169835806100a29566b7ec3344467bc03d519b7005ae06af73f3"",""signature"":""56ae7bf5f75e1fddecf57521bf9f28b0aa5b6ddfb53e7dc812c086b34a49e51024dc1c86155db8e69cc4ae78a076640bd7e7db9f34e772ac626a97a843a91f08""}"
account_rdx12ya90t6ydglh7e6wvxcwg7llcyhf76kdzmhaf9t30dm6m00mw6r5x2,yes,1653.178793,"{""curve"":""curve25519"",""publicKey"":""473bbe78bc45b75e8be40958a80e114ee859d0974f1edec813222710a43c7ff3"",""signature"":""2a7c87b6005a3f59d27a3d2d19c58308cc4cd8e1f58fbb1aeaa9faa2bb2e8580799dfddce2fd216a23148896e6f8d56923d84ed6044d22b81ef797fca86c040e""}"
account_rdx12ya757ljtq2p9z8rnlxnj8lkwfj9e2xh9e406c57d04sjx4xnwgkpt,yes,147335.4188,"{""curve"":""curve25519"",""publicKey"":""9c15cd21b724456de081d4f4b30bef389fb788e7c87a91497cfa60c00353c617"",""signature"":""8e7a3ccc230f682b9368c6d992af1172977b266586ce7a513af294b8d8a4e986f8b8a88f3c6c8be81e5ad0bd964397cbf5e3a0e6e27adaf809fdefd35e179307""}"
account_rdx12y9rw7kkgs6t56fthrv70s58fszt7atjnsdvaygwu75t7q27lngp9v,yes,342052.4685,"{""curve"":""curve25519"",""publicKey"":""6acecf34c2a6eaee3dc757c7967cd2702aa752cbb5c3f4deef07c049da167380"",""signature"":""4be9c88bc30adb7381ec36bfbcf962ca2e88044a1d8a4a10ea0aaa496dfd9595f435fb20d89493b546b97d403b033d1ef47175033dec0e9ba7d5e44c02967501""}"
account_rdx12y8zszmut6gmdrf5pty63743qqc3xfc7jmlnzqvcmsghj796lhzlg6,no,686624.0478,"{""curve"":""curve25519"",""publicKey"":""d0e7d33a4f3addf054ef4b18fb4665508a410ba9ac0fa2f242c5099d0527f8ea"",""signature"":""4e540d70d1387eaae4b0f15aa69c68c6e6bc0e8a2fcd745f688185bf5246caaa0c31f6f4154ee3aa972de4756753d6eb5b298a61a36ff64f3545e5bb5a82b605""}"
account_rdx12y8zkwnml3xh3hgxq636qy9l5326fqle5kekcjxu3ywqe0fscusr4f,yes,0,"{""curve"":""curve25519"",""publicKey"":""07dd336448a0352eb42e2e67e0c470a16fb129f64f34edfebae9ba1f625a2be4"",""signature"":""53cacdf01eee7e6c547ccaba1dd7a866fb4358207837a6e7a232eb12dc0269107ef5dc7c37e55fe1c7c4b1103ab55a3b300ee5f1006a57a8e0ebffd9c0bbdc0d""}"
account_rdx12y8wjtsnfthhvs8rtwsz49p44c988203mfkjx3c2clzc0qg5ad8c78,yes,6656.534414,"{""curve"":""curve25519"",""publicKey"":""a5279cf28b98804b2865a0bd0e84122232bd9e479dd53a2ecfef30290be48373"",""signature"":""9417aed28bcac53d68dc1bdb28bccb5365e4c67775b5849fc119019f252e26f482033793b84426de85357eb3b2cece25ef64d86bc3b231a09ee47a37f8067c03""}"
account_rdx12y8u2kz6gzh7ejzunvmzddty55dgsqrkj6lf407p2e3e75hk5hzv0c,yes,901316.6576,"{""curve"":""curve25519"",""publicKey"":""e65f8be5a1073c50efc75c6c216674b035b0000eba305488256f925c8550bfb6"",""signature"":""42d2b358ab293ef2f8eb36308c7a7db0ba21b4c8668b79e7f01295b193e213079408b16d50947748cdb038af4eb1913b2d1509e57683048d3ef6dcc99095e303""}"
account_rdx12y8ej0ydrf6eepnyq84ff4gqwev93y75x3lq90rzqs8yscdaf95lyw,yes,9257.67095,"{""curve"":""curve25519"",""publicKey"":""e745ee568481b4abf79cc3bb091db04085443c1d2a029e9c3eb08050a683b43c"",""signature"":""fe44d325e5588f85e98b0764da431fd1cc02b4ce64e8a26e5406b082254c016301f4d2aa5e21f62547794bab46aeb96b77f2b7fe2dae79416090b36e47094209""}"
account_rdx12y80hwxwecdga7rxkupkrgs6hv3xtnq5vpelckqwhkvlw4pfg79uh0,yes,584.4693647,"{""curve"":""curve25519"",""publicKey"":""87ca2b39ca28e26b5c49afe32df5ed8028f9aa9919cad827db1359130b2e69a5"",""signature"":""d02c73d074c77ba93b4b636292aa94455d9bad7b587e5d114869551f1134c8924afb5ab408221a63e04474ff92ca981a3f1527b71dbe9b7e5d27ca8a3eccd207""}"
account_rdx12y7ty4fsacd8qfaarwp0y4vmcwr3legja7qslc44zpckr4geerz28e,yes,169.069084,"{""curve"":""curve25519"",""publicKey"":""bc0f7a722a1bd763b63c9e3ca23b1d3704dcc6882cf2f059d8d35f5bad1f0ebe"",""signature"":""c476f76c203b6396ce084b23454ae5b3ca4c65f30d85c7de9d452147113f33252dea64c155147ad5cbd0a842f9542f817bbf52acbde2ab4bc972fb9b406ccc05""}"
account_rdx12y7qpdasldvsjwc38laucz9yef4uaklqhn8xzucquqch3u2cdwc80e,no,53695.26195,"{""curve"":""curve25519"",""publicKey"":""5d31cf38000939a4e033c5928ca95e135073f94a3438038553691ccde9fd6683"",""signature"":""1bba7370592d7a56c88fd3837ebc1baaf12753e8ae8553914badd52a5bbc317ab3675a9efc988dda7c4045dffdc78643a63c3ff08643b1c6882a76070cbabd0a""}"
account_rdx12y7ac5c75af2dfxvr7npecet49s22fzlxarn3z6ftcr3x9qmvsug2k,yes,100188.6721,"{""curve"":""curve25519"",""publicKey"":""8d9c86618dfa30f3a2eaae268eb1283fc2001ba5eba2f533ab912e6058f7e590"",""signature"":""becca3a5deef0409b79d4c7b228a017e112da6d10b0d5eba4744bf93c3cd92853042115ce2557f9e423e5e09a025b34f1bba7dd39c6a136f9f6234ca00326c05""}"
account_rdx12y6qyz3ftv8lfqt7str4ss5sqnsaw2pfaccdeeucchgern2rmznj4h,yes,10.82586454,"{""curve"":""curve25519"",""publicKey"":""d5e9b6b2c61d88bdb17d82a2ece402aa01885523126f21f89bc29396469e9a76"",""signature"":""ca363c2d626b2602a7d5278ff603b484f1535510aa59c32c6d2b756ecb846d44d377390c232a5082244a2c7845ff9c93d399ac7b242ec445a0bc2a410e5f0f07""}"
account_rdx12y6nhqpk5pp2dh96025hz2d88tv6xfa5cudk2k6ahg4g8rynaaceuz,yes,54801.3363,"{""curve"":""curve25519"",""publicKey"":""8ac0d8b97d75ff920f8979b08f5d44b6fa55b03586c0927d769dcec22d818e7a"",""signature"":""dabf29d9f225cf31db08667195264a1c879b94ad8d15f7bc1e8beee1b944157df647e058aefc1fee4fe363978feda3484013dfc146cf7f4f731ebc1260448c0f""}"
account_rdx12y6mshq873cg0e0a04fquxaxrue3fqzd7c3arq90gsvxx5tfpccqw7,yes,74792.04733,"{""curve"":""curve25519"",""publicKey"":""a026fef49b22af3ee78816a7b2e1c89eb6face23690dc99d995961dab2e583ec"",""signature"":""0d4a4237e14964ab6d357d3d2ec857d55f098643a09dd4c77d982342d9ff6276eca2d65881e94844d600a3a64a9f4aee79c4a054e6ad9b92c6bd00ec125ddf08""}"
account_rdx12y6ln9za0gzqa88gr5zq3a35nxhzltdq5sy5vpqs0qu2xwnjnl645e,no,14.92825118,"{""curve"":""curve25519"",""publicKey"":""847ea02c3168c0e345c7ddaeaecd0858f832a3ffe4266b9db651eed2d7b7a204"",""signature"":""ab64f649fb04e196995fe3487eaf517948cf0ee873122c0aa8dc24fb315a673833ffee9e812ec501d05f07adabc38069e3ae83f7a9052004488b77f5d5f58206""}"
account_rdx12y6hw7d9nryrrs6aapg2qdqdqv7h04m9u7xdnt05829m9pshql8npd,yes,9.855233275,"{""curve"":""curve25519"",""publicKey"":""89511e1d45c556f1d1588a190f805cecb4a8fe449c74a0f02344d0e1ee3c8228"",""signature"":""050b9d28b87fdced9a1ca0d401eef9f7e47f777f7472903253f3c0d0404cb0e592a9158725ba5e080989ff00a12faa48b548d70ee3ee49d71ab01ec3d21e560b""}"
account_rdx12y6597lxpxuflzna6476h4gltd5ctmzd4s7fk2nvgh69k7g5wsrfyw,yes,9.464322269,"{""curve"":""curve25519"",""publicKey"":""e4462ed1869f39539f4e36ded0ab1e141933699b6963a0d217990c3235a9f79a"",""signature"":""691f97376a1b59118a9befcdc58bd3a6ad11b347103f625dfa09c738c297691aa27954ffaee67c0b0bb908fc66e83895f46f5891eddd7846ff1b6f27a97ca508""}"
account_rdx12y5ye29raup5uugfxpd4cysss2lyay3w58zat56jhkteupue3wx6t8,yes,112.4987426,"{""curve"":""curve25519"",""publicKey"":""2069af0b19bf847c910a03f30a5c63cb7e5ced9f6983696bcaf1cf0a2592d6f9"",""signature"":""2c5ab43dce6a7aeadbd291644f1e58bf7423dd892362cd0e26721de6db2ea6d57c8c95ca9fa4fd8924cdaab8e145f1fdc4e488e6847d349a3e39dda42cc74801""}"
account_rdx12y5y5dy2gl5w92vdszft4sps3v3ujyqzd30xq7z0vzv7we7xtzl259,yes,112.4865371,"{""curve"":""curve25519"",""publicKey"":""9566016bbc93911eceaf25d70b061e754673330a8ff37703c8e232d22564d499"",""signature"":""63d02044f3e46380d5bfac04a97ed7c32754b878981861ba56e4b1a245e7b1f8ee01c99f2e754513aeec92d3ef8ff5c77cced15b036d421361a1e1d411d34203""}"
account_rdx12y5wv54adg4xj5xejyxkxz7z3jd4hja9jq0s2mdhadr63cd23dqm3t,yes,11862.70222,"{""curve"":""curve25519"",""publicKey"":""97cd7b5301400038f729892dda27913cc44fb9d66cc901c28a636a5e31862e43"",""signature"":""6feaace17dc33cf081adc39d551a7c446c717362347928ace5ec191452c77a459956caee704a511d8689c2e84bb21c1addc005d5715d1d4486b88aed32519601""}"
account_rdx12y5tm5zwrnzkht5yspxp47d6dqgh0q6fcggs3ynxckq4rj0cljjhf5,yes,2950.749853,"{""curve"":""curve25519"",""publicKey"":""840095fe6a2f23180be1ef4f716eebc30794b93d604f56375c13b399ab46a0e7"",""signature"":""d6284b92cfabfd543f290567612c71669ac204fc82deb2b0aed8463ff21c5e523d5e6ac7780680ce4fe5240600725924c88521b64fc7709569ec1d531a803b0a""}"
account_rdx12y5dvkd93um4t62nlrtnrn666ea4ewjetsne407xpykwz3dk5w6jjn,yes,7030.510775,"{""curve"":""curve25519"",""publicKey"":""cf92392d3586f5665a4747e176ab0f81fb8e5c505cfed6dc3a2a3deb8b20f001"",""signature"":""b799428b9e2e5c597ff275f76e00f285063f23135570cd3494c0fe5890767329a69fab0b8936ca388af2414fc579aa95d6f875545378d0e711eb42af65a5cd0e""}"
account_rdx12y4ykn84e9ykxhwy93q9flvd9g55wnf9z5mpztt6nhle937f4k873w,yes,678573.66,"{""curve"":""curve25519"",""publicKey"":""9626db814a806b1da0f37b1f12a78a3d9d84a23e45976fa556a401166def9ab9"",""signature"":""4dd27812635bfe29e5d98981db97ad3e84cccfb6f1bca1ff7b22cafb23cfa614ec8f2bde8583522e64d0d36486d78fafdc19fdb5128cd1f5805e2dcee186320e""}"
account_rdx12y4amnsdn5sxn7why3h2l0fwxuj9wu08wyq8mzstm8tcmkfwuddwn2,yes,155.5643871,"{""curve"":""curve25519"",""publicKey"":""ba45470ff2928a5875ca412d578b6b1d743eaef17ffef49ed70cbdf14684b49d"",""signature"":""de77b08ed48eba132fd5b420aa79419f17c5f9042faa62677388e60747a32c0e32f90e414e1d4407ed48428d16ddbf6afe7011f418819d5c7e2726fe178bce0e""}"
account_rdx12y46u8pjgf78v45hmflctsjz8r05geaj5mjjj8d5hdgrlduzjm702q,yes,19458.76071,"{""curve"":""curve25519"",""publicKey"":""f9201978d49a3f8c0cf3b77874d31af1ef9e4cca103f4eb7e24e148ebc06075b"",""signature"":""cafdb5bf22020bf006daf71fa8ceb5b73f0c2db9b4462ff1957b07ed9c668045cb28df89559596b2dee71a131b06afddf15161c31fb60fdf8a870719804a1307""}"
account_rdx12y46l3jdthgy9vuvz3pv5hugf047qt8cdjcmfu5f7aug3syl8tn973,yes,169.069084,"{""curve"":""curve25519"",""publicKey"":""4c797cd753f115c1a2ac4b039d2d8b5c282e28e82617a266f642e15c6a81f9eb"",""signature"":""6015d1fd183e5f47d7f33677fe3b56a4ae4d4f3d60a8af00efbe3ae65058b63d8581163b24be42c8ee5878a3c8f2c9d6992d7276e5205bb7759560cae7488e0d""}"
account_rdx12y3uvlxj3k4d8lketutm7v9sf7zxp9rrxgqfwv7xm6uv7ktlua9657,yes,398.4741307,"{""curve"":""curve25519"",""publicKey"":""69ebd69e34d054dacb2c333749fb8b8238aad6735cc9c0a5cf2f375609cc39a3"",""signature"":""4fdd4d2517567150e5241dcda37753fcf5ded97d29751da13993271c35b98f0a3dbf4b703218c6f0e2fd83870d38d2f9a5b8ca40ca25618ae6def2908e399e0d""}"
account_rdx12y3sw6yvxuvf5kwt92dm5a0ca24jauvm0aa9qh2gmeyufty9h7nsx9,yes,126.1775593,"{""curve"":""curve25519"",""publicKey"":""afeb10d13580c6e11406bbde9d2a8ad6a3f1c1ea972605bdc61aa31e76715be5"",""signature"":""340bf9c60aac5857c8e6556c94708cf50589a48169e270f919f0b5881994c5c55e1bcac1e7c3632eb268bbb88c4561f12b258f81a3c183380329bc50693b130c""}"
account_rdx12y3mffgvxknftzzrgyfwdg9m83w3h22jzwwmc86eqjghnaj0kqs6vg,yes,1057222.299,"{""curve"":""curve25519"",""publicKey"":""3aeed251ff947822b482dfff80c6ca1ec8d3b4b051d69ba762e32806fc3817e2"",""signature"":""89c7071e035ad0e7d06116b0c39e6bcbb017a3eb35a1cde024cd6a6c4dd6034f9fee0102e979795437e613516ea556a99b14a1ded3d74c6fb476029e2699330c""}"
account_rdx12y30pxnchwy468lh2206496r5fcs6hpszlnam98dhqura7nzlmzl2t,yes,165.4965318,"{""curve"":""curve25519"",""publicKey"":""1c9cb47edec3aa7ea97650c47bb06e143b4118dae8d9f215f08fb4ed115fb0d9"",""signature"":""e78bc7aae4265296535c58bd6c9dadd11f0e308a768a8472af4a558488b1e24b82f3eacd465ba99e809fa2771dfa2c3b46bcd1d125fe533851b85d6e1f321802""}"
account_rdx12y2u45xtxzeqqfn238gw4stlatpfpqnlwxm7jhvj48q0j2t973envt,yes,587468.5205,"{""curve"":""curve25519"",""publicKey"":""996e6de35972c9cf2443af8cf98a4e3d0b7024575c24afa9dcfe7e8d4b3f38ff"",""signature"":""d5d0c335a275d6f84686fa8a98e3bca4c815155fcdede34b1c20d88621aef71d5d78d50d09f88b9bbd8c2978d306e065c7281cc42aac2073f17f4a1edc18d101""}"
account_rdx12y2r62k4zpyk5stn8d3z3keq3suypfxhpyl4k5lqukjsm377x6ar92,yes,3.973173067,"{""curve"":""curve25519"",""publicKey"":""ae1060367250b3aad6353e4fa1e7d30c38ddb33ba2f5c8d4a8594318479cbc39"",""signature"":""8fb4ee129dd5eea3ae48e71758803f074e219b0d7239d424663b68436ebba3827dc12ee353b5d670bf3b473bfdb74d85a0255438f46e57d8e2f1fb05431f1805""}"
account_rdx12y2ez55pqpd49h0v4uhtjsp4elc6xwcc05779d854mm997z7qf3gmz,yes,518560.6746,"{""curve"":""curve25519"",""publicKey"":""f1f8696a58d314ca20c3f1014cca21024e87a62d09c1b4e2c3514782346abdd4"",""signature"":""0177735744f8f97ce1c2485cfda5e60ace61f52baa126ba4c2a318f7c87014700ab125dd2e371a8d08e3a8926abf642de60f50d6e78d2b8c9b9d397f7149350a""}"
account_rdx12y0xjaly7z3jms0y627uqlmtw0qefgrjl5eqcx5lf47sex2393c2rx,yes,11135.76306,"{""curve"":""curve25519"",""publicKey"":""680bd645e6d29094da6cec229621e271711f9e4a5c12a1ed1e996d868264ebff"",""signature"":""3cc081eda4b6ee6ef30e39c95693a0ba03926595898fc4bd8d8e3f18a37473bd7bb1c1e8c4f53fafb2dd57bfc0614d7a4f704750d2a2d8f3c13467c513488b0d""}"
account_rdx12y0vxnv74ul28d3kcvx4zr7tqwe6x6u7tlj26xnmr7nmh5lvwmq79j,yes,1153364.971,"{""curve"":""curve25519"",""publicKey"":""6feb0e234f6295b06bda464ad9c282b74fb618347401ccdfc60b182c17782f58"",""signature"":""de457bd0711cda3951a0ff125fc016b43366e9dbebc591cdbffd01bad6264f15cb26ee8acbe2152c7e11b1847edb1102eecc7f9e2f8ad9df6cafef7dd0c83406""}"
account_rdx12y0px34v2kfj9rsvhh4uyxmml8wqxke70jlfh8hy05n5qp496t0k84,yes,89574.27921,"{""curve"":""curve25519"",""publicKey"":""dca42e1507c5c7b978b17d7ae591cdd7cb8954900727cab9efa954540b19bf64"",""signature"":""a00c61cf139a4f373eec64b3f28077431bfefae027825c3f053124249b7f5825e81e88f1d694ed61ff56499cb0e182bf2e99e0a0fe71aa7aae80bc9e4b50b409""}"
account_rdx12y0j78r0ydjw07aptpusjkkecwvy99v4xujrf0p5etpcuppqn4awq8,yes,112.4987426,"{""curve"":""curve25519"",""publicKey"":""77211cd2570eed70afd089fedf2096739802e3f414cf0d7ddc35cd8c8feb78a8"",""signature"":""f8a2e91d512bd076d7389775b3a389a92bc19d8e8549023fdb0ea0bb6581167420af7041102e32ce9c8ec54b9f9208cf444b525ad20a67b297b214dd4c41ac0d""}"
account_rdx12y0ac897tvdh36ewqlm83yq57amrv9lj8w47zcna4y3v7vqxqxpuyz,yes,500864.4213,"{""curve"":""curve25519"",""publicKey"":""d8369971e6aae113ffb6dc93a22b77da07b5379c09fa0462468df5701c59193a"",""signature"":""c631ea488f7107f3d1c417da8046f5a9718a7d04780af207c1e2d1596297ada4fad802e6355c6db4b1ad5739a429b2ca2af52490c77352b1704764b9a2946f04""}"
account_rdx12y00tgpqk32vrwhhykmrdw4pkzyn65q3vq6cu7437047fnky22s0uc,no,957260.4408,"{""curve"":""curve25519"",""publicKey"":""b2acf2cd1e091864ea13a63b58dbed50a4848acf612839281dc7c918cfa971b1"",""signature"":""6f1d473fc2e87d7e3167ef253f3c308a146c726e4f40c87e9bcfa7b8fac753a0811fa1d37325d4dc4d5377044321ab393082359ecc14b7adcf5d3284e2016600""}"
account_rdx12xzxeg7qefffudr0m9zyqmetjw56exp5cqk9krljpwt0um30yt3k0g,yes,5703.852852,"{""curve"":""curve25519"",""publicKey"":""b049b85250a214afb49b9da7e7c6dc71b9fdd9c63dd6ea27fb6fb058d7e43db8"",""signature"":""73ea804f09679fe846df9dd328f689131f7d26a1a1e3725348a8bb77b07a7b56dd00b77ae2891da8ff1f4c114d2d2af48d5c3ef49b3be6c48631d0c89abc3a06""}"
account_rdx12xzk320juyjnkdz9pmlltmqr4gvgxxmv2v82ytvzkexjx0anja27g0,yes,48979.36216,"{""curve"":""curve25519"",""publicKey"":""3ffc7ce646417a7e41c422ccc815e427fec823fce82916691dbe4b93f0a1c434"",""signature"":""b1f74332c12073cdcd7132341026563393ea7a4992648c9bf288b741b6de86fc96be726007f7281de80876c5d661aac14d236cad7dc62d97b63eef68d5a61f04""}"
account_rdx12xz0glv5y9jaaavxn6z0fehx78dnas3cqehg0drl96042uxtk3eddg,yes,1839.940275,"{""curve"":""curve25519"",""publicKey"":""cd017d2e4e45e0d682534c4735df5e31459cb9344869323d38479073b5ebd09c"",""signature"":""47eb429581292da48eb4d69b112034c70849eae063c02295dc4b76d4aa9f1837b06302c1b222d6ab18bdbc0be8120f7babe3db2f8fff7d0a052fa62ed39bfd09""}"
account_rdx12xyzs39jd86yrrpy9wufx44fhy9rq2zm0a77s0hr8a4atwh60huvcr,yes,3121.601633,"{""curve"":""curve25519"",""publicKey"":""cf82effaeba72e5e1ee3d7c73675ae9d143e2020644cb6a1cfa2248f4ca22dfe"",""signature"":""51fdf5273ac363f830f26549f06f959a068d4df04bf6d06863ad9a63c9d50657a730f917da20f6ec1354dc5c51327e5f5a686361150dfd939e709f193033b80c""}"
account_rdx12xyxr85ye8rz4hfm5kxt3624p378s8fspdmwzn3kdkgxamt0wvanu2,yes,1587192.488,"{""curve"":""curve25519"",""publicKey"":""69dc561f7e59efcbc93f248eeece5b7fa152d55ad4629ed46f8427cac2b22cd1"",""signature"":""aa0b94f7b4e38f5de8b0f39afa16e297354031b4609504499170488fc46dcbf91ddcc07a2444bcfec1eafab4429b68a7c5e25752a4b9625578f7017ad9be6406""}"
account_rdx12xyrra84ll9u9e26uw280yvgyvyqvxjgvlg4xwqkshagws3auuvtst,yes,5285.628461,"{""curve"":""curve25519"",""publicKey"":""780cdf3caf6947382676bad7911b3526f9dfcec3a9014d4a865638558a3df6d0"",""signature"":""38e38a56e446faa073aa7727865a73ddc4151bde957731c83ffc7e7c5a4dd4160ba4d9f46093d7602b9871db27afd8373fe5ca955f6c1460778484990cf9d00d""}"
account_rdx12xyfzu8349xc4z2p33cpps2yrzkp6u79rccka7rrcpc3zzr3m4gzrn,yes,180.0363477,"{""curve"":""curve25519"",""publicKey"":""2977ac56a457f3033dee62a45f75bb8019b6cd1fba3de7b28caa0eaaca954dc2"",""signature"":""f7829634694c1a796f1d0cbeb4c7ac651267b59fa778733ee75cb8d13c75eadddd0731351f9c2145f5d161a593fdd4e1256d21169b3911112809de905686290a""}"
account_rdx12xy9kpr2rmgxctxg5zjzpaecr8kfkj5q48hnxg52gna89v5m6gyry0,yes,56142.39206,"{""curve"":""curve25519"",""publicKey"":""fdcecdd3957e2e13ea4b06ccf835e5e6028ce98e1358d15a8a0ae77464d35366"",""signature"":""faa6f17b873747f95e3b3eacc10efaa969bdb163e9c370d0f745d0474254ada46cae522f1c8a24bfbb64ee8efddd765ca2f0a001b7e7e3abac3904962c18e80b""}"
account_rdx12xxx9ppt562atwa9vettcrwhj2t4xr8uuukg6yswjgvpecw74lrl7m,yes,65035.8751,"{""curve"":""curve25519"",""publicKey"":""9a275d8855c8c533acb56d00ea237ad6beea87850cf5f93d2dbf722d0cd945a1"",""signature"":""9f23ac9490a74300ffb8f9586642296650d4841237837721200f7cd76d69b164e0171254c996e7d37debe2bfb3b7dcdf275a26f1b4fc13cd0c5cc364fa0f6e08""}"
account_rdx12xxpjx0hw3hv9gf955spfsrkjvedvv49977hqvqhv9jukchvkzqv3p,yes,7.935473839,"{""curve"":""curve25519"",""publicKey"":""c7eda12701cb9da7753e8b9b579d844718e8e2a7831082a993276afa8a269331"",""signature"":""a3ae34f2670e9397c8a7f83f8995f5fe222f9323ce1c8db23901f8f6eaf1c28cee9d79a3cba3c5f5fffae7331ba30477e40bd93bb031ee0677d6f8f84d18fe05""}"
account_rdx12xxdlantg68q84ff6zep76xvqmnl59dyvkf5vwav48ctrllvauyd42,yes,5.442957549,"{""curve"":""curve25519"",""publicKey"":""ed72c65f4d75137b90917c680acc3c9bcf6d0742abffd9ef66a54a34781c05d5"",""signature"":""afd2746f5250bace933c4684356b6a2e1d8e0f33a9928a074740e2514a714bd2214de4be744a8847313cf9e6b88fc0640449027a1995ec276f17e4343fdf9e0a""}"
account_rdx12xxapv64229n5ddfp8kvjwmes7alutf2fq5ugu06cj5j3a6gkf0awm,yes,118112.9189,"{""curve"":""curve25519"",""publicKey"":""2912008d092de237a159e8deccd17180e0125fc165a3dbbcbd229115465333eb"",""signature"":""dea1887e505204b8b8b34a8cbdc8c3dbb2b7f839596ba4958df7742cb474fa3286e8f73127c763555a11d6e4e1f1babfa9aa6b62b927269235563eb1160d790c""}"
account_rdx12xxa42pzqjykyfh5x2aj632j4xl2ed07kru7pfpa7f8c476fnlq3eg,yes,5.742513083,"{""curve"":""curve25519"",""publicKey"":""15f5b8889ff0a15aaae9f376ae94cd209e90634c5ce09330af2c2ad51ea8714b"",""signature"":""0d73bf169538e2b1d62e88010a9889bc2ddd35e9f3b8d1505bffdd135f164480bd70218d54f754ca6bde0ca1ad3cae128b66d5f3baf94c4efc1a79081f03710b""}"
account_rdx12xx8le0t43n05qs996lpq5lse6e5glm7lefvucamg5f78yrk30elke,yes,272028.898,"{""curve"":""curve25519"",""publicKey"":""bd8f24ac5e97cddf9ca0c47af97874742916aeec750f4b3024af308275983453"",""signature"":""dad351dde9b31df96e42851b332c8ec22f6d813e4d1def363c780995896a8cf843f6a1233362d98676e9763d0b41e626d234aad4de284a95aa556e0822f7a80c""}"
account_rdx12xx2h556j608ywscq0jk696udepfrlplwtw8njkuhu33xgqak6casm,yes,7.035270813,"{""curve"":""curve25519"",""publicKey"":""03a219df0c3dfd6a220e243a10b9c58617015877ba10ad52311861bdea1b2b2a"",""signature"":""6df53d813d3b19c4e0c2ff4698b3b8793fbf5e3baa7ddc429ef3de4ffe4dc591d64c37c2db307a1c389290ab7695d6cff3bee4d92fd97c8c4b6b637d6c98fa0e""}"
account_rdx12xwxeg4qkd9p326z8h07va49e3cj20ghyt4m8zmw2vtla6dpzar2lu,yes,503422.2452,"{""curve"":""curve25519"",""publicKey"":""1fcc85e6bea8efe4ba09b45eb9fa040ea93a3156258c2b8fee1b85ede1d8b4ab"",""signature"":""c39924f6edfb148495f84c6c894523143f2691775ad55acd2a810de012a609ef78ec6684823628a4830754f698307fe95e6821d3b3913d205e37293fcc36520a""}"
account_rdx12xwrh7trm6m925zpvg3424vjkqyacce0v9yhrsxyseyu8mlrd0lv53,yes,13545047.41,"{""curve"":""curve25519"",""publicKey"":""51ad33989a778f0b61f9e9f0fd787c8933c779815ca6a7083838aa819bbdc08a"",""signature"":""8ca0cabf53dc4052de1c11ecd1f1dcddd40c3cec21bbb654ceb1aaceb3e153cc29e261805c64fafd67f2484a2faa7877df104d49ff4e43d7d488c92fc4dfad05""}"
account_rdx12xwk5jsdape2jp388d3fkwnmj5vxdvr5gf0vqfnek0ychwd80ksdjs,yes,7.367390275,"{""curve"":""curve25519"",""publicKey"":""33bc2f1b18f0e07149162faf2f677be1a575e4af9e3c84565d7b3b73835e9cab"",""signature"":""7d04d2d7cb13114d1ff12b9ef230dd2776aee5f1d9b3d062d1cd5107ab13a188e9f4367d42356f9153746d6e28aeb180b255258f18b27f48a4827af0b57d3a01""}"
account_rdx12xw8q5xq6sraxeqavtqrjr3frtrdk8r2yp2q6zq7sd267r4a2zanvy,yes,9.464322269,"{""curve"":""curve25519"",""publicKey"":""cfd06cfdb515eb071cf9518b93a1d9f4b5c27f4f9ff2e84a0d34a1274d5e2a2f"",""signature"":""ae744787f1b01ac2e4289871f97ae971e59d212a8544a086cd1167831ee3695ec03ff2098aeb392b7920ff9229bb1433a8366a7bcd80050db2b17e865d50e60a""}"
account_rdx12xvymt4650a83mwjv0fzppuyxuqtmmj0ha3ggzwwzgv3rlgv70mefc,no,115224.5807,"{""curve"":""curve25519"",""publicKey"":""c9b2f2f81c22d5e6c188506274175b9129cb398bc68edb3b0043d37d9a603324"",""signature"":""00d588adc22e1915ec0f948eeaa8c26dd27e019a709073ecd4b198037c06f433e05a523b78572429f762fc3618dd1a4e41daa8c2b99e3d2037e30704be3f8d08""}"
account_rdx12xvshg3vuqs20kzhx0wms79yq5ctu4j8s68f3jegs0plmm494rwrnz,yes,2697.999998,"{""curve"":""curve25519"",""publicKey"":""368dd7a61c1d7cbbbca50c5b9317991960fc8a406e77ede779110ce590723bd5"",""signature"":""7c4849ece7e7704ce703883f5659bbf5b4a6a82edf088e7914b612ee7eee364ade4e98ddeb8a61e4eedd5e73d5f1cfe359d065fc49f4fb17094b42bf5f018708""}"
account_rdx12xvq3a7dg55pun29hkzs469zh9wx25ncsws02f0lyc3cykgh028gkt,yes,0,"{""curve"":""curve25519"",""publicKey"":""4d58070783fea58fb78ea387fd0cb994fbb564d9fa014c0f295b852d0c59331f"",""signature"":""ad02faac5d8c7dcaef6357c3c6b96ca9e2f10ffc85a4ee853e038bc39aff00649ea967f509192508ce7e887548639c4fc5d6c5a97817f64c8e3eccc82efdd709""}"
account_rdx12xve5j3mwug2a2p7e329qdvzceq25tjn3v4g78e8zqlyv8leuvz8vv,no,3707.564243,"{""curve"":""curve25519"",""publicKey"":""3018269b44fbee8f8d0ad54a82ac614a81a0d3b8a5a6179dd038da5ec6c6866b"",""signature"":""36c70cce970b4b35316ef2bb0d3bda37d8ee90b0f55600057435ddeb1fd98e9ca2e2c5f9b9735d3d34dcfe4bbba6fe9455f9bb3f6d906df191609c2777223e0e""}"
account_rdx12xuxx42ypjekx424ura3t8u67pm8dtyqgatkjhe3jduahxq97urfh7,yes,0,"{""curve"":""curve25519"",""publicKey"":""d44a56ce56b53397a3eba5db62f3faf28de74742c37912dfe047b5fe3b880aa9"",""signature"":""22dfdfcc6151665bd90815589b89166ef1e06fd8445a00ad724a39f49b6991f030e22da2bd6862fc2b0772f6592a6de2b6599b508e6160e9a05efd0ffb25bf08""}"
account_rdx12xuu7e4ydkn32yfvnqwa4p3x9ugtgn5qcuanhtfqxlrzjsnzp7eev3,yes,124754.8085,"{""curve"":""curve25519"",""publicKey"":""49cbceedb7016e1bf85629625b272b8c6cd156f96235af9b159ce242bbd11f27"",""signature"":""bbb58ce7b08a95ddc7c3c6c832e68773c3be81563979f9b96b434663657a05dc8b3b097bc5c433c23fbbc03adb75910e6effd0cb4dc16b093497ba77f6197c00""}"
account_rdx12xusjk9gtw4km4evjjxvkey0x444y7lt94qfr0884d6jtz0c4s7wa3,yes,0.5456172956,"{""curve"":""curve25519"",""publicKey"":""dd41f0f2db90e8c6e65b3b8677749afce78be70df90aab03b6accbf71255fa72"",""signature"":""1e4e35308ef072677d3cddc7c5b02acfc7a652ba10b712caeaf68e68df6ad43f6d9a553b0ab63b8f2b858e1450ef8e160e84e68a47a960dbc019f2fe728cf30e""}"
account_rdx12xusgtexf7ekj4amyp3svjpmznzjg0s7eh6rk97ajq0j4nhrtpy38a,yes,353670.95,"{""curve"":""curve25519"",""publicKey"":""b03a100da114b3b7a595625429d3949850f3476d1cb06f55e528b1c80a32fc6b"",""signature"":""431750cbc2e1052487bbc1cfc39337edec60a280ee0e5d0e2cbdb8c37ad19f0944274c4175c68244ba799112bd2e92dac9808d520ad9e1a86381ea9fe892a706""}"
account_rdx12xuf05rxqpdrwhjutg42l540weft7z8khh4jzwu9t3ersafsfg0hfj,yes,78.03367046,"{""curve"":""curve25519"",""publicKey"":""327df099d7e2bb193bd8827d237c96412d9e989ccc38bee7861b728b61628ef9"",""signature"":""881642d47d446ed6f018f1833883c84671917243ea52ba10efe31e1d74584ceba190a5363adb5173f30292ba5989ceea8abfdf12030ee9fe8b77e59b792f0500""}"
account_rdx12xua0jceex2u4ud7hat5uana63p8y4dt6hjwvq5vc8pafe2k34g04d,yes,14153.96113,"{""curve"":""curve25519"",""publicKey"":""206dfb62ea1976249651c26e6b65c60ff7b73a61659faa7d80acfecdaf120bbc"",""signature"":""5236b819d2657f71b59ff8cbe852cc94f1d2bd458dff723b8bd24ab42b3fb88ef003ac13e0a3709a015ff5b1716bf7694233f171f1fbcaf578dea500b2bf9e03""}"
account_rdx12xu5kxakksk4wzvkrnl90q8pjmzkwu6z6tzkcwamwnhf4rf6cr2xt5,yes,0.2732344973,"{""curve"":""curve25519"",""publicKey"":""d5051c96ca0efcb9e4235199eebde2fb9a7592f532fc48ada2594de608deb7b0"",""signature"":""d925a5aa195a277d00e0a41218cc9e98f54acf168076a5dfc06d2c3aa579f56c39fcde653d5aec777c6cf49f87f58e0f7ee859182228afff3baa8ad8e8fbb200""}"
account_rdx12xu28xevf9pxsu8l86zluefe2r3vr4h3ek9n4ltgwg9gact7lww4y5,yes,584373.3507,"{""curve"":""curve25519"",""publicKey"":""45142e11abdd4103ad66afecfb03df8e52f40f846ed88a90b88c96385f277a8e"",""signature"":""d9e1f7f07af9cab887c83a982acff11c280a228f4308ccb2488d320190fbc01d67bb5541d5e535e3022ccaf50e886cf409176beab0f90655d345e6814ab12f03""}"
account_rdx12xtwewr6zmmdd64dfq2l8c2k2jk7wnmlpcy3xnwd8qreuvna653qq7,yes,4973789.591,"{""curve"":""curve25519"",""publicKey"":""99a5708a05c3b89467a96ad13db4354ca8d3479554d75665832b12b721d5e7e1"",""signature"":""fc4a99bc7f5b9ea97b198632a8add81f4f8ab319b15f5e1fd5e6b54c626882bab78ad1106ccc0353d6316173663c0ae7f34488f1b3ddefafaa52e67bd15b8a04""}"
account_rdx12xtwafnvnmk0upl277utmfp4u27hx07zz4ygvphzznx35tqp03pzew,yes,70302.19854,"{""curve"":""curve25519"",""publicKey"":""f94eb07fb67ac4c881b0ffed0cc5d8c4f2ae8854ec42c3d537a2eedafd576fd7"",""signature"":""792cc572083f6ffe90448271e579004a3ff71694117f76d87c34965101f40c5223892ff93c7a98b7ddbbe4b9362adb07d13b51c2a5be9f0cf4009b789b2d9309""}"
account_rdx12xtgc8swtlghhe78et5tsd6s5akz6eezehpn8nv66yzfzafxsmwm5v,yes,2901.339214,"{""curve"":""curve25519"",""publicKey"":""11d5f363f7ce466eaa6be57f2f179a852f1ca2db578b1b4d258b6f2d8cdebdc2"",""signature"":""388b989c190eb2f28f8b6b5a304547945db94982e810f02fbe2242b9ebdbf723987e0a36f996527f4eedfb24790048775ae2c7467d99d81bc4229dd669d6a30a""}"
account_rdx12xtezea74mzcqn722p09caslx9qwnyk06423m30xd0vevanz47yv93,yes,151245.6083,"{""curve"":""curve25519"",""publicKey"":""86dfb081660ecfbb975453f64457026544a52c9b2891d246d0f81191d92013f6"",""signature"":""b9097b4d3868d081a06d2494fadbe079dd4fcff68fd715710f7400475123b693ca07f86da70ab1ff504bab71744e42f279bba0c2f8a472011410069f03cf2f0d""}"
account_rdx12xte40yth7gwmf9gqzpq8nv7j0nyqm0c25ccq2jf2a5es5krh4fdn5,no,28217.97456,"{""curve"":""curve25519"",""publicKey"":""22c389f22ee335a574b6e98a78d6a3182d68465c7a0c6e18493521ea2db946bb"",""signature"":""9b98164d9b1ff833235379ddea570a2db280976bd19f8063cff0cc978cd1ffff851b9bb8605028ed717280e5abb53409b70cac5e57e34005878b558323075006""}"
account_rdx12xtayjlrzs0d9rga27w48256d98ycgrpde6yrqpmavmyrr0e4svsqy,yes,0,"{""curve"":""curve25519"",""publicKey"":""3ecae7e9918ed8214c702f683b470ff55012ff2901ab81372796a32db9ff1158"",""signature"":""310ee2199f626e6994337cbfb1d1ff2ad8ff78e45eb65ddce8540e1ed10b6d0a39b6c1ac9d457302c3fb2af21e96320b7d418c7797d631b9cd4cc972d2e88b04""}"
account_rdx12xt92g500ekf4pxkp44n9lgaqsgfrh4fvh0q0ggkel75yyk7l8xy2t,yes,35.61946487,"{""curve"":""curve25519"",""publicKey"":""ed6a2fc5b4ce7fcb59ca1024f1567f171ad4fe7804bad606278cf48d4b5d1975"",""signature"":""df6d4e5d4f83ca1868977abd995aaf9bb7975569ad085bc42de99758731dbe9ace304087b2068b0c48904100aa2f27181a897565423754ee69a1931de2a93c09""}"
account_rdx12xt7up9w78e3tdstk89n73k66475q6kmtgh3ramwpqfr5atj9fkf5v,yes,100.7414138,"{""curve"":""curve25519"",""publicKey"":""b50a335104630ede0657034265b894e861393093bd6589eed793868dea7ef110"",""signature"":""088afa95453a724a88f45654c47ebc895373e774d2969528c375213da606a315ae188915f9989e8acf84b6e7174a1731e7734b6b3714b73d238c0e3c2ace0500""}"
account_rdx12xsqywgkyh7xhlgqxxfjtzaxuwcdcthtqzgctrhcqm6eflf4v68c2s,yes,4966.824346,"{""curve"":""curve25519"",""publicKey"":""9baace4dbe45023f661e19f8f0f67d44f5ccfb4cb935c4966f0ed3ee578e63d4"",""signature"":""43e33aba449b0243109c20aefd2c4be02ea92fd41738bff4b4cf9fe66a55083eaba237e4a617f3b887d6c8c1874749a838454f2f67ba2e3cc26f0b06b41acb06""}"
account_rdx12xshjrqrgfdhxsfjegc60vnf52vsq6zpzr7gftyhdaz4xkshq50sm8,yes,1812171.814,"{""curve"":""curve25519"",""publicKey"":""bca660fac1f21cc4784501b85605f131ad08156d2a6a0120fcbd7816651e627b"",""signature"":""fa103731ce1320b94e3b667a6470e1370863ebe422f0ae59c90e944a1cbfa0f8f9b7670bfea990e453c72e19fbc28266dd0bd14752c2bfe8ab0df0f8d03aa60d""}"
account_rdx12xsg377k32mp7ar3stann5ezryg83rjauw95d6sg222l92e8l5e6mz,yes,715958.4543,"{""curve"":""curve25519"",""publicKey"":""df9780be930b2e7407a39cf95a81a017a08fc49f38338b00e5c62448c9710310"",""signature"":""4f9f02c793b00d5376b05427da796723afa6285f5757d753172b606df087b2ca15e5cee63e36aa32a128a0926307171388772808e80de2f458b033aac06ad508""}"
account_rdx12xse7f7h5jzgj3kkxnr47vqxvjhf077m46s7qr6hdzjf87a5mavsv3,yes,869602.0571,"{""curve"":""curve25519"",""publicKey"":""00da57c158edad631528f0f8769b00aa2b05a3b62091113fb1137adce249f2db"",""signature"":""f2ffd9961081def8015759c0f66e8ab882418bbc26471199a2316890b332f6347c4e93bb51603411ab93fb54552a732e35abfe70610c8a2168ad603869d99b0e""}"
account_rdx12xs9084r0g3ugajka6fcwn6dqzq7fc8c99w53yxmyxsp7e027tqesg,no,168892.5664,"{""curve"":""curve25519"",""publicKey"":""18c9653a740605373014ea4d78e1769d68c6766c0987ad73fb51c2be2fa03803"",""signature"":""4758400a4e2553e371938c552fb91f28b319fdacf5aacd6d648b0122a70acff288202fbdd6554c5309c2e592b13206f510b175c5b53543207c778a90a8801400""}"
account_rdx12xs4a08lq72nq74kq4ezclepfv6rsgtzmj6x4ar2fec767dprk0w5e,yes,1074768.356,"{""curve"":""curve25519"",""publicKey"":""71f517cf8ba04768604c1a77ac903e0c46275ceef91afcf4a148c62d953343bf"",""signature"":""0c1ce9b4ac47da6b6d6d2fcc2e8ad6285b7c6a1a330f9c448142b37e5252d7f124042336204dc48be412cd88bb9b20033af52f10dc9c10ac95d6b5773c18dd02""}"
account_rdx12xs34p3grdfwqy4m5s6nkp4cnmzxsvj8atqvnwnp32cr58r4urd9ml,yes,169.1153305,"{""curve"":""curve25519"",""publicKey"":""ec65c6a0772b733b02ad1dc17b624ecea0d72da3e970cd1d488147351e8edd70"",""signature"":""2e357c8f0d8e38f46d3262efd43f04932450fdbca4fce01e07fe33f6fa649cd33602e441309f2dfc654c313c86b4aa985e7e3e39bf48409d8e230fb9de47010a""}"
account_rdx12xs2h9fqek2mkuhqxsg5xjzmw3wtquga94cn8vp8tr4kves83tyeeh,yes,0,"{""curve"":""curve25519"",""publicKey"":""52ce912231c310e116394498b5c2957c3a775d929be8c68a95c5bef2fe731d11"",""signature"":""cd5d1401f0dded0016888b7753400064a2413ff1994c69a8cac27a950d6db6ef1d759d2fce24ec3c919b1449662fd7091bd0a1541dc29ed7cfbd3d8641851800""}"
account_rdx12xs0f68my0l5tkf7j3y976myg4awmf0epvjl7gqvu9005u47data4s,yes,1984.868175,"{""curve"":""curve25519"",""publicKey"":""1677a6bf05c388eb3be68a22f6545af62170769298f1fe455673ef2510b53bb4"",""signature"":""ba93468ba831edef14572e4c9bf91795991e2c8ff4e8f2578f34d1c5e5aa6037b8887d012e0b8744f9f3e34e8f79341f0e1aacea0ddc8d53bfa48194cebd8407""}"
account_rdx12xrs0095r23m862mk3ll55yjzclfnl96y7qz7ffeuh24pwlp9zus45,yes,847653.9696,"{""curve"":""curve25519"",""publicKey"":""fc2e6ddc25a311f9dc829a378ad1e12ee8f2789492b5ac0b0efe11ee8185b3e3"",""signature"":""4a242873000cf112a8b2f2dc9ad2b89ce7da540e68de7934744bb35fbf60de32ef994e0b498f6d22433bf8277775b49f3de4277a6b81a056daf68d41c7bb220d""}"
account_rdx12xrrhnyqmtrj0szx9q6syg6rw97lp2nv9srpsrkpe0c7hqw3q7cmh5,yes,380100.8219,"{""curve"":""curve25519"",""publicKey"":""a66b22b35b1bea6f82cdb70327d77c01d40f8df02cf5f08413ac4e9d813337ad"",""signature"":""49176c8d91bf64b87b063fd5dc73bec0adb8caca2b2285ec4535d74fbad06f4fbbfe8f96849491a88277e9643f710da9b1fa12480c56d40bf3cad32f4f457406""}"
account_rdx12xrq5sqh95jd3tlf0jn4wvlldjrm9p3zqrpmrqwl4gfey26lche4f6,yes,2312.297071,"{""curve"":""curve25519"",""publicKey"":""f7e7fd5212ffcea3fa3f125e2a7512e7d04cfd73a90ff666c6f56dd711f364af"",""signature"":""e6158cfa54e313ae9a37d1bf02289b92b9f61691bc5c689ec88989fd427d2caf4255859d3d67db680a9676d2d9d831c84c5cdafdb34ea224c331cf1e7d5fd507""}"
account_rdx12xqwnh478l0w6lfekmmqs5z8sqnv8wnygvg68jy4re9y68kuypynw4,yes,513.0808826,"{""curve"":""curve25519"",""publicKey"":""dc46d581af6fd0916cda24d60d2f16e7b9188142a307dd639a9bf6a5115aee07"",""signature"":""e7424cfb0976b5963af37aa8c6102295d949ff37d6c322722bbc9d98ef2c8f90bf3922b118db3498c47b6593f56dff0ed113aff86c06514658ab07640635200d""}"
account_rdx12xqkmm0jztd7zfc0antvr6ytzgz4tu03ckm07mx0lqsgpq32grwrar,yes,1694.810423,"{""curve"":""curve25519"",""publicKey"":""5133df0737250076b1436580d15bf8b04fadba07a68b65893fe2301b689c7f36"",""signature"":""2108d3160e46724caab816b47a05d9e9512a46bff4ef43eb1a7ae3fd7554097d1aebffb856c4f054073841014aaa8e29c38bd8e64a27906d9e22d5cfea4ac705""}"
account_rdx12xq58gknkg5xegjfhkpz5rffh8n4qa33j65clcej2pn63x0gzu9fw5,yes,2042995.089,"{""curve"":""curve25519"",""publicKey"":""c609126390ece34e349613caed5222514b70da62e9bb3489f78e8d57149129e9"",""signature"":""9c51815e1e6cd3b420544fca81eb6f9aeaa43d3412882b53498f2137b132d95fb75c90bc25f657970dd78a1842ad938ae4540226123dc6e79713601d58c8a90b""}"
account_rdx12xpxuf3nutv6yalfruet34q2n9ktq30szdfut92d97wlmhnskst840,yes,112.4987426,"{""curve"":""curve25519"",""publicKey"":""e9ffcc3112aa10e5dfa4b9a4dd413e7f7ed4ac919742e5f78d5da23c760d552c"",""signature"":""8357ab83b0c280d844bf0a77947d75884a67d725307da9e8763a4883dc66f50c07655ed6184f965e04674d37f37473cfc2838ebfb87616200a5f6b639d012a03""}"
account_rdx12xpquh9jpf0tekllepvcenhpwdxc3k25qrlhljmylmrksahmcemaw3,yes,14369.05682,"{""curve"":""curve25519"",""publicKey"":""1bffbd6a2f029d2c341eb1a037186373e32eaf2c191e7ae8135db2f56494d7d7"",""signature"":""538dcc8f977f5b3f74450b82562c345e2f19b57a9a37a44ab04ef7ef585b34913b4ab5c5c68c35a6c463b1e893f5932d8cdb5d97d4b358170a47ca68544f8a05""}"
account_rdx12xpm0kk3g6fwggq2mjx03g76rmdrgjcp532hfm7zqpdtw5vkqfjnvc,yes,119131.3775,"{""curve"":""curve25519"",""publicKey"":""58a4aefe558985480d7404a04d0abe5eecc8e4053665e0f404908812cd12c500"",""signature"":""4b753c9b28f1fe9cb2309582832a8534ba1279726213a7eeaaa9ac4e5834756364bf736202c020d859bd53b026b9a161b2419299fd6b1d8b979ea9dd6f30eb0f""}"
account_rdx12xpcdzdv33cjuh09m2yw7an3pujd403znf7qhtsw935yflg69j295t,yes,124985.082,"{""curve"":""curve25519"",""publicKey"":""7de1f4442be6f9bca4e18c57e021a1cd754c8d6c3f144da99c98c70fcf2e9677"",""signature"":""8945d7a36e1cad9c67ced0e9e010c5a21baaa23a2f7d4feecc11c64b876000de81e7cc0557db1642f969096e04c923973c5a7f9db2aef9ddb620f52d95992e04""}"
account_rdx12xp9hecuf9p66chw6ykdfr7lncseplhcvxdjpaxuvcw2da9wx0gty5,yes,10007.66531,"{""curve"":""curve25519"",""publicKey"":""2fb4515e8b66d9cee997c9a5cf8e642ed06bfe2213844d1159e8042b63f0f2ba"",""signature"":""889bc5e53ffcc1cec659e61aad5f192745d91f782fc120776f483f78f4ae73ff43098502fb4c2df23aaa8a18554c120453671820e9eafafb45ba23eda05c2a09""}"
account_rdx12xnzva8dwa3vw5klgdg50xwyqa3h2h7cpme9zr8mcfz633xhs0vel8,yes,48930.93785,"{""curve"":""curve25519"",""publicKey"":""a1c4881bead2a888b4cc02d0bec436a513b16ba14076fb3f2aafc73e753b3eb1"",""signature"":""0914faa456666c8a778d9990d43a55e744539ad8711a36a16a4d4b25e22f2f7373617f5cc721bd53c7ced1f6f3cefa12b4d6a89613dcbba9992af84a170bc109""}"
account_rdx12xnz3z0yllm2xlt8953swsc2ut34msyct0xn8ffnn785u5v5xcc48s,yes,503771.9626,"{""curve"":""curve25519"",""publicKey"":""546fabd9abef2cad72e1f35f4f416692f4d23361a917f5e082410e136af72c26"",""signature"":""80e752ad757f50e87d7930081258ed1d0206cc9160c564034dabd7c061d78e19adad4adef642663fa6fe03bfc3652f6f571f08f453b64d49acf91c65f7d4ba0d""}"
account_rdx12xnqfg65nu92re0ey2p46nynge6kffzs5mdm6nvcurr3hhyjw4udyn,yes,129.0304977,"{""curve"":""curve25519"",""publicKey"":""1e025236e5f43172390464b211aee73b4a572e7406dcd54f9fcf07ff74751904"",""signature"":""ea9aaf93ee2c0c36e870ce1917d622253d18f144638f1ce4fa5e825a9a528fb5c12fc8d3b1512d629711bc8f18c8d0c1881437f5899d0e601df32b7b3a6bb201""}"
account_rdx12xnq2v2f67kyrwa9wy9xvcvcynqahdch9ve0dunuedqersw9q38x95,yes,0,"{""curve"":""curve25519"",""publicKey"":""24085319f861b49b21967815e46ecc03c5dde632c5c183ff4efb1ee83350e8b4"",""signature"":""572aa9cb3bc98f314d784782320972b084465ef535fd4ac2918fd368967ed2fae3851e9976dc76c025b9b0ffa40701ea6a89c59cf48b2cc484ef1461e50af10c""}"
account_rdx12xnlgez0yrpu5acxr9x6lq8s9fvf03xq93d8jnx7sugmjnajsz2l2x,no,986373.1387,"{""curve"":""curve25519"",""publicKey"":""53593ce4f07dedfd2170903bb88b86313fba36d837fbe5d9d97ea98ad417f7c5"",""signature"":""be23778e226ea0db696875d6c58ccc512d545e97ccb7a9f9670f47d068666e5dc8cb0fab627d09684c62ecc9f31f1bbaab29afe7ec8e008c3cac674a8be8e80f""}"
account_rdx12xn8mqxzgkgsm5xwp0t4exjryh4n3quucmdpm0ngyft6u9udw376ge,yes,3011072.451,"{""curve"":""curve25519"",""publicKey"":""ef6ff97bd791d32096761538ddf8fc26905cf918ca5f093162ca2918ce14bc7c"",""signature"":""5d6ca1b79d80a957e8c3ecb4ed83c0f8e9820298d45e682e3e9eda00ea6efde13ee981590884b443c2d97e9c13791edad5f9011799a26d7e3ae4ee4402eee105""}"
account_rdx12xn2yc5ga46ssv929ld8tx3m20lgd4jnhp57ntszsredwsqy398m90,no,12501.35079,"{""curve"":""curve25519"",""publicKey"":""12bf10b343a8f85109cfa5349f018933e20eb80b2cf4e6c432b96b546fe46e01"",""signature"":""5f5ac9873e4e71eaaf08c2e22fb431cc9e6643909e751dc25292ff93a57fb3ab9e3ece341e172c4abf7e923b9ae719a5b2f59b293682e47dd0ad6c39967c6400""}"
account_rdx12xmzd6y4m7p4xkvzxxuzngeselfvkch3sz3j8q4rtrh45yw0mqlqky,yes,3721776.826,"{""curve"":""curve25519"",""publicKey"":""df4b5b7935b1a7835c4f1159e4b4644033a0ca8eda33ab37cf79e643f0d340a2"",""signature"":""ada79e27fbda40d6050d167648764a31830cd02823ecc62efbccfb73f5147f9a4050613a2e6f1e5cd507ed15644050316a88bc4067fe0c8b6daf736a00f12a0c""}"
account_rdx12xmy80rc7rpmclkx5vy7pknnzd6mxra5v2z0teznjcr9vphvqru7x3,yes,112.4865371,"{""curve"":""curve25519"",""publicKey"":""16778acf1a4fad44556bd86fb45400680a510b5e1661347b169cddaf73410f6e"",""signature"":""f309437c1c492224323aea39e060cb6725b89e09b0eb0a3d779abf7535a77c82cf53a98e88f2517f9ddaccae23cdf8f22ddd88e3e30545cc6b735427adde930a""}"
account_rdx12xmjrx5jp94rrkldhys7y6qps5zgm8zprancch23nm2jtrx5svq6dx,yes,0.7414138329,"{""curve"":""curve25519"",""publicKey"":""ee5404245d2504b68dc9d5f0e3ab7a269830380a931d81ba05559d97fde5206e"",""signature"":""60a9919983f9b1f2f9943f4353d84764af347bc67d9109a8b7c27b8863e545d60248f5bdce56c04d812a3eaffac84c13fced96f9693f42ba0bd2335e156fe309""}"
account_rdx12xmax8e3h8vf9udkr4fpy3zwt7helm0reg4eepd88d5huqh7xtcn7v,yes,34994.03835,"{""curve"":""curve25519"",""publicKey"":""e495dff4d937d8fb81d459acf13102127257405ac54f8d41e98190d823d19502"",""signature"":""77531dba36f812d129414ddbce939233ad4ce0cd4943ee71534af5da1042bb12268ebeb7a822ad2ce90c9032096c11f5a83de8b95be2c0b547e2a825d8ee9b06""}"
account_rdx12xm2q7pexy0f7vtljm2mtzyhk2sm07knux9tnud07wwdhx5s2wtl8k,yes,1523646.468,"{""curve"":""curve25519"",""publicKey"":""af3504b962fd6578432aa665b89833097977024f1fb419a4471c096b407d4b9d"",""signature"":""a3fba61bd558fe56a7f9096d6e7b7176683288907afd5ab51dd5704086c222c6f6dcdb02f6dc32e6273d9d5ab8a9d2e94eb96ca7efa90406ede2b5154d530604""}"
account_rdx12xlv8geavrx5cpnv9v2frrr30v08z6k37mtqkvnsxxe5lvmcnx3qdn,yes,360913.0268,"{""curve"":""curve25519"",""publicKey"":""8234e6bb3fbd17deabd8fc8c41dc4809a60c9d64d156b0a3b20366a60a3f8ea5"",""signature"":""b1819d94e723674f0a4c2d37c2458bea032f0ecd0d13febdced3c127bca949ec1e56a914b82f6d191470444d70bd9b29441664a5328f05db578d2768c8660008""}"
account_rdx12xlq3yznp0xa6gtle4833cnrrhdvwedhxr50ypl9k9xucvmlsx0wtw,no,518872.2983,"{""curve"":""curve25519"",""publicKey"":""f5a24daafd7cd1a7eef32d3782f451d014b9bee513d91aeee722716e80b429b6"",""signature"":""6ea4148f82c77e6b51cb388e4842f1cb5b9991cb340ec68d0adb1e7d2bb9e8d5bc0e958b7f67c0df9847775737cd797a3457478c967268d75e7bf39c4a3e500e""}"
account_rdx12xlk9mn6wdvp8v4wcx3jyg039cdgqqgvhan3acl5qd77x96p8mktq9,yes,183485.3628,"{""curve"":""curve25519"",""publicKey"":""ae0ec1bd0add99b8b0bfca77a699f9cee61eaf2603e4c37a04db7527aa57e327"",""signature"":""b8c7fa89604634680ecd9e40a4ef56a435aa6c46b62317cca49fb19ba7cf7a09a0570fb0a95abca887405e04c4a28e76de56554abed1e886571448c55469da04""}"
account_rdx12xlhw6symyv33rz73drruuwll9h6scww5ta7fsftcmyxdw797tew9f,yes,8872.702701,"{""curve"":""curve25519"",""publicKey"":""2ebd782120dc24468a3fd219855381814c2dd2e8061cca997c30dd64b036011d"",""signature"":""23d16f7fb38d024cdad6053b2af2221493df436605adec24bc1c54d125b1208e28ca904d9713b2f34450c83b3f989944fa96fcbcb24dad3fa228e89654f3e409""}"
account_rdx12xl2ryx5l6vkawevsuue4jetslaxqle6q5j54vahc82du6e0dasmzf,yes,1.387559699,"{""curve"":""curve25519"",""publicKey"":""36907d0d356225ef552c99fab2b2edbc0567c43d9692b3364cb8f589360e8c91"",""signature"":""0339b86dd7801b7a23c2f3f3544f0c5f5119f4f03403b9286b8ec1534f3c368afab21beb47e27e3cf9f4a0e9439986b607a286a2e3495391a810195bf1775205""}"
account_rdx12xl2meqtelz47mwp3nzd72jkwyallg5yxr9hkc75ac4qztsxulfpew,yes,54908.77499,"{""curve"":""curve25519"",""publicKey"":""d612477749fde80685c0f3ce13ca6dc0a95fbbbcbcf9464584c2f32a84991376"",""signature"":""3a5d67a22e6504ec9353ecf55e4746eebceaf766e219a51a135d67980ab9f1861ad12f7d95e7e76875387e5f924aac117bc8954269749a163ec789ba9d6f7b02""}"
account_rdx12xkvtc7hvujythqavjt806scrs2pff2l2da8ce03d6czxtg9eurjlq,no,81.98812869,"{""curve"":""curve25519"",""publicKey"":""6a1de54bf1b6e23453f52045e0b54975d1970da88be67964db9d6136a867c58f"",""signature"":""0671a893a9a2573fe800892b914bd00bd314f53f1090a1d88978721356ce3e9b0d8e88a830949ce97493572fab6210ea0fd0e2423e999016c2ad83e41e70360c""}"
account_rdx12xkhrpc3nvgr932gal5cpmhpjkn5geqeh7c97fdnazgdgjxxljvfa9,yes,0.4367351223,"{""curve"":""curve25519"",""publicKey"":""cbaa43a7e2cf1fcf00ecb7bd5a517f8ae992bd4f6b806d481716748af2dd7d7c"",""signature"":""356781060286184bf0be9162c6f4519a79d9cf46af2442338660677d008881d42b10a0ccf6bc66f1629ad5205a5cbccefcbb54f033597fd38a44ad0b6beb8a0e""}"
account_rdx12xk5nzvw6424uacecp00f8hgc7494ck8z2v8tkn4vx3c3ke83r06qd,no,1009.248952,"{""curve"":""curve25519"",""publicKey"":""bc10ee56ef0d5e47f444f6aec135acf505f6e4faa8ba97f418f34ddc21f2a2f1"",""signature"":""8c9e0d853f305718687928c1a32c398bdece081c6f639db398cf87b229a44c42460e48eea1d50f8c11ead815c5ec3bbf0b1733d27a250ec51a083210b669720a""}"
account_rdx12xk2ppxkacwnhp9kcfhqnvclr94yauxu4ylvhkmt3h443tevc9lyeg,yes,2.067698338,"{""curve"":""curve25519"",""publicKey"":""f4b42fdcba80fb7fa1832dd5193701ea0323036578779ab3783bd3cf2995b7a9"",""signature"":""7aa71faa3f573f02fab1a8c20885bc97c3d8d0c6ee5dbc48a140db961b2ba9a5e9dc6d538c01de79b59802fe806771816a7568a0680b44facc0bbb3043dd4a01""}"
account_rdx12xjzhx493k468msel203g4gldxnzjzlhzxgfc4pn5yp9zeztx4ajjp,yes,27001803.68,"{""curve"":""curve25519"",""publicKey"":""f0b31ee7e924fe10c59718284484b4bdb11ca23599557d963e6fcc270ae9fc99"",""signature"":""07b4c7b800b511180a1ac8e3c956831524811ce03bec30e81ba3ac5ccb6608613d6ca466d9733e291508d79b8961f95472f6f662ec7116f876eb3cdd68853b0e""}"
account_rdx12xjv4hqg7gavhqeq80ts4e43k48ydm4h5nwgu06639nt3ghv236wkk,yes,32561712.04,"{""curve"":""curve25519"",""publicKey"":""2bc72b9942c612631445019e260adf8e35a886539e1d0b610294a99ec8543e20"",""signature"":""f8a6729c441cade96d8e2275f47ea03f005e44b6c6ff37796c0c601ea4d18dc5db3f118ef888d40abb905b7da5f173a38029dcd7b1086e5bc70fc47d1050370f""}"
account_rdx12xjul3wkqa2fj5z3ekqrufp5dp6nn5dhta5qqc3yxg5flqkv2jurnt,yes,16.19838526,"{""curve"":""curve25519"",""publicKey"":""7d440772f2df6ee5b8ed4fa7c1cbb6d5f3ca1889be3483612ac8bae8de92aeef"",""signature"":""256c7f2e9bcecd00a63950b1ba7ed90c984a3c8f29344703871176caaccae10fd2e0bc1fe5068d3e5ab981ca68c91f476a8ed20c633deaeac1784b06f0b8b103""}"
account_rdx12xjm8qrla3scerp0pz2qy4daj32gnfemhyzpgply56ryy4u4aacejl,yes,11868.2132,"{""curve"":""curve25519"",""publicKey"":""8214f38d0cb0ecc358603c2f43ef657fe0deb1e30c69d5a094a8ced473f9edbc"",""signature"":""d9e26a6a935d4600a4dad96f616b9d81d11ea4180114324847980da0d137ea392474ea014827c424439158cc9a53718d4763924be339862a96778dcc67f3ce01""}"
account_rdx12xjhnqv5q952dj9wjgw85jyd5h0edv9sk29hgjk8mc8v7khu44t5rk,yes,2154454.956,"{""curve"":""curve25519"",""publicKey"":""83e427f9240c93af2191a67937b1cb3d7b2d2337e1fa3af092fb6072143f4b2f"",""signature"":""34182f2994edf0835215be304f7657e0f8da3adb2102ea171168fd3592573f81760f2f3f469ecbeb0e76d20aba398c9099cf8565ed0cbacd569f23d73fbb4706""}"
account_rdx12xhtrep2g64hqcfkk7cwakpj3nuq4z3yvecw50rpsdtu4t5mtghxg6,yes,707303.3669,"{""curve"":""curve25519"",""publicKey"":""6c0333e260ddc13811877bead6c353db2b25915c38994e28bdb8678dd93b471c"",""signature"":""9627ba482c5d5237ff090f2a2d79cc14dc3885a828aeb3ac1819ee71199ddbaea0cf2d00746f4e969579744e351f6855a56644e10bbeab6c5146a0d373cebc09""}"
account_rdx12xhq5gjdzq0lkpguyvv4m97egne2t4z98c9gzfmzk46n5jf6y63zrs,yes,8255783.31,"{""curve"":""curve25519"",""publicKey"":""940c01b475d056105264e0a31add104f5fc6f14fc00c8f2edf8bc92652313328"",""signature"":""91d7c56276764cd016c94751d770fefd8c6ab94e814c0d2f7d1a8f9eb14d1545ef9a40753d21bb370b0ac3f313bfff0129ce8a10d99355c1bbcf6ba6fb9c270f""}"
account_rdx12xhnkmf8twxygxl7uh8ke53f4h2vemdfy7y6hgsqr36p6qyqac7fm3,yes,67749.5844,"{""curve"":""curve25519"",""publicKey"":""5ff01ccd8b1c8e10125451c32bba3a36dc0927bcd7c7a3a397804d591a5e94e1"",""signature"":""f37035261d6e9e3e7a395e504d8c8d2259b2463048c277bd4dd6bb398d02192f619f033f4d64553c1ff7843e3faf2beffa6d80618a81aafaae9b9f9f892ebf07""}"
account_rdx12xhf9727h4ay9vvn50ymrxtp6vtwn4zauf3fm6aves9q887utr5wq7,yes,4838.561782,"{""curve"":""curve25519"",""publicKey"":""20326fbf7a387774ff800e91839fe8ef0f4d388385fef6aac2738f446f894abb"",""signature"":""b42ca84c44145de4a59504b6ad436b3315a770402c590d1e508678aced13353faff94198e9f28d3dda1b2bff277cc906a0e2334e3f5752409487784d175d5407""}"
account_rdx12xggqetq2kq8m84p8ycl472gjqxcgs2p57q7ngh7j3fk09w6lhqjqw,yes,336006.3431,"{""curve"":""curve25519"",""publicKey"":""96c1641b28d8f61f8d68ed410a9c1e4a94c09628541bbd50d6f7c800e79b50d2"",""signature"":""226d7f7965975cc493197d80135195bd12ec994a44cb8a8928d4b84b3738f678cccf0ad45237065250a953af8b21a3739fe0f66d86dfedbc5d3f539ab992f305""}"
account_rdx12xgclj5grnh53kd655x983qzdwhhxe7lluu2cq7eqswvf2hh4wxn5l,yes,64855.75624,"{""curve"":""curve25519"",""publicKey"":""ced7c1cecd1b1f65199dc90c9ac9f14465af741df7ea1906887ffbcc7a43cc4f"",""signature"":""62f3c8cbf31d9ac6df2affde2872129b0e40861549348647caff768d8984e8b88ad570a5d0573659edd06413cceffb266fbf494f5ee2ae898b71cc786bf5140d""}"
account_rdx12xg64zam4fhss4w5ljm9wk4p23hza7krweys95d0996qyckr9lyxgg,yes,143029.7052,"{""curve"":""curve25519"",""publicKey"":""bbfa570a7461800f29284c48d0cbe6a2c1f87e6da8cded41a3f6b1ddc77ed001"",""signature"":""32da548a0341a46613902b6e47a900b4a3a7522b2f3a7d82d9c1f853926af9a58401b9130ae276d577f6f99ab50b0cfd1df9b1a923e7a62fa16963af6a8fdf0f""}"
account_rdx12xg2vty93a236d3yp9556nnsgjdelznyv0anrwgsvxlf8kce6crfng,no,191038.3423,"{""curve"":""curve25519"",""publicKey"":""83f038fc5a2217d9aff20c5974a4de8f8edd0eafbd05564f8ea9fb7785bbe26c"",""signature"":""74ce45008aa39d506731731bdece287742c70ea0918df15081b56e86c329c9767d4019185a9d10a4d842b213f3ce8e5a5acc4347b3b01e64c4fe5885c7b82804""}"
account_rdx12xfyd389x6mc240adrmzhtv7vw7dfz6unjcjykfkmtlrd8u248nqvk,yes,583895.3868,"{""curve"":""curve25519"",""publicKey"":""aad18e7e5756c4139c3f903856352c115a7c67f4bd54632a40fb20b73713bedc"",""signature"":""52a02f198fcb44aa366fc88972ebead6292b79ea2f1865ffd0ae9c3a8eeb5ccd7f488606bc6d0cab29f5784500c40bf6eb765329fdc84558dfda293499baed0f""}"
account_rdx12xfw882v83gl4alnkkwk7yvsn3fs6favukatnk0sewkjd87pcm3y94,yes,134935.0108,"{""curve"":""curve25519"",""publicKey"":""ded3b3bd3c8cf4861b7058eb42cff9ce6047306b7b93549780b3dcde0b1f682c"",""signature"":""0d08e14e9408c38529b46a3b0918c676a921826ec281617893f2c6dc4f778a307505bc1732d3173acbb0fa5953c8588d27d6ba0d400c8319fcb1e245b5d64f05""}"
account_rdx12xfsywnue23k4djpldwk8tzjfd9rv3wc33ge6pl6ajgeultx4y8ux2,yes,0.9656553314,"{""curve"":""curve25519"",""publicKey"":""1239b9f92be9225ad79a486048a905019a7a97f1c7a0c29547b217e47ec606db"",""signature"":""db01f8cd344aa272c6316386e745550f4e2baf2099122260a0942cc91d0c306aa25f8d9739451d44679f124e9aded33efbe2b1dbfc2701cbcb20813f700a1e00""}"
account_rdx12xfn9ke3lc6v40hzxq9pl46kq3trauydnl6h5e927gue5k02yla5g2,yes,2086036.43,"{""curve"":""curve25519"",""publicKey"":""c91fa8c1fb7dc251c093428ea009f8cabb40c56379b06e9259b6b79881359f80"",""signature"":""bb4380e950dadfd66934373ec9f699d08f31d0b7c09d2779a5978e8439ec7fbcf407743a1af203a349ebcb6a8714efa032cdcb43731cef54730b40b1ded4ac0e""}"
account_rdx12xfhgmgceuf5ftynh95qpe5qvh0575qde25w4hmt9zj5wz3s0985ce,yes,36729.31731,"{""curve"":""curve25519"",""publicKey"":""a158982d59113e6d786e1cee30ee8b4901cc7cfa922d0d4c09345e293f3c727a"",""signature"":""7ae56472ccad39bbef416418bd5da14447c0f24d0d2e3d704e8afc146d618c4c538f5212843e5b5b4f8594e8d4051d03c4b537de21262c305c6eda8d6f27120d""}"
account_rdx12xfe9rpah8nkwetdr9shde0xg84n7aqj4rkav88uh5v9x7tu4gx85w,yes,42687.24531,"{""curve"":""curve25519"",""publicKey"":""4d80daa8da07863e0bee7549a1c631b8cc8da2ae83e7175289bd110451450f87"",""signature"":""201c2b7e261b101bd6f82455d28262d518b2cc4b68654f03d03efcc4ba45f24b46665701eb169204ff848d55a228ec7ce8a33ff16b0c5e0dc1c601d8b2fc8a0f""}"
account_rdx12xfdztht08e4zn27u9s4ef30le05c4rq42cg5ulkk2vv9cvgc75l87,yes,1060.002408,"{""curve"":""curve25519"",""publicKey"":""cb98b17e78a1faebdb02ff10e6ae50f7b126de805c7dbd26fcd6f18ff9f4c973"",""signature"":""c42b164ac4230124252e0daaa4427f3d6243393af129e87bba8634608bac5060b5abbf9f1d8ecdaa7506ee502d96038dc8c1f7eae46c8f97f1d49edde6ccea05""}"
account_rdx12xf9z0v0c0vvf7vfg23472p8usqg0u0m9efl7uydhh04nz0hdydtvr,no,67.90742652,"{""curve"":""curve25519"",""publicKey"":""3a90c4cf399cd18d8a7a10afcc626f5fc1813eefe5a9791366042d13f88cd209"",""signature"":""9bdf221f98b0d5d7a4e2b5d07ae8c47b8de43cf113fe3af7bf63bc8f47178a47a32e400bada79a5e2462c7d41901f98b9c92c8de8ccfe52c332b1d6c7fcfd40d""}"
account_rdx12xezw5e0zm83r009me94vma4jvu930q47ya7kkz3u9cm7w8wk355v6,yes,177.4330413,"{""curve"":""curve25519"",""publicKey"":""2a275c99687abd07bfdeacac1b814dbafb78cca54f8423247e6b325feeeb9784"",""signature"":""53bc0564ae03af6120ee927a3a1204ca9b15208eaab62bf6b236710924ca31e83fbfae384a30a0a76a216ca1654a63690940cbd4e1c05f13b0d5608a9b971809""}"
account_rdx12xexy9247g4e6dhzd4plplel043lpd2mq39lz8fxsnd9ajflm5f8v4,yes,0,"{""curve"":""curve25519"",""publicKey"":""abd11427c0d3b3d6ade5028815193ae55d923c85f7e470ce0360ea21bbe3a7ae"",""signature"":""d628a71afe0d513e756bf16618179375d03f805d847aff01ec4596bf15629f4e0408306eb8cc25b6ec4264a5e1d4d657019419938852054b1373883626216a02""}"
account_rdx12xexr4ynwh9k6d6pmkddj85vecxx24k4r5uymudawyyq8m58a028cr,yes,91.19568625,"{""curve"":""curve25519"",""publicKey"":""b040de382ff9c939967878fafa7112435076d708465cbffa593dbad7ce4d01d9"",""signature"":""c2135a02c68f038f16cf7c0ce2638effa3c7d9e2ddc9b08fcef0e34e737fddd1e3fdb511cc4cdce1022a296786c309bc0edaa83b159dfd64cde865b35a16d80a""}"
account_rdx12xet3mg4za3kws7r5ae6m88y8tpqu8layey82hcsmk9zxlm38wdfe6,yes,607715.4892,"{""curve"":""curve25519"",""publicKey"":""ac95bbf78ccb14c7e1594d53f45f5a31571ef59bb4f5b453845839ab23beb688"",""signature"":""ea5c72342f68390e9bb0dd54272d2d555894d443d3d367480643170ba3c2fa96684712e982f2230674d7d8b919018c5021d0691597bc2843f48e27196a81a40c""}"
account_rdx12xeps4eh2jf2p93luhphwfxmzvduyyprqm4lnwcz7xt9n94jcwfqgy,no,1000007.898,"{""curve"":""curve25519"",""publicKey"":""d2d03ac3709939b8edb590ddede54d2e36ed338fbff63fe760fe0db4adfd7495"",""signature"":""2a4878ab5a0fa18fc2c84e7d6914fcaba09cb33de73d593069f5f472ac53771d3e883d8a3518dc092542ae753f7cc9dd656c0151205ad402f3507a9501eb7a05""}"
account_rdx12xeh7s6grdcw72vt2dz5xfst97t5ngzrx2u4k3k6xkhd047vpl9yzm,yes,211786.6401,"{""curve"":""curve25519"",""publicKey"":""97c60f10328a2a5867b304ca41ac0df3f470028624a23ecf7c87de3aad1dbc46"",""signature"":""083472e1a5d1e690590fc6d25f3e7c53086d26c705320ec802f140624bb7690a9cc29a4edf35e9b7b24252a894b0b454220b2881ad3e2cc5c96ad8099f011607""}"
account_rdx12xegy4s7a5ke2xddlfpjpl8w30zap9d7p4ewspzslm9wsk6v66zjkm,yes,1.676056951,"{""curve"":""curve25519"",""publicKey"":""6f89a48a98b43b8c43d4dd8895f59090bc86b825871d3b7d54a7bf9b3bc52d6a"",""signature"":""a634795c8bc87610d7efd7f4dea7ba306d572b0b220def1b93898277a18e63af78c4c3b55d879c1e5c890a576efdb9abc0198b1c90cf4ffbf1705d390f30d103""}"
account_rdx12xe4fpe44z9ysfg2h8kz3lpukuzahfqpl0647r09hvjax038d7rsr3,yes,319492.1564,"{""curve"":""curve25519"",""publicKey"":""aa2b49831357af239206a36a4b4e0caf582237a81a920a2e70ea2736d708f238"",""signature"":""a433c8553088ba44560ac9f939a41d93c06abb2036cb58edd94053600ac5a2de5e1ad672e917b9bfa8f59b53cbe7c28a276ede85dfcd529b5bb5054cd1f5480a""}"
account_rdx12xdnqe9z8tud64anwg6pnzcr7f6l8kd0kjmefsd8jwsc2teaf3v4m3,yes,81279.07096,"{""curve"":""curve25519"",""publicKey"":""dd18d39f7e32ae99d4f160f63408ac3b9da6f0d83f9cd42a5ff96fbae5127651"",""signature"":""9a7f41c8a5a3496f16119b940e2cd64da8d78e9f59c23aa5ee3ba6ed0ed5a5ae7ea3dec23531765546e4a9bf4d9441cbcaf35cca1d26806a36a5b9c57e88e101""}"
account_rdx12xdjutn3x755pnv4j4zfn6f37dkp8klcu4vl58r0dkfdj3726g3f5k,yes,5782.402271,"{""curve"":""curve25519"",""publicKey"":""a85307d7a4dde8b0d7ffc0297d010d02f068a04e1bbdff7d86eb9044ee01d473"",""signature"":""cc7ea88bea2987e39722f2a764e40cfac903964095f121b8562fc026da413f0b5b5bd3194bd52b80d12890a02ce8438832a411a928efee4617b0f4ee58737b0f""}"
account_rdx12xdcqcfpxfj6casavgpwv99hsjx0zdx8z76drhh87ehlxkccvn0h6m,yes,0,"{""curve"":""curve25519"",""publicKey"":""d85591b254d47f18d18fc6fe7e9303cc5b50370b164948052d63c0e5c8b8b6b5"",""signature"":""107c489e5e3b4fd034b4422607f6c779f61347b0de19f09a80df68d7c19cb848dc299480f69529b04c482e1dfa2393fd6fa7f60fdf5970c5ad418e740a46fd04""}"
account_rdx12xd4apn8cnylchjtwgjeqczj36yn4qt6290ffmfs93usa22pcjgk0k,yes,16875.26958,"{""curve"":""curve25519"",""publicKey"":""4cff5e33f6699c0e30e0e08d88dfef027e6007149689e847f78fe102f64ad531"",""signature"":""d6dc3680c6a8989bf94d5ab8b23ddc1038c114dfdb46e09797bbcf591881354d12b32ada8bc6ee278533d675c6b61acff9266ed5efdcfaf4ac8a9902932d9e00""}"
account_rdx12xcqr3ncdnmkugw6kmhy55l0dks7cxvck23axc0rqfaszrmql5mnww,no,1629273.244,"{""curve"":""curve25519"",""publicKey"":""eaa632e581e7d7801dc54ee4c59170ae819dfe9adad030f1d878d752b26a91c1"",""signature"":""fa60cb922eb08449c15ce3e2f8bbb21bbfa4c75ceef49d2d99519b79dc48bf2eca1415c4fce8c683fc96774359ac0493ce9b803beac880cb0b809a46c6825205""}"
account_rdx12xcq88gypezh9qgapc9ujt3ujr30crp5gm2cyxtyvrh26l5q7dpa53,yes,1.967358453,"{""curve"":""curve25519"",""publicKey"":""d273669b6f386d0ceea08a5b51045d974e0215ee47821c9d2f1104128c9feca5"",""signature"":""3247f59d83cad828a336d0545f6b91798f90b24348f9a63c1a6f50c08689d3f718e40bfe60aeb3ebadccff0c1b30bec8a9a3032e7d5142834e4b365257b74301""}"
account_rdx12xcjrp8avamy50pwt6gvru55s0pszytn69mgqrpzmhm2aswvxv2gzz,yes,75741.43898,"{""curve"":""curve25519"",""publicKey"":""f8774e5301bdcb768b205ee8e684c63a317eb9dc7f49566b206f5890235c61d3"",""signature"":""5fbb0c00f33f3bbdf9e16211cb0fc33420490bb15c73c2cf38d4f16ba1a6876165da3fe0d988bc1eddbca76fbfa84ffab5a73f636b0661068ea8258c5346ec01""}"
account_rdx12xcfxqfcmwun7wcqearm0rzd6yfp3j6mpeqf3hzxt5jhhzrx8nsnrk,yes,57511.42156,"{""curve"":""curve25519"",""publicKey"":""2a5a6f9ce9c0d32a0efbcee7e76e3676b1c2e9a7da3aee97df62a017401bfc7a"",""signature"":""b85fa8c4333980a5f7ea72d2edffda191285ead5e524f0139dce5007e5a26dd3391d90f993bf0e858a10d854f71b0894620621b835ac318f257ea648189dca0c""}"
account_rdx12xawnmx0y4udatkun96ta5q2eun30cz8pjchjz88x3rlleqke2zv98,yes,0,"{""curve"":""curve25519"",""publicKey"":""b5e748d1f9ff22f90d84bbba6aa658f67d30ff3aa6d85e8f95ed8be7c971ba1c"",""signature"":""d4aa429dea1d237d13c55f6979fcc5363a17ef04d11f7fa660fcbab0da9223dcca07c6fa8625fb0b9c2951ecca820e2bbd418325f34c01f563bf9635d2bfcd0c""}"
account_rdx12xat4avvjxu8s3e279dl2v2lhy3cparurxp0rjg68x2lgepqrtr94u,yes,3175790.667,"{""curve"":""curve25519"",""publicKey"":""544b6ae9161a6cfca9db789aca3e7f2d7b73d1e02e732b4162d24c862371863e"",""signature"":""9c2af726162a129590f8b0b13be58bf8d2fed1a508f1e129a5b766419c73f9f5aafaf84f735ec619ddb511f70977b927ede95e446943eec618011de98d252904""}"
account_rdx12xana7x0zsx0zv23tg0qryzzhmnqtye7hehvskyc78lzpf7wflsyqs,yes,1007753.818,"{""curve"":""curve25519"",""publicKey"":""52e7dbe58df6c73cb11c41e5e5e9662af257ac22200ced1cf91c4da060735b10"",""signature"":""5fe0c703f1da4e88de5e763c0d45323dcd95abc69d74a772d853e66117257707ee515ebc3cfc249afe36ade892d35ca3474fe7faf4cb6c4d266cd089b47a2108""}"
account_rdx12xag42qvdcu7zkcaez9czym5lxj5tem9566pgakure46qsp78ev35a,yes,36.76819001,"{""curve"":""curve25519"",""publicKey"":""06b10caa7337e9d769e0e1053e5a7630cae91003a0da7872951bb8a4cc7f94c2"",""signature"":""3944c0ad6dddbcbb02132270b496f4444a424579263045a340e63aaa4a8245fd53633e697034024dd3a367253972777110e60e269768369d96a0a9e7766ac405""}"
account_rdx12xaarzqkws5fjluuw7z0jvuywyqcp0zwef5g9squ3hge4pl9enr02l,yes,20,"{""curve"":""curve25519"",""publicKey"":""b8cb5ffe3a653edcd4070a0e231a7440715507e33c959e81f3e4c5ea15dd27ea"",""signature"":""c01eabf33879fdf43c5d5c2ed6b862f923902e12eb85eedc5ec65e966af4b9184ea18e3ec97e9625c833d44a370db7bf8e7d64a7d970d3fdc15561e5a746370d""}"
account_rdx12xa7ys27cmfnsyewegfm3q0unzdhcvx6avynhamq337qe9gv58vd8f,yes,225530.8762,"{""curve"":""curve25519"",""publicKey"":""ec5802ac2a5ff416f145799d7e3b3f90f337d575e4a102634899ac46d26f6b42"",""signature"":""85eb11b1f7e862734236216ed35e335560780804b4ec5140fad6528fd324512b969cee611e1f6f9088d5c5902d0f3980a0cbb478c203bab0e12a904da274c80a""}"
account_rdx12xa7rn7vf6gjn8pvem0n6d3ha3mkj5e9phn7ha9675ma0wlj08qgf0,yes,1283.624963,"{""curve"":""curve25519"",""publicKey"":""91daf128550a71e9cb16d6c2d67359d46009ba7296f259a8870199d8c8e480dd"",""signature"":""5bf9dd4ab8546ab1f598bc5ee6f09b6f0942bc8f06518de300691248675f4a12c1dbdea4549ba20b685d347dc6e12c640074112d2b83c7090737b994d92bc203""}"
account_rdx12x9p3xpuw87ulqc040hcf9edvy9n5fkj3hcqrnv5nrhr7lqddc9h4s,yes,803364.7573,"{""curve"":""curve25519"",""publicKey"":""0a259037f261959b0b7f45c068f31f1aa254dbc6f8fbc37dcff23cda30a97904"",""signature"":""f6d30f9f345abd747d671c918e38bacd77064d4b9fa2ad46082d6f3ab442f856e8c1d91c90ed92ac6bbf81f60c5e0d6e6e14a2743bab04611ac1bf793a4a2301""}"
account_rdx12x9mmvsw87rvz9spmw4qe4p4n2h8kcl7jffrqccl54f3fe6sljhle9,yes,95271.54441,"{""curve"":""curve25519"",""publicKey"":""88befd62afb5b2188bdd723a1b449e16b3357dfc5a83669fbbcadf3258f9a398"",""signature"":""d5666a4cb06b3a6079288b83758e8ccc5e37f5100a8171d7caf1b2fa7e56d2b89f138d18650387d567050e1a17153948a8980e014c046bcd18af548e15ddf00d""}"
account_rdx12x9km3wq5rq567q60g2t84rpadym5xumgzv4256xz4vz3u9d0ulxkv,yes,309645.559,"{""curve"":""curve25519"",""publicKey"":""bb4cf984f4dbe069d3061609b370d9d28d0c0aa053ad0256f3f0b5b422110260"",""signature"":""90d9039ee25a835acd1cef0b95fb93aa287be715da933589074ec940eb8e4eb7df46d66db9de16144f691518d603bdb7c2b2c04b7db57c2280dd00c9ec304002""}"
account_rdx12x9f54ynr3y8lznztt56lustk3j3xadn8e79y72w4jdg3d47yryrlh,yes,8433.302333,"{""curve"":""curve25519"",""publicKey"":""63fd635ebb9381d061ed2d5f6f64510a96c25597c6253060fc6d71046279aa4b"",""signature"":""57fef2073bce7c148660c15a78c9c68bcfacaf1005689654b31e4d3ede775d5b37d42ebfa75b339419fa9fb897add8c2905cfa51c108629832986446b8c84e0f""}"
account_rdx12x99cjq9ewunr5aqk7askzqgl66g9jks3ayrs8h68sm2axgk0dk6yr,yes,549705.4917,"{""curve"":""curve25519"",""publicKey"":""49fc4518b4319a629cbc72372f18102fded70850ecf51692da2fd08bb7da8d8e"",""signature"":""3142e0c282466833bfc3c60f6f5fc33b6dca37a08cd3a46d5985515740cea11e0e519f2ebc268f7cff9fb09e5b4f01418ddb2a186bf4c238b8dbce5a924ccc02""}"
account_rdx12x994mjlt9nxz34we4r447p48d3s9jhs60t45xs5ru7f35yjpu3uu4,yes,686527.0502,"{""curve"":""curve25519"",""publicKey"":""f46740d895683d45836d461bbaf61a8bfbd13aa311a82def80814093a45165e5"",""signature"":""f2c454464199110a2ea2241a6c9710e8fcea54d4e79b19dbc498f916fb299d51615aef36d6935e03960c88f7eacd02f3024e9958f26733b81278ffe9280a3905""}"
account_rdx12x97fgl34365n48qr2rc3a9ge8ya3vqjm9trus0wh5cvd3a08rhfar,yes,0,"{""curve"":""curve25519"",""publicKey"":""1ea7e8aad96bbbdd6a34ff8450240bea6ca556cc9ae623b523d27e8326a144c4"",""signature"":""a74d2749d81eebd498ad9b51e1a61ffa4c04faf3c373eb331aa9e8fe26e6f9124f7079a5eb489cc406018709b1611095b8916f31ab3dfc4f83a6502f1054ba0b""}"
account_rdx12x8qtu4mkqe77ny6hrv4av584xt4easx4z2ytqff52nxz6ykww82n6,yes,0.1965605211,"{""curve"":""curve25519"",""publicKey"":""db645719d733cefb17d8285408f9ac3f7fdb9c58323c71b6aae0d439bd8edffe"",""signature"":""ba965024a68fac7b3004804b0eff6c2cd3b6df1e4493d900594159614951bb88238ab459d243be250e61629d860fccf28f41ca0eaf4f7048f49de244f53f780b""}"
account_rdx12x88dv6998y6gxnpvj89l8fnpqfh248tgc5qe5mdcx4fk6clq7kxql,yes,494236.9131,"{""curve"":""curve25519"",""publicKey"":""96ae551390c577c1c22b5eccab24a4195b9f0cae76e47cef3393f037df85bec4"",""signature"":""8320431ebc91c64fbc4aa45aec07a5d520f0af456857e2aa6e0c0b44808c30c782c7c15e364743a152700ab9abb50e0f717ce9b3e809124af117a68f0d0d220b""}"
account_rdx12x84u259srweswsf7nqtewgrjs04lxk8wzfjtjdxum4m8c6pj4xgyj,yes,0.4107293491,"{""curve"":""curve25519"",""publicKey"":""164e39e32b2bb995147221328852dffe49a7ce89a04060898995fb9ef2fd9c7c"",""signature"":""7944fbddabcaafd70e6d04c0c68f7f16a18ff1a58a8bd4426b591ca6080ed842f71135a6d20188d1c185df575c29423cbafdfc3ec3f15f53f82218968c8c3604""}"
account_rdx12x7mp89ludss8r34uz7j6jqpxw7rhtj82hkm3g2nvamy5ctg3yr673,yes,0,"{""curve"":""curve25519"",""publicKey"":""52630b9f22e175299532b67beb3617af2d13d9666ca2f8b8ff1a77683f1af788"",""signature"":""19eeeda2d9f2cd1d6b212ab235195ef0163c12fa6f554db6d19b2308c2fbbeae00504fd96f9f2109cd851bf08456f7cb555a6dab9327e34dfd7e48feb44b4f0f""}"
account_rdx12x79clt7nm86u5u4sft08zfddwpuktc4pftt5a3c83elj0k6z577yd,yes,4541.29915,"{""curve"":""curve25519"",""publicKey"":""5eb6302c0c3434e7b3ed52365178428ad9ce70f9d4ae91fc960a19d2e4a99500"",""signature"":""5d71d240053c4783ec7c40f761f3970a51b12eba4be194db51dd5b7e61faadeb583a9e005d9d86cd1494d8fcd3c619e68536be3118b757c628e2bdd0f7bbd200""}"
account_rdx12x737eljctw6vvn9ggm2252m8fen0w3yk06s9jv3w49s89z0f3g2nd,yes,169.069084,"{""curve"":""curve25519"",""publicKey"":""a0f4c9c19eefd5447d2561925fc1d4bbae95fccbce3f986b17f205e1f7b1b377"",""signature"":""4ef82a4c02d3696d721e83354b229acf825c2097145127a8e1614b09a36eb741ad84f3ee1500152a6d015f5860c42b13f786f3550ba3c2edf999db9a8cd36102""}"
account_rdx12x6zcd035tyegmuf060sx2tqas62jgp42f345x90scjzadaphanj7v,no,6.189198451,"{""curve"":""curve25519"",""publicKey"":""335a93b2c897a23a0c5f8885a4019aa5e41632fb3ba867f11ad68e15f4932e26"",""signature"":""23fd3cc977049c5bfae8347557424dc7b5a6340469da21653ceaa480fec4de7cb3f9f40f65103e43e962c788bea8938b45a8f79eb762086136fb728c36240400""}"
account_rdx12x6ktgf3a7x6s3w90z2sszl4z4rrgxl88m5w4deelxes0xghtwwq77,yes,32011.50013,"{""curve"":""curve25519"",""publicKey"":""ce14e80fd74dc4404730c972ac2ec62b5d1966875b8147d223f18d4a8657645e"",""signature"":""458e8779834fc778f6c9f5b173bb81c846d3727013dbaf8bd04743c3436305adf3bacd93a8a40465c720924e48a6a602729f55bb96793b8d5716d69b8f37f402""}"
account_rdx12x6fdtn8lua0xgwepkf93lwh6kqz6vefu60kkausmcmwm5dj5y49xu,yes,1.795560381,"{""curve"":""curve25519"",""publicKey"":""b596775c1a938bd498e77427f0c252af812eb80a52f87eddce23397ce7bf8469"",""signature"":""1ce432e3eb0ab06c5eb35c4a31da80ef778f7459bd68deab3d5dc85c2150f34ed04a58885f714b857d415bd27644404388a9258801f83462e4efe4d06b173503""}"
account_rdx12x5w3u4f92hmwmkk4a2f7p0a8vveazgv50705dljnvz7cen50pzlst,yes,112.4987426,"{""curve"":""curve25519"",""publicKey"":""0e08200e90c51f44fde394e0fa7d319b5cf6e55236c2783839d66ce246f69e87"",""signature"":""4cee83bb0f1199599a4d0c821b7160beb036dd6b4bc3f661d7e6b9b9a1409d1da7b7e189f96313e8fb84577c2805e4773d8e7ad2b389b7bd6d6e4a47061db709""}"
account_rdx12x50sh7dw0umqkdtz4ux67gwg8lnqu8ez9eckwq355zwnvgeyp7kma,yes,114.8211164,"{""curve"":""curve25519"",""publicKey"":""3dca0ab8792fc5a02d9f7f59438d04cfafa45623bf4d66681c5c353151c8a122"",""signature"":""55f3ded2730320bec50beffd26c4804dcdd80c4b7165760dc31a4baf0b9710e6430f84dd0a55b146aa1e6c8aa4d4daff8d01f8c68e489b4dcd9f27806ec6fa04""}"
account_rdx12x4z40whryj7vr5ylv27zfx5lwyqtsujnwgl5qpd7s4dlmtknkvcck,yes,749218.8646,"{""curve"":""curve25519"",""publicKey"":""10778f184c8712c004bb16715233f3a3df06b6869dadcc3c521e9ba86134cdc5"",""signature"":""b94136609d80de909401bb64979b905b9e1e9d3cd2187e9d830a9cccbb0be82b2aef320a53a36ad377700e9c5f1f4e8a7667fab840d93cddf4f169cff93a2d0c""}"
account_rdx12x4t3l6tnxwh0nvfg0jwaj9ledempxcz7zynme8sq4fjx9r63axjsq,yes,6161.97442,"{""curve"":""curve25519"",""publicKey"":""70174689427870ca4c52e5e0b6025f631397e60a67fee8a1fcad2934b2563e85"",""signature"":""e080691b055577eca53f4e2bfbbb142489dd9e7101964d87b9a70fcd6e5404bb16bb3cad54806447d0f9908c371ffed0d2ac4b5297f67a1f1750ed4e59ddb401""}"
account_rdx12x4hnct4nmdt9ye8rsjefs7yp2dsklzvx6p3q9fd0v3lmfcjhafs2f,yes,847.4493392,"{""curve"":""curve25519"",""publicKey"":""3d242db2cba83ccc4cd8b38e479d72a28bb4786d8e86d63544e98a0e5f9769ae"",""signature"":""be3319ea981d33212e0c10d03eef3d69704cafd29b689fbf59d42bcfc4b483899b58270d68d657b7cdb92969c33700ddc93f73d9ccf4b40aa85c053aa7f4a203""}"
account_rdx12x4gdfm9pczutxeuph3rgnu0p79qkzkzd4fyjf4u7t0s038m35wwwv,yes,0,"{""curve"":""curve25519"",""publicKey"":""b06e677efbba92b2b2f0397b83991cc99f861453a470f61e034a5a90c05bd646"",""signature"":""ebd6b720a0643d243286255acc2b38cb5484e1efeb91ccb9bf2ebec2cfc5596e44a1b3481ea0d7a69101f3678d95b5ffad0509a8abb0414d4d5697786c735602""}"
account_rdx12x48t3xspw5m355jjnj0zpphgsptvrsxsml353zmcfx29da0zyewld,yes,1.376857668,"{""curve"":""curve25519"",""publicKey"":""a5a8a75bbf5d0fa82953bdc9fb75f4aff6d3d254423f1f0b9409387b8073589b"",""signature"":""b5f234ebaf530a8c5577ba55723c4908852749a2daaf4d13fb86458de74a7e5b595d0697430931c7836c30958ba2812bb5b2e293cd17cf3cb1a3dffa451c0304""}"
account_rdx12x47l3yycua4a36kaa2hd0pen5fugcq6ceeryynux5fp75ndgwdyad,yes,48.58576352,"{""curve"":""curve25519"",""publicKey"":""8961f6c349cbfe6ec464d2a26789be698d3a68ae6b13b5ba622255cbbb53bbf6"",""signature"":""0eaa2cd076b6a8d12bf4563658991dc402a9969b8b15631142f29941039880d721b214f06893c5dba1d5cb37d428802077fcfd57f27f9443a1e268b17dd92908""}"
account_rdx12x3vfxw74sv8uw4qlv3eq0js3vwdsuvn8a49vnn6gxcn7gvh778sn5,yes,0,"{""curve"":""curve25519"",""publicKey"":""5245e1f6bf8743433e1137e57e02004fdd97336a567b4cfd0065432d8fd2775c"",""signature"":""5f6f8e41f90f63a469b27cdb21149110b17c9df31ace731c6b94c92e64e9ab735ac61a253f09b122e25d4f62765de3350831b77168de7c0507202e1572b79005""}"
account_rdx12x3qkhapv8475gze2r8h2vx9rnenry0l6wcjwkxg2w4zvmmqdxakv8,yes,158.3407916,"{""curve"":""curve25519"",""publicKey"":""9b8c8216e57da1b46b11423bcc3338e4687348bd03858fc8173212c8d94a050c"",""signature"":""86d013258e2da86494a1a8ebdfd25e15724557cba6a5bb18635798f63f8785bceddb3654179b6c88c606af807e5033bf1587740766dfa09746a3f37f5381100e""}"
account_rdx12x3kr7u304622as047vmaf3cpuwffmp8y22revz7ylvpae56w4v2wv,yes,94723.4196,"{""curve"":""curve25519"",""publicKey"":""441c319189f2f791148aaa1a0e975ba520f6e548ac6e5b926333279404eb6336"",""signature"":""4732ac08f9d17a4562cda4f7880a3f3827fb53b67e60e9a0efb0bdbc41ed474fee2f4c8aa31c0db7eef9675054912ce45beda4dd7cf520e73c415d9c75fc910d""}"
account_rdx12x3fju29s7eqv48gnjhj49lgvqtempun3fv285hmjntkkjr6uefq76,yes,1100.779112,"{""curve"":""curve25519"",""publicKey"":""6e80f4c6230a54869e05e9c208bc9db69affca885d76d331446677d473f57288"",""signature"":""7e23c475bf430cde5fe22c6ee60bf7611cc353fea0d17a3ec68244739b1200ff86243703209acec80bc76d9171a3dc1ab71fac55320f5be8ba6f428154093608""}"
account_rdx12x39203eljx4fnepu3q0rfs98fgxmqn34yjd2jakcx3llsny0yqnpu,yes,0.7414138329,"{""curve"":""curve25519"",""publicKey"":""2a019977fc9573f209c7744c6242aa2690df9f5371101f9b95482f047a70544a"",""signature"":""9ef61bb31ac07108443376db04f3d038b5c4330d2524d7a053fd2f50b2ec635b4cbe7e4e74312135df37e8ee05a78270de6b6b79dacf43306353dc85c8a2b907""}"
account_rdx12x2fy7lhvg0ptdsc9f69jsx73w7ra2jrl3u8rw2x5jr3evmf0qj6nw,yes,4006497.275,"{""curve"":""curve25519"",""publicKey"":""9b5aa4455502beb102694fd0adb98ade0d034a9837503a721535e3f7c52b2940"",""signature"":""ec1cb240ce08526e2a2efef4d1b7a18827b83e997dff63fe822a7ad7bd4401bd76c79ea9ab7f70de670be5d9b0b064abbda5c6db0d01240913b5f489b45ea106""}"
account_rdx12x29yy6szhp7jk5fx0hlezyx2uypa6qtjau08d20t9epr9ers8vn4e,yes,21446.77939,"{""curve"":""curve25519"",""publicKey"":""c1eace2d67e37a90a328530a5fd27d8d581b767995c49592ddf119b476a7b710"",""signature"":""842a3fc192af558ba18b197158f47810a871d11e43b2b5752083f0dea7c1d16744c57e30ac223d89f2e5e456c5396df45bf537ab68733e86352b3088d4e78503""}"
account_rdx12x23fuvmglg0caylwdzagxkpy54fy9wjyd650vrcht2tgzeerjeu9g,yes,13493.59911,"{""curve"":""curve25519"",""publicKey"":""2bcbc9299c119a55d058a30d114eaa36b62d7120ce30cd783c4a3742e9569501"",""signature"":""6f017892ecfb1fb6f41f25b3c18028b54220d99834ed6a345b5835263bb192ac1a1dbad7723bea8fcd826c9663126074510a1aa55c75a71f2ce4062c2cd2d606""}"
account_rdx12x0yxcxrp9me38aexj873h2pklq6cv683l6estma3ehjhkgdqaqml7,yes,4472.290899,"{""curve"":""curve25519"",""publicKey"":""f7db1a60e6d46ff1a4325c3bfd590f8ddf029b04cc8c7246759b703917905359"",""signature"":""ab299c6387e5d6e19cb86f12e5594f73681269f77746f5f924e747a28b08953390c83931baa08ee01bf849184134397ad59f7e4f2ff3bc7cc5965e754dca190e""}"
account_rdx12x0vd0mmcz0zawxqs7ulh5dsnl80pgsmn0tjs2d9veznewputrtm5h,yes,112.7127227,"{""curve"":""curve25519"",""publicKey"":""dc92c10d5b50bd9f3a32b9abfaedd63e91a41f688a8331d1f503015655b417be"",""signature"":""832a6039f6cca0e9c06153c797d920879b4d0c5ee595fc853d38b35ea1364fdaf8fdab4b4e57ebc6a0ccfdb962404512d71ea12c949575a03ab8cbd5da08eb0a""}"
account_rdx12x0gf0pkhu4pa65cvn4kxgz0mkxt482naye3qud6wausjjqjfdyaxa,no,16108.68476,"{""curve"":""curve25519"",""publicKey"":""87d8d54f68358e13d23b4dbcadd34300280b0b8df78974819d862ed5410dd997"",""signature"":""46aa198b1007f1a28725877080a3057a4b38fbc2236dede0cd9d26259822778ab53d6b19bac0b8ce45f0b4dc9545b40c65c2d7786474c9b5f7b7d34ed143a70c""}"
account_rdx12x0d23a2n2trgg24n7ajtwak0demev3sag0p4nt4yljgt5v4t7zug4,yes,12027.25163,"{""curve"":""curve25519"",""publicKey"":""150437788c2c313fe036f9cf62aac5cb1926b0406b19f69129f9e044a8a8086a"",""signature"":""a246751e6d5e217016e75643efd06bab1b0cf282322cc314274e529486d66f4727b002719e9cc945cc4c29ec5af13b437838eed22947218993196656bfbcd00c""}"
account_rdx12x09amuhnfhxfkl56ut2lz264l3d5sltddncr8hu2hpc2clzl6hqtw,no,27478.51304,"{""curve"":""curve25519"",""publicKey"":""6064f0520f81e30fb3bca400d7a91fa96b2eb93aa21b50f2ab5566137b199473"",""signature"":""aba43dd848819b42a64345a205282037cbe20eca2c2fd6ea2b60fae811ed1326180702e4339bc031791370d52e06c78521ee97304c54a67e619f2fd020e1f501""}"
account_rdx129zm5ycacjtqdgeg5lq533ycf3ucjnyqrvwepg6wcnuxaszsltjuyg,yes,1396568.661,"{""curve"":""curve25519"",""publicKey"":""c164afa67d2f56a1edda0c6e8304ae080d9ee220c57678c9176d104ff576692a"",""signature"":""2bc30c43516c89a5cf66da7cad85cc64b8dff1e30b2c70ed3e5538524d5ea54eac163d49fa047c788b42d88411a08d083f0de7609ff763f6463e574d69f98d0e""}"
account_rdx129z8r5z9xmpcu2pd2rsag5dmc54caqszfk45jkuteeu49d679c6wvr,yes,169.069084,"{""curve"":""curve25519"",""publicKey"":""fdba9d93baa648eaa399a19fd8b8341885726b8ee9adfd55ec4c1cd46b05494f"",""signature"":""4f699e2b2e46af6df818bc17590aa0bd6305ef2f0db40c0c3a64c7b86ead4692b1a98dfcfa6dc119d447d45453fa77498ddb8204f2f5436a1aee03afbfc17305""}"
account_rdx129z2kuy6vlu6kwjn7rlp6qv7almw2et2u60f9hq9h4nhgsst8zq7hg,no,271413.1812,"{""curve"":""curve25519"",""publicKey"":""af9fb18d0dc8b1ca48b6aebe7e82dce80a381468517046d04a8278dbed0b5825"",""signature"":""e119ed6ae9cd66b71ad133e562e4e0e3f9aa6a5df04f3831e5e2d340482b03da4d075f304f47cbd58a215ec701d1418178e3f7dde00a50f1e5e3a589b11c0104""}"
account_rdx129ym8j2xgh7p956qksm9fhrtktnpkczpslva2u0r6k6ktrz8c6fss8,yes,309685.2638,"{""curve"":""curve25519"",""publicKey"":""c635de3d70d19b92965d8d610c1a9d1a8cc0ffa3c0286e6ac6dad6692440598e"",""signature"":""9b2cc57e3f0d12fa2be227dfbdf77c785bd3969086eed994c7433e4817e6c7288daab0cd738e1480df9f62348f94e27acde23489e77a9e6ed9dfb2443a801802""}"
account_rdx129yh76g7v2jhnrfjkms44lu3mtjgrmnzdgzsa29tm2pe0tvsvzl0fh,yes,98.14550785,"{""curve"":""curve25519"",""publicKey"":""66562cbbffcd96d22aaf255e1cdfcbd17545e098f44bbc2d4d18bc2afbbd1b85"",""signature"":""4606ccaf04ac9c7506154f44e50cf27253e93238d4a13a8c2179c368a2a95452ad15c81c5e45307e0c26490d060fc06b77572ffeff370aff2a92dcf66174810b""}"
account_rdx129y3dr8ngdu2r6zmym6ztem32nv84xaagt5ms73k5u2g5wsepq78r4,yes,28972.2232,"{""curve"":""curve25519"",""publicKey"":""64ed1a3d9d6938b67d5eb6921a184b1349af2e32b5e568b1b3b76cab9ccb45ab"",""signature"":""30cf293277a1be037afcefb48dbef6402aa7856de0a0baf6e0925e38b77ece5243a80500a548cd59e94b342c4d2a20c9bc78f5aff708deea7cfc5090a19b9205""}"
account_rdx129xmwa4g9jr7aw88s85hz589g428eltx7hmgkk7qew0patvnrzag5t,yes,600521.5585,"{""curve"":""curve25519"",""publicKey"":""900e81b52a5a6c3b57e99cdac779deead2aa71f659af3f2e2183cde9f89db51e"",""signature"":""f28f710491e26b96985d4488d43de8d0bfa9f84c10e5350418f9dd25ab6e2471cbabee28c0b8a8739f88c976825355ee45d906228a1b5a46550e2a78b8d28908""}"
account_rdx129x9arayd38ax7h29x4x666yajmgndxzx5748kp7r49efgl95nphkg,yes,1.600914921,"{""curve"":""curve25519"",""publicKey"":""df3d26d5845a042e8690a400ce71ef9efcd5cbdc3935750cfb99dbc40728e437"",""signature"":""d9c9b378e70ac46e9e3f62fe0b8d980361f33984bde567fcbbd8ea9ea616f3fccbc9d82777b6de85e077b301548f4115c74c046293a4bab915de29bfa273fc0c""}"
account_rdx129x7wwzwprkdpn9vg5c27jzvae20lvkxjg48lalwyeg4yftacgr69c,yes,828277.0063,"{""curve"":""curve25519"",""publicKey"":""002979c9a27c7d97e6363aa3626cb80836dc4ee5b4064b8e8a5e21f78eff49a9"",""signature"":""07c9984615638c312d5a5ccece13a7cd74dea50359ea22ac770de5a98f09f392a835ad4826107bbc70ec979176da4ff2195de74429b55a4bee2d2f9b8414ab05""}"
account_rdx129wzdd3cjl9n2s3edja3rftvj3cvlztw9h638x58sqfprw55v9metu,yes,41235.69079,"{""curve"":""curve25519"",""publicKey"":""c2bf3fe921a5ab35b40aa781059de36129e36bb0e74d3349d60dfdc5af60867f"",""signature"":""c986c1481e5a3278c7ea4cce3bddc83d837f4b76e8cddc245a001198a42ba7c7d97bbd99eeec032254eb2d6e01ac91368e1aaf67d689cecef26360674ad6ef07""}"
account_rdx129wm9lpekk65g5t200pqjj5nkgt0d8a7dkqpgkx7qncq9q30v3rt37,yes,13.14945089,"{""curve"":""curve25519"",""publicKey"":""43fc5ea2fb577d3a31d4e229a333ff3398a7f479bef1bd465fd257b226d4f30f"",""signature"":""324d1092d7452fdb0a9154b29c497b4e01b5a838cd22d9c00f25dbee7e3f9e27435922c7ce7ae684956e036eb27b8d41ce03b3f51cd17619ee16ba311e96b10c""}"
account_rdx129waksuk4cpjwj7wm2yu44rlja9kyj0y6all5hrvzuelacy3gjma6k,yes,41975.18796,"{""curve"":""curve25519"",""publicKey"":""f6270833ab1fe2c4fafd75606b4ac918566d22a3542ce49ac7ec573d1f4e36a5"",""signature"":""12f058a14a3fcaa1593d739ef5a1a3d13fe543e99a5e948093f18701862ac684ac44cdbf7baac4186c39b883065a506d1eea3f437827f8890a7cf2d9187d9b07""}"
account_rdx129w2qtxwn2hgq38yyg79ajfcvhk2qj2h6wekcr9rrtywhmd3q8sgrk,yes,10,"{""curve"":""curve25519"",""publicKey"":""80f44899b24435ff7f76731192258dc745f29c62c9e5a2384b5820e83fb8a0ba"",""signature"":""aacdf472c8fb98371e757bb6eefec5e1678ef1f968111a1cfd6c9b0c37eb05260abe9fbf78414c37a1abc22a3a37b095d897fb9fa96424171d8a340186eb3409""}"
account_rdx129w2n228yntmrgt3z7sxta3rr797ajty2u8wwk38dtekaxfh9mznzt,yes,20.45879091,"{""curve"":""curve25519"",""publicKey"":""820a4ca4dde368f5008b25f66056606df75db36af3ee61f6d284d7a51d685f41"",""signature"":""4bff7304fc9f08e73b4e7578603d5232017b072d581582053dd28adcaa28e6c2e7133e6b2d73a9564aa2cbb31aadaf04073512f37d78cadc199e0672439f8c04""}"
account_rdx129vygswvj0y7yzv7smzzs3l6hsyc3954pmnuu5vuhrgknl6uxl4uc0,yes,112.4987426,"{""curve"":""curve25519"",""publicKey"":""4422abf79e7de7e717506bb91cca76409e834438afeabe163b02d729eb483a5e"",""signature"":""f0bc52c95de75acb91a3fafb9d910492ff6790147ce6cb29d9134edbbd3fc023723bd333380225cd3bd5637e962b5db43f403740eabdd7f6725acd4d223b2106""}"
account_rdx129vryc5f8nn6smv8fjhzk9h6gn80wpm0eaj93h308ex0k3ynj2l49l,yes,269414.6364,"{""curve"":""curve25519"",""publicKey"":""ae3ad0e3c4c528c737b25ab861adf8b121d6e9f33802ee74b8d7fcd4efdaa38d"",""signature"":""9e48563f0a9f23f34672aa3acf404d23cdc5a8cf0935bfc2d0f74cfeccb5ac03eef2c7e1aeec5a0c85c7c3d9dc62222b3589c3171ea6bb6d5d66655ce662fa02""}"
account_rdx129vn922eccg33kmlyxwgdzns34dkd0vxka0yx0h2lle07ezflj6guc,yes,0.7425130829,"{""curve"":""curve25519"",""publicKey"":""9c8362905ba7148e0dafcca330dc23b98543b99cdf2314f717968ccb72c471da"",""signature"":""df9e8132c287ad158fce6f1d7e5f0b6d23e8611482be8cd55a1aecaec766f2de460989b9f2e182f792ddd1b6792e79b03711f3f0bf31654f8982121fdb3c3707""}"
account_rdx129vkws3hjfkkzgehwut3my6f7gzf9m2mhryayeue7j6vxnsemvh3zu,yes,0,"{""curve"":""curve25519"",""publicKey"":""6bd0c54e2dc927a82b48cb7860db40b03396636ebcadb1fcae1a87e3087f91cb"",""signature"":""3f44f22488c94cb7953ff3c0c7f3584cb2ea276537e55514f45b5651aac112d4b6bd1bfb48ca1e8fcbebfc705efba4ab78585efc8487aea58eb4f0d338e2800b""}"
account_rdx129vayhnegfqsgepf3pje0qyae60esmj67n4msqjdrk8acr0vs3hh7p,yes,21953.72372,"{""curve"":""curve25519"",""publicKey"":""a7a4f03bf2199fcc39170b57978baf06f01b321ce46fab8e3c41f2dd502e9997"",""signature"":""fe6cf8ac634b5b5de8929dd27ff9444e9a82b554a8dd166a5e42a467091f693e1b0d9521c828458fe5b327ea2fc6ee2a14fd6765f9edf2dfb09dcb33a2d65f08""}"
account_rdx129va5378h0wvhkxk6u5zprzg9rje9ufxr5d7kl5nj9f0eu3zyav4dy,yes,488.5912054,"{""curve"":""curve25519"",""publicKey"":""41aaf08196ec218b290af85b3b701632c3952588308cc4efd3ef9490dcdeb187"",""signature"":""4048ed6b9e1d780a5a7da88b89f27e435bac950f4ca3979a61000aad6de79910566b84c23ac890b6a40cace6866d54a8b2d096d04749e54f0699af35892a7206""}"
account_rdx129uyfvt5ssuhjj95s6dpwvjqf9fgzlyz8g9qgyt32zcqtn5ussvyav,yes,508.3837349,"{""curve"":""curve25519"",""publicKey"":""a3337c1b5162a4a8742597fc20f5756551b9456bb4c726181f31a6e85da0e87d"",""signature"":""e7b0eb512edcedbc13d9168deeeaf77fce31dd9d06b092300e37aa1823d86a69197959ee1bd1b6aeaf7b4c2d993b60c0ac4ae05e51c534a88226af3d6964540e""}"
account_rdx129uqk3gfmr8u9cma8f6zntrfpk560mqptv57mk82alt2uujshd6ncm,yes,647176.3384,"{""curve"":""curve25519"",""publicKey"":""adc6e127505936ebe51e7a1e548dffdcb725b3232b77e747a31e2a8600419e75"",""signature"":""20aae13b9d70555b11b0182580a3d342b5d95954d45af9851ee32bedd8bca5c9d591c0c07fedd4d911b4348b2572280150e1177fa80ba783a86e0da4d1e40205""}"
account_rdx129ufznuqk28wjy0pkx024c7qdh0ktfc8m42cnqxysn8yhu9sfgr7ey,yes,112.4987426,"{""curve"":""curve25519"",""publicKey"":""822674b92f3d276872228bfeff7dbb47607c3f27733b6a422bb72862bc893ad0"",""signature"":""6cc683bef8059b35dcc6deccfba2fb59d66f11e1d3fd900ba7eff9ef4d38bdd4e82e12c84ddbfda7e2f9f41f09a25cbcec5448c1dcb00af55f27b74827737900""}"
account_rdx129udv9ml0ayrckr23wg2pujky4n004cr4wf052a294algzl70sm7rh,yes,1116566.407,"{""curve"":""curve25519"",""publicKey"":""d58d6bd55c78305c1f83b5efd60bccc2f82d1d020a8de4801b06dc9fb3b14ea1"",""signature"":""123ea800a8fe98219e5db16af40431bb0a54ebcd99a9e923623dd335d9e25fec82dbc926b7b6e97998dda75f092ce0989f553aedfc2c0ab5bfb232fd8b560202""}"
account_rdx129tlrl90qupp6xw5ftufllzl74l0myqx9mf5vsya20zz26dlja0kug,yes,22380.22805,"{""curve"":""curve25519"",""publicKey"":""e1ed4f8bf3a97c65e9e56df12a76c414000df92e8b72cc4992539ee76ad48a5c"",""signature"":""8bfda48d4fae76b5f755c018999d11269ac0556216c9ea74e57cc171f3da5d84ebee78b1916b0965ed61066b65cf04a13b1afbd16cb29f9e2b11be3d381c5a0f""}"
account_rdx129tgp4mr62j87gqygjydrrk7w6heffd5hd2dad9faysahwcl2um465,yes,514741.8086,"{""curve"":""curve25519"",""publicKey"":""328d024b5b9a28a406b1dcbdc916f1fa53888e4523c164638dfa8525b2f19379"",""signature"":""a5354dbb6c387ba7b308b66561cf6c1c69c85a07f626404009e664f2d295785da5456f62b2dec75a7a31ffeac66f01be6bca8ba218eba717a2f8df690fc50106""}"
account_rdx129t4ydpgv0tr5te467nwnfn8ydhqk7ydh329j7macgnf7wqdwgawzm,no,340621.924,"{""curve"":""curve25519"",""publicKey"":""af0be6fac979a0584c49991f1bfd5d9c50cf9252b65edb85ebf463882179760c"",""signature"":""85d4a85bb3f57d5f9ddd85b491d364420475d78faddd434db9a6afd5b76d845d7713b37d8d091820f1a98fb449e777d3c12e667e3fdccfd6fc7064d7b2eba10d""}"
account_rdx129t4vytpspw8ts5p5gfdhvtwun890dne3ffrd3thptcdvm8cks9ttz,yes,2.008263895,"{""curve"":""curve25519"",""publicKey"":""9494ae6e11e966df5431cf51e54da0b0947cd5e13a79b3a1918b498a9dfcb452"",""signature"":""2a3db5d529cc8e742ca624e06417fb07235d814deb260998a23e1917587f33331faffcb0514712551717dfd5e6ed7caafafa4f262db6cb87b73d367a135d2209""}"
account_rdx129ssevwa76ef9cur049zp6g3seq3vdlqpc6lg9cd84nd8uz3anzc3y,yes,0,"{""curve"":""curve25519"",""publicKey"":""7a6a85c169bd8540d930c1ba7de36026bcc3335533375c0d7862aa01699db962"",""signature"":""fc2b58dd24d2cec0b5dfb2249aeec5a2c92db4359cad323a1bd823a9b3a3c2139c24b49f26369c896229caf63df8bf1b6bae36fd45b13696d58cfd56d5aa850d""}"
account_rdx129sn8py054htmjesc66jehkrzyuj4z9rad99kesv26hpnuz3pm8ya5,no,0,"{""curve"":""curve25519"",""publicKey"":""c248fefb590f3e3b8d104a4fb31eb9f49e0d6001acfca60ea6f7d3d976513e59"",""signature"":""439538e92bfb045b60fbb7d1b2279c8f99f88fe4d89be596b5a815141e16824770c85801fb13c1be31cf40425c10a3c69b0b455693de2adb7e215e88f5c88c0e""}"
account_rdx129smk2urlgfmdq5a7efjgz86kvq38aunhh4d5f3c7m02c3t9xdlqkp,yes,6.235248354,"{""curve"":""curve25519"",""publicKey"":""458b1401a7237130d1adcc7b767ca4c78788445062e52345512c7cf7513cbfe9"",""signature"":""3e2543d4964139fb820b43cebc91c6477758221732232a6297d6298ccf22cb9d4a2f9b2a486f563f57a91f57b57af96afe922401aeb2e6e99600074014d9500b""}"
account_rdx129sme4ss83je565s6ue4rhqkpyp0crjrax7fy6ans333zs2wpxnrkf,yes,874447.0605,"{""curve"":""curve25519"",""publicKey"":""2e084a30ac89712aa68d94eda1ad04157ef65035ec1083275e58b0acf316e953"",""signature"":""984b3da6f5310d8cb50d28f99bbbe91f1ea3cdf8b46b793519aa5ae830c28520df15d66815447d1146bbce5cee1970835b327d85d94d36ed2c01e3e60e6eec05""}"
account_rdx129shpa79thxt7ywdj0p43ndn7gdsx4c4whu3ahts5yqw68dy0llyph,yes,85679.577,"{""curve"":""curve25519"",""publicKey"":""0b76c488c1118ff921c7145e1c722aa45b324d829769b140fd0abea01377dd22"",""signature"":""9ce68ed9f251874589de8f1fef4f9324b232d14e7879e2a9b0801d1503d575cc45649f41490f01773f8690f102373b326145530626b391006b6e0d66f12c2d0f""}"
account_rdx129sfhpc28u7mvy67z4clgd33kzc0vwlum5klgvgynx9u9dk9qsccr3,yes,240.0657578,"{""curve"":""curve25519"",""publicKey"":""710ca7d3138cb72c92ec0eeb4f124ad640f7935c8bcd6cf8843f6e13da5379e2"",""signature"":""884e7d6025b587f4a97665c4b195273c4ad78cad49b6e50e2d20e175b33d80d81665dcc0149709916ed0bb56d7485abede7e0e698c1ba60a1bc5f8760dbad306""}"
account_rdx129sdgvk58l6phj5s6rk9gruzdw822tj7rqrdlwpu8p668dmw3gz3tj,yes,0.7563788683,"{""curve"":""curve25519"",""publicKey"":""5796bfcf6daa6b29204e1ce6d9fa056d896bba492329f98e01c60fcbffccaf07"",""signature"":""13c71de2d6096c0cdb383c983af29317d2a44c38f5dcbcaf03a7a53e048989e9859c40254e306a46fdbd129221e5f944ddefbd9da494f196b0ec5caac2e1920c""}"
account_rdx129s5e6nggxv2qffk72pzqj9wdv5572rwc5fqsakaghjag3nnq5txl8,yes,0,"{""curve"":""curve25519"",""publicKey"":""1dc25d6c302d86e1f6a7e0b3e809b3789725d3084f829349b90c0d3dfae52dc4"",""signature"":""f6cf5b370537bbb079a79f4b2b659268dcb8a5707bfb0f58434b37cb977110dd4ddc8ae1ad6a46769d9cdb0d32cee69ce23c2c5cbcb1f82bf427c021ffd6bf02""}"
account_rdx129rmmzmvznvmnymdlkkhascu064vhwkeeh6twtg8k7f2dqrs0pzsjx,yes,117164.5385,"{""curve"":""curve25519"",""publicKey"":""0898ce399eb7017afb64db2e8276d1399f7c15ad9945d5588d0ec91b7980566b"",""signature"":""6769a831c20c500658295cf98a5e3d802919a8d3e5d94529bcab2dcfdb8c136fe513dfc775178ce4fa49767251892e68b0dd75301de528d8707c85c3b522e800""}"
account_rdx129rkl3kn06rfw8gjc2u8x8aplg8p9t6egj8yms037ykn8t2ndc5qx0,yes,149223.2401,"{""curve"":""curve25519"",""publicKey"":""68be063e0d878c789a0b7bacd4bd311af3be627edccbdd839b6aece20c216604"",""signature"":""b1e4a436bc952b35cd57e8e7ae5f9a00734addfc2bcc0d5dca3109b21933304b56fa93d0475475deaabeb658c75c9c26997731ad294befe13c6a9095e2447209""}"
account_rdx129qzde6jkutvxe4j8dw9gf6muum4q6e5y37thegazhrlt7qx2j3xu5,no,3633051.652,"{""curve"":""curve25519"",""publicKey"":""fa85480abd64cfc4ec7450e772318bad6dbc7e7a72bc8364ea60c38cdf0796fb"",""signature"":""24070f98a8ea9840dbecfeb0ea43beee44c10a881b091308f0ed104523807149289d6c66aca78fcd2ddd4441a21f0f552d41e0aa9ae5bcaed977e7f2930b200a""}"
account_rdx129quwhvaakuxk9n46gy4w3c9fwhmds3ac53p5zh92zrareww47d2sf,yes,169.069084,"{""curve"":""curve25519"",""publicKey"":""2793f950780da990219e89746ae4edfd8735b215c302b970f5e472b8d95a3e25"",""signature"":""53d5fb3c1d03b1c5732a55cc1c8ac9c080daa5c01e32ca3128eae69ee13854ab53932aa01f7266cb2e74ba2cc6271829aa2929b183538ea10bdd225bdbbaca0b""}"
account_rdx129qmhnzkea03rc606yckwnlxx94f3qtas32kvc5lwcuams7mvdvtkd,yes,1939445.004,"{""curve"":""curve25519"",""publicKey"":""6494abd2730eaec2c20f3a4bd305e999bfea9f330a7c870e6c7adbacbd56a7a1"",""signature"":""424864b28a7ab2c6a8453d76ab19ed35b0f5e92566b9ae675f3507e9467e66df8fbdb7f1219dbcd079296df397cb82dcc9a8842ceec3ba4f4979f0f0245f0a08""}"
account_rdx129qdjsrsc9d45x0ympd255wtzdgjke5dj2fstfrf6n8m8s73n2n5s6,yes,43.43129925,"{""curve"":""curve25519"",""publicKey"":""5c2e7e67a896df73201b0efe576e6130925019e1c3461f8b371d0014c6dcddcb"",""signature"":""ef6ca55bf38c637dc75b99e43e9e35385f82e906442d78ce2c876da5832233f5759882e4f2c5f4432c9bf64e145930c67b105df07617c2d367661eb74f2ead08""}"
account_rdx129q9qd5cfqwm233ersl5evn5wsd567uzwe6mspl302m2l0j7jkqvlt,yes,112.4987426,"{""curve"":""curve25519"",""publicKey"":""8cee42df668a45f454d82bac93882eadb1302727f27c8c343e093982cc59e970"",""signature"":""47e418d13ab3cd35459d676e95068d677059c310d8a3e580aa70e4594e216b5dc06345640ab70ed1b2115695d4ab054f0fe4e6c191fa7e3c359acd51e5428d06""}"
account_rdx129q9jr3zglqa4f9l8xqjrzukt5dkcaxnsfaxs8t9wpxa62jkvv32lt,yes,4022.399904,"{""curve"":""curve25519"",""publicKey"":""db46618a8c02780acb523c813ef80bfb1d0804535e4c1a284fd6613fb845b85c"",""signature"":""32df9eb7dc42af740d3fb3f001151e6a883cb5daeb66b682b1787958a9b2a640b75adce4dbee878faffea5e493eaa83eb5ad115292a6d32355a733a4983a730c""}"
account_rdx129px0v25xghw8hj5stkxre6j9f4w35r6pmd9ee5kkedd5daz4h4muf,yes,9.302562291,"{""curve"":""curve25519"",""publicKey"":""a2425f17d42705fe651cc61c02c96bab2f2ffb3ba013c403e73f895197bbf932"",""signature"":""b193b1f97bdbcdf18a8bd162e3e523d5d8e2f0ee15855df61296802c82af705bf10704a3100dd7cc1ac6d7c076c95b705a23611057a3ed0051e433bab6a1a900""}"
account_rdx129pj3ue3c0zcqhdanvsa8dvk0vq55ex82frkz6umuy87yj0tdrvwm6,yes,391586.2918,"{""curve"":""curve25519"",""publicKey"":""079bd6fc801d11dd41c6ace0ad428a6950999a43c5317560aa4bdbdaed787911"",""signature"":""4d4464af7d1dd5d24c4226d618a2155769d0d99a4eccf935f8f4c33090568c91c1d0ef2c4a144aa9c6902cd6ce7a68f12661340f8d5e73d0519af2b19dcdbe0e""}"
account_rdx129pa02dqxe0exf2cggwepxyrerekcq4w2ygg7nsxyn2hdcy4xhqxk2,yes,58.66494759,"{""curve"":""curve25519"",""publicKey"":""167b621149bda2c1a203113de27cfffe3643ed458b777e641e871191c0bbab46"",""signature"":""b57cd0b6554d4d384b48159908f2a226c037e2ac4b5b19169bafb3034e179e215db787eb7e3ef8bc21418bc13baf7bccf505156d7fe90ac2c19d5f6e25b6ab0a""}"
account_rdx129ns3g6zkd22quvf68hjahfhss2fp522ph4ksfdryehpnr2l2fsl3u,yes,48024.198,"{""curve"":""curve25519"",""publicKey"":""d1b90d1d8d37387028a3a7d88fd09ba187fd5d07d868e96efcc134d0c8bfdb0c"",""signature"":""674ec080979402696cd968c81dac53cf25ce4d26950310b72490f2db4aba2ac89934aedbb0f807ddc2062a4e097329024ac757c57256297ea606348d8636c30d""}"
account_rdx129nhq73qulp0jnsfflnd98cvy3npkmh3l0spr0fdumhq2jstd8eq5e,yes,99.96347942,"{""curve"":""curve25519"",""publicKey"":""ad5c988bde42beda5da6e8848b68051621fde93d49daed584f60f8d81aab5020"",""signature"":""56bbeb2bd993bdd79b2f9d733b089156e03ffba54bb3a920db0d3b0388dfc1f73fcc0c8646f1ca2138a98b80463400ed5e7f0a46880088f53343c57842ad9007""}"
account_rdx129nau0hzw4dn20nz3rz00u0y7dm37ex57ltccgsa2j8fsp3zhhkvkr,yes,705899.877,"{""curve"":""curve25519"",""publicKey"":""9dae6fc41c646b779b1ec93a939b30669193b5f6644f6dded870157ea3dff003"",""signature"":""922962d6c8f277847312a1b84309ee47739d9b15bf18738022c68d469b9e70c203a8f8c327eea7f1cde0104c1d6639ca3c0d3c7ab61bbec72abd5b3552c0df00""}"
account_rdx129n8yqgpd788w74h2vf9z4s2dc2a3xpu6j24y6udelk898pfgdxsy7,yes,33407.41443,"{""curve"":""curve25519"",""publicKey"":""9b5a4cd5c1870a970ee5598ff8badf411f02946a01f5ab82711a76269f8a7169"",""signature"":""3ae858c0af6e3a8b3fa57793f590f429dc1c994c3d3bf5b59bc446b0d649f2938fa1c641fc97ac0b47d9f88e64a98c1574d9311b30f66c99ed3bab233ff47801""}"
account_rdx129n3ds2ewdd30gfkx932j5kgeys5z7qs2zppszkq0rktp5ufgzxzcv,yes,363.2936625,"{""curve"":""curve25519"",""publicKey"":""4055b3cf33edd371e90c47296e7ea0e1335d75c0224a04b90bccc8f33d664b6b"",""signature"":""91aacdb4f4331758b0fb181896d9806ccd82fd094e48556258d224646d0eab83d3c9a83b04ce4beddd1bb73fea9eeb79e202a468dc0ae38d749f682f5079ce0c""}"
account_rdx129mxkflt7k3l03wl52jasrcmeqdwlnm4pcjv6vn5ysc4utl9j84d4e,yes,140940.3281,"{""curve"":""curve25519"",""publicKey"":""75c839c9d93561b2443c0ee5be616b673600d73037bcdafe073323478be1b231"",""signature"":""059b5a6c3ef132ea1eb9d83b0733d3f649884e8f8f40c9198cc84b7c0c65c98cb610ba4b97d4399b397d9c224dbda32c66cf19afb865ccb1a6a592daff219302""}"
account_rdx129mu9sxtxddss85znmpre3hdrnqanlrm2808caqef2lsh4s7pdt26n,yes,169.069084,"{""curve"":""curve25519"",""publicKey"":""63a62f91568dc2c1cd962287929bbc14e7c572bb14ce07b02c1f782bb5df9968"",""signature"":""fad8bafdd1bc1bd26a116fa6e1188c01fed4d85845ebe20fe88ed66b4b4d7f25f7ecdf713801a0d4308ab6bc6a2b2334c8843b71a764b167c8927f8433030108""}"
account_rdx129mt4jgqtg8cy0pzkv83pcy7w2fvvdenkckr50jpr5wyng43m5qlsj,yes,1665.794827,"{""curve"":""curve25519"",""publicKey"":""c15e753a0931ea9ec2bdc829f159a2af84aee2a90417fc1db8be1639e82ef185"",""signature"":""c2599005f00cb5d2d21df6a89771374a5f1ddce1a7631dffd4cd78013bdd6de6f49c057714c477a4199ccab68f00e2aa73a48cc284ec2a8ac902b555b3122005""}"
account_rdx129mmgs9cj8g5s5eep29ml63uwdm60v6shhh9d9ut522n05mf438gax,yes,671127.0496,"{""curve"":""curve25519"",""publicKey"":""f5719ef535ca2107cd219de9156052cdcfc83e9dfaccb1633855ed1bb6506ed3"",""signature"":""87dfe2a1ac2ffcf7d4da40d3dc81a8b58e3b64d8833e5189bd194e216662b0c59b660cf7ef40d110d251619c9aa48223e0a03abf52bea6dccbf16d93233f7507""}"
account_rdx129ml0dugm5d74zzcxtl4uqfrphuswn7fhua5zyfwpy0z4clzjmd4zc,yes,0,"{""curve"":""curve25519"",""publicKey"":""72d8e731f91b0d7ae18a9a9bbfa4890ed84d81b6437d57c55e1fb02bd62b0195"",""signature"":""8e4a052c5bc0151ac07650bc5be2526de07b275c2bd9da5eaefc1fa20e9f8e1dc06ea7925713e9c20c9e46c6e54dbdb4342462e7dae951ca2676a1cd7012d80a""}"
account_rdx129mfsv5jrz04nvau0sca5uxa6uty2tuly7zyup0qtm6dvu2qwkrdya,no,33.07804215,"{""curve"":""curve25519"",""publicKey"":""19598ed26d9177c7871d28d456520705dfd430d1c5e890f0ff20e4bff3da45e5"",""signature"":""68699a1d2b384e5932560bc011a29367fc12e8bfebdff740a1a025b463caf9e3db186961e142810133d01afe41a9d8ab8c2889f507c75f894362b11cb8da450b""}"
account_rdx129lzgcjh0lu79n7q3jvtfadkfj30q82hl9nx3alvfshfzmu6h8hxgm,yes,97189.78722,"{""curve"":""curve25519"",""publicKey"":""f006e391f2809265bf106fe9732fe82f1e5312ea9458b60be71c0b1aef1e67b8"",""signature"":""880b5eb47faf850f5d4c91218c78fc174ba5c60fe43f41ac02b0d9899b89c3603b30a77d480ee6d0f89e15b2749b4b82a9796a0badc19c4d1c8342fd5727d00c""}"
account_rdx129lvfx2asu74vd3cp33yc4c2ec9w6453tgkwz28ethghw3qq0erwzg,yes,124.7230586,"{""curve"":""curve25519"",""publicKey"":""6439b3a1bc1e266dd0873b536561a89dc38f1189f6a25b44c0c5b941237f34b3"",""signature"":""93622853425b2d5896c080025fa7a0d5787717abcd7e4769afbf7d1ea15d64d28e98331157720b5650306bf92e13e360961361a6afa6587cbf245f271e8b3905""}"
account_rdx129llsc0feteyd0vv62q90kqfktqqmederf5m3fwj8sn3ar0m5dzld8,yes,133456.7943,"{""curve"":""curve25519"",""publicKey"":""262d24773ff199ac424c685f8a8338853c4ab88b430db332c954d976b065f786"",""signature"":""de751667869f28b6ea7bde9a2d80e278c1f408854dcc4055dc903d300b21a3ade8945e085e38b39aaf4bce49a9ce18b7170c0d9e0a9b46c47926ba6291e8fc07""}"
account_rdx129leaj3wh2hx5wmxevv68qur28z8gejkrwfpv25pkqf4qp226tm0jd,yes,29709.20291,"{""curve"":""curve25519"",""publicKey"":""e533a7e0311343ad88fcef2105856a0f5695df95205095c8dac9e3ff0b41e268"",""signature"":""62a981cb8919458bbceb8ef81942aaac0851076bd13866553fd46ba68f61dc3b49274b367851b21a64cc825159a770036e8b22edfa57004d7e864de686fc7f0a""}"
account_rdx129l9zz6vla0t6mld3hcckemqdvqwwn2kfayc43hyy9rmv8ma8zcl52,yes,16639.2258,"{""curve"":""curve25519"",""publicKey"":""3b0eee912fbf2aed6d62f1cf07e5041563767b22336b6e04d45dd4fda5325ac7"",""signature"":""024bb4558d4ee58a4e3569af89c2f08706f4a644dc02c94b49da4cfbbbd1d5e934e0a72758d5cd5b84cf5be5640d4b525545b795db8346e9b4d37b2f85858103""}"
account_rdx129l8gzy5xhg0wqnudne5h2s90kn4xda34zhjdsv4549qyfpsalkla3,yes,7144.334413,"{""curve"":""curve25519"",""publicKey"":""4ad7b5391a23497ee1d7f2b16cf13919f8ee96d21158bb763e10e6351e324dce"",""signature"":""55935fcea204e989e1041db2d8f3256d5f598e5caf3bd7dd7991ace005969c9d8a3beaa89b5982a24f8a3037bae5fbdd6c6b4f284cdc56f500417ca99fcff90b""}"
account_rdx129l5cpnsu6mkp0gawlfa6kr7jjsp3lhs7ey28c7p22knx9dmd5ffg7,yes,126173.9547,"{""curve"":""curve25519"",""publicKey"":""97733ec3493772281f82466a7b67c8c479d41ec34501ed0a941c8a7f2b0cc2dc"",""signature"":""c199a372cbc2a18b3c6fd68de79823216db761435b0075fbd91f0d6df94519cb53aa0701ec9f22f38a578a33d9125b5c9ba923fd47b558101e4ac1a33ec6220f""}"
account_rdx129l44na5gj52lsdrsqgt2c50kuacyc38whl83u3z6s3perlxd87hs4,yes,9190.934671,"{""curve"":""curve25519"",""publicKey"":""90bbf833c1d89b239ee693d5e40b843da0e7095def9f2de04439e07d7cd6c07c"",""signature"":""591394967efd814cd483188869970ccabd33ecfc2a399875126ff35fcecd2b2b48bdd2a828179213cd30219367d90e0784e3e26106e3e876f9fd86bcc79e7e0c""}"
account_rdx129kz4v75yh592d32s6vv80su85n4sh6ysg6c92kxw9m653vjwz6l0d,yes,42.41642144,"{""curve"":""curve25519"",""publicKey"":""0f63f0cbf354df9294a45968078020f04fb7415f041a899ca16a8e32746edb7c"",""signature"":""92959add5253fcc66b14e7cf21b0a4a975c15e076f12a9030ef5b12311bafcc70e745bc29dcde5e1c4219b672217928f33569e4942369348513f3d66195a9a0e""}"
account_rdx129kvpe2yj420qvdr2gcpa8vpen763vf65s34z7j8nrnklkddu5p582,yes,10,"{""curve"":""curve25519"",""publicKey"":""3113dd923a24f85bb7b0f7f816283e965d53ffbd008c27092f0a26c5df1dde99"",""signature"":""94dd30a3c85bcb1fd065ddeebad7ea169294e1843ff80ddaad0cc0e492213fa334003ef1e58d9286088f7930fa34d7148d20e0a67f8884d48b058d97cdba9806""}"
account_rdx129kp0u7x54jv9m69cz47arsgcgchfds09zpwzlhga5km7mew8jqtfe,yes,6557221.007,"{""curve"":""curve25519"",""publicKey"":""7295b50a420c56b647f64bb8335bc82ff38511741e1081be13193c384e2869b5"",""signature"":""2bac9c4a6cfac904305d0409561b2c2fdcd5d9bbe9e2488f613ad295d35845a73e0eea826ed10ed8fcd035d245a7f2fe7410c80f6fab94fec9faeb21a1f62f07""}"
account_rdx129kmsvaftnkztz2z6ntv0mdz92ktd65x38zhvf7gmctdv7gx6643fs,yes,735145.015,"{""curve"":""curve25519"",""publicKey"":""59aea12187c37cb46851a8198d36f8c4d842b77790fb2a99527e9b5418865f1d"",""signature"":""32a2b1aab071140676a2c10eed2ed676769bec3751a2a77b4be23c0fdf8fb31aa3a61b4f7958334028a3fc3ae856af7857d5bfe3b02ba335e352dd8c00879301""}"
account_rdx129kjad3pzscxc409h9lxpwz7ptdsrdnfe8htecun53dlq5tc36r7mc,yes,24,"{""curve"":""curve25519"",""publicKey"":""4933afcb9fb86ba094c254788240a043312c84bab216f91f5bc9feed80f102c1"",""signature"":""afdbf884768f469d1ac77448b315bcb15d1346f1ba914c6fbf1ab373efe8a6e752c6b74785e01aa92203ef2415ff1fa94cc73834f7b933da2f7bce00bc93130d""}"
account_rdx129khxd7k54p3387qaxyl6ghjpse3g23qnrea3yymtnmvnsrg08k37g,yes,0.9255867974,"{""curve"":""curve25519"",""publicKey"":""eb0f1db629b5dc4bc9a78a480576c901c7615a429b7edf137c0306a46bc8ca06"",""signature"":""1e6754487a34b483ea4309df84478f25a40ec35e04a506579d43059a3b999f55387c95e8d956ea9e82f7a340d0c578bcb9f7e0ded57bedd17e281744d2b0ac04""}"
account_rdx129khna2mxmnu0782z37fxyqxxrdk3kd9zljr0rlwpzpn7papdf72xc,yes,0,"{""curve"":""curve25519"",""publicKey"":""eee0af1f646115b6a2a15929124b389e9371026716e8429f533155350015de52"",""signature"":""01ab5810e3f392938a649e517af4dd44b958467ed09df0850c521c51f50861209f4b927fb5424ba892fef9ed34e5e56160e780194f2684c2331b4a3fb2e60509""}"
account_rdx129kgd72dvux50nrhfcg7wevlcjq6uy3tk9r668474mzzhg2rvzfgc5,yes,506066.5927,"{""curve"":""curve25519"",""publicKey"":""1093beb0ac8136f7ad86492bd8f18f400df03d9d9c614510d0f6c9694de29564"",""signature"":""9043438640d2baba1f4fff939f90c598e29fe294ce5b79a654095a90d5eae2ad95fc15a210d830c2270baae8b4d771bcae1b18dec6145436f108890429cb4d03""}"
account_rdx129k7a2qnkghsvf6r8twklelnrh67gyjfzy2qk3naw94dz04ec28582,yes,880461.2353,"{""curve"":""curve25519"",""publicKey"":""1fbae887ef99ff1096446ee2f8e0cc3c449b6ef4e8fe0d99396a7da5ff5f4aed"",""signature"":""98089b63d9dec424eea3ac8cca04012ce0a3e2e89b254a2a655640813ebb86e823243830b1947e4ea7fef7bbc0e2887fd47a938ee06cfb2c2ba279ddbe1d010b""}"
account_rdx129jl5trapdzgjxsacu3aqdtv2cyd7zw4k09m6qlzglf5scxd3zkmgc,yes,169.069084,"{""curve"":""curve25519"",""publicKey"":""24b15ed0142371c9584955b90dc95564c76c3c7b4ef3e32e416017bfe7327e31"",""signature"":""67c736eea70b44325a2c5dba90d5f9806c817e8ea516f8d941aa07251ebd2a2d9ef26d8646955fb04b73afc1c172aba32f12b89d34e870d38072d98eed3dca07""}"
account_rdx129jd4awu5n6wjdzhqmxqyjt3fnty43g4hd055mn5hq0fypx0q0je0e,yes,43717.47399,"{""curve"":""curve25519"",""publicKey"":""9454f0d22157d32f532f920443f641490d58d281b3906f567c74d6b92839cd50"",""signature"":""892868405f9f911d1054c8b70dea1df6b958499d1014eeba9f4626262e183d5cea9ece29d41520ee781672f8d9e2cfe7a04e8253e9e22f8439013c8ae3aa7d05""}"
account_rdx129hzegagm25qd9nzxwqdnrl3pj6ahzd768dn3w9ly599vqwxhpa9aq,yes,0.4860076671,"{""curve"":""curve25519"",""publicKey"":""448c54a33c1b959f6e65d3cbb5b8e1f3fbedf91ac3a976b4eb413ae8376007fe"",""signature"":""82b72d658070489949349d4795c35f0e12e9e8183afc02c71df16ece32850f7365cbf86a91bf4420ce45244fa8ad6fc35f62a43e5cbb236cab596625a2b35f02""}"
account_rdx129hxzz622cc2zw4l4t3pv7raq773gs8n6hu3e4culrqvhsh9xa40pu,yes,115747.1959,"{""curve"":""curve25519"",""publicKey"":""5eec1270f0f2fdfb81e0e9bbb97574595e08c3fe98b89da37477b78d7412f4be"",""signature"":""c6cc9f6188cb6ab5f4915931cecf8f2d593acd3aded4a312a013a91ea6153e51208266776473b3f060fd03330f31d6a97cd785ee944e673dd1ffcaaeb1922b06""}"
account_rdx129h6y9ad9mhfr0zeffsl9j2p6tku82wlyp93jmx5hff802xda4mz06,yes,775523,"{""curve"":""curve25519"",""publicKey"":""d037c6f80f699368a6d227d8785c7a661b445383915e483a82bb15fc2fb29a76"",""signature"":""058d41984f2a15b0b146a22ac3b0439b7c90e87ea3b1b4704307cd6c0728c3559e3c7f16959ac09e28b83b96b165924deaea49d84d76259f7c4f5c3080df5501""}"
account_rdx129h6xte4lcuujqhx9vtmpflvhzwz22z6rh2exr3hnjfepmk8kgg66g,yes,685622.5431,"{""curve"":""curve25519"",""publicKey"":""4d3b5cac0f4acee0b174d8a69e7bc64a0829f4c8a6702a5de43b9a4d601badae"",""signature"":""4583fc93d017b81ab2342cf199b77bcf42f4ae53c52c15bde17a84cdc1c78a13986cfbd2b3f484df5bf376ba639750c2e1edf2a80a47ee9183def6a733832001""}"
account_rdx129h0m8r255anggarep8nrphjmdn037q6h5x7p39gxxqnel5t0h2t47,yes,143241.7944,"{""curve"":""curve25519"",""publicKey"":""b4566c1361f47f4454b168c192deae481d76f0beaa3dfda534d4412660805de8"",""signature"":""51a632edb8a9096d41a4eb67fa2db44dd4a1e7f0561da72a2648e028b57276f2afd2201a953bdfbac3e10b998fc4a2e051f635cd733aadbd079559f6b329c70f""}"
account_rdx129h0eamu6hgk7yv0l9yevwd3nzer3vh9x8qc02zhlz4nlsw5h44kxx,yes,186.8218681,"{""curve"":""curve25519"",""publicKey"":""3cab5214a669544a5f2cf0cb62a552c8756a22cdd0fcffedf9f0eaefd81cb982"",""signature"":""83d2ea3c4def79530360d95fefb1f1073b34d017652514cc8411aea28bd14874370428d6c222989b3516677e8520e55fd1cac9bcf4a0dd33e2fb8087ee3fb808""}"
account_rdx129glz9zt0kzrgvuce2zgzswwc8d423f6gc3nr2ytn7ugre8cw5vpvm,yes,633061.8172,"{""curve"":""curve25519"",""publicKey"":""516c45e3b112ca4c18e18c21dea1800243ca9dc7a8cd05eac83a72c47ca92561"",""signature"":""be7f970c9d98b2f7baa58a3c26f1d1aa42601e4690e45ee0a19c557c2a331fb14fcf0c1e284b64eddf38c6fe8cc7cea0d92c565b28ca694d8ee5bc14f8b85c00""}"
account_rdx129gk4hy7zh85q8ju8r3rz2d6jkvzhkv3mnsxf6yw8vyrz9yc8xts4g,yes,169.069084,"{""curve"":""curve25519"",""publicKey"":""145dc94e5af6e2e61aed53754908ed928bb055d65547809730bd8ab7856d5b73"",""signature"":""9b98b99bb94e4f373433aa3e069d283044c5d03c494f5e11f79d88f421e0a6b2b2124d3097eebb5c6b94ff7d24862f78e7d7e476278a5fe202923ac87421580e""}"
account_rdx129g6dptu7xfngmvtpmqdcvcs5xcev4c4dsyqcafulvagfyfjdz42fe,yes,1821714.176,"{""curve"":""curve25519"",""publicKey"":""4ae76e65d55f1f097e555ff168ceb0cb2191d50de6bc6f58e66fbf032c7ec604"",""signature"":""1837c585ada84bea18a70f05b84eb74c4ad84afe3bf34f1a39b760c1183e2b73e79dd7aec5eaa4d55810bf5f4ca2b10d5af6f48ffbe55515ea179218a8fcf103""}"
account_rdx129g43h2ctp8cn78rynkz0y650asv86jjkzrkmrflwq4zj38t4v74v7,yes,535.6769088,"{""curve"":""curve25519"",""publicKey"":""ec484fc2abf4cfff1c6a40f6cf38c70395f3608a866d5b3466ad98eeb993fb6d"",""signature"":""2866e5aabf2c1ab4407c27bd5935b18d7df8a23094dad667bf156650a8fd2a80ba5f0f8ea12767465af369ab7718802bfc66c87a9c2e2cffb4ad06b567e27502""}"
account_rdx129g0gknj0ttf3379x8wc9agkspqynxxnjeklwnj3rsg2d84fnx6305,yes,2005281.358,"{""curve"":""curve25519"",""publicKey"":""062853cee1991f3af59d745c317728eea994978955f7542bba9e0e33cb1dcdc3"",""signature"":""eae3afb5aa16b419985b951be4280de9c6fa78367a406244d563cd8d87e4393299173284052da6fe47fb56a85e2f5e8a7ff601f7adfa7c29d883991a44db830a""}"
account_rdx129fzzryf6w3knesn2nd876dfv3k7vrnycrrh0jvzkx6v5mwpv8mfxu,yes,69.63218509,"{""curve"":""curve25519"",""publicKey"":""4a687a5650aada3ebd19834f3f2805145f1e0fee71f1d87c863f813e0ad94a9b"",""signature"":""3a6f262970d27ee6e0d952609e21697e33def6de854b18c9b2b900f6ae3888818d7be036b2107d50b499e21aa4225bd4a0a15cb549c89764f0a8aeb8e3e0ef01""}"
account_rdx129fzujhu0lagsntzhx6u3cf0tw9mgl459rnj7tz3p04wffjvg304uq,yes,2786.782811,"{""curve"":""curve25519"",""publicKey"":""6f961b34992d7e2ae89a9c1fd097fab74c1dc25f224827feb8a77fa903d7e8bd"",""signature"":""7a6df4a80406f4cbd1e099b05b0eed2b94546de20883526d4c74a7a3cf9946486aa1e663cc3627cb200a14dd4aa5217c7193bc3a49c29f7ea965a6c8f196950a""}"
account_rdx129fqmhakuyxxh3pdm6w92a73f0j33eka8k7sca2alzxhx2ygufgud2,yes,0.7451885358,"{""curve"":""curve25519"",""publicKey"":""5265f7c713e3f3b05a4de72c46c2ab38298bec04ad7fc3fe8f9d2f5bd25eda71"",""signature"":""27772ec710a5ebb5327c1bfaf54c12988a2441f0e3fbc9a5d035d47ef62b883e12d68f4052a5f97add0400b60ac4c9bb06d7d9f082d035f5101870be64872609""}"
account_rdx129ehphmmj87r5jxnqm3pxa0cpqenaz7kv6nr6s3v5mcf05nfa7dfpf,no,18707768.25,"{""curve"":""curve25519"",""publicKey"":""2fb71c075e88038e73198509fce1506d85cb0c23a6a412d1eea13c7f59cd0bc7"",""signature"":""ef2053d1447f9ee289e8789ba0e3955b77233f22d1f1cce38f1eb102be4fd886d2c27686a9365ffdd1a85e236f5bbc06cb5d103d39a6c37ef8c2a642df41eb02""}"
account_rdx129ecyly7lqvf6as758yfwfmf5jnfr9ykc77lsujlhve97pzgmy5d9d,no,0,"{""curve"":""curve25519"",""publicKey"":""f68b9d85e7d58e9d8137dcf367de84fcb46dd5774d308a14a61c6a17a91479e9"",""signature"":""7045662af86f350404e090da735872509df52df113fe2f62acf39e526596eeae38a8cb10f5606fa99d4cb790d9e116a6dc604225bcb0b1a11c19c96b74daeb00""}"
account_rdx129dtk0p89annykd0jjyuuzltcsw56jqpea32sr2ghp27xer37a0kmn,yes,119.9322649,"{""curve"":""curve25519"",""publicKey"":""e32cdf82380dd4ac00baa29c02327fb68bd692757bb9991624a1ac4f7ad539ba"",""signature"":""3a18f65f86155d0261527b0d2b28377a41d988ccc31543bd097575d7975af94b17dcf6bc73030d0e85a2445ade378c68ea8c68d95bdc3b80c1b4aadf7f423804""}"
account_rdx129dsppgcx7hy395y50f0c5t3gqwelgkzarygwsfste5w76an5w22h6,yes,0.7414138329,"{""curve"":""curve25519"",""publicKey"":""7494bd9762fa2f241b626e1db2460cf49547159f97c22f0a669b0d3e1a5c6fdc"",""signature"":""d97fd2aeecf8d184a46f8b62e7dd3dcbf9f1d23ab2c4f11186a7391fa57027311c8271b9cb568f7d4b13c8fce13d9c93cec49beff7e1b8ad8a93bc2ae535070b""}"
account_rdx129de2c9l6jaq6t0laqvaw2s9t9d3y249m3m2sdl5f7lwvwsqecu3ec,yes,215.9404533,"{""curve"":""curve25519"",""publicKey"":""1517c74aa5fb75d1f052971764fee56acf15129e4db192cabaa647e325d8972f"",""signature"":""75ff45acb900f6589ac70c13cf1ca7ece83bbafb2c9d8dff2e7ce9b5d13281ed90b7448683b25d36e406a2276c914e5c90af5d6259722f355e5873435744ce0b""}"
account_rdx129d9wa3hy36tq6yqw4wugpmvqyeysv5dxaye55w80d73eaw3tzcakh,yes,45326.0754,"{""curve"":""curve25519"",""publicKey"":""cc8ab32cf4fe087f46c7a19f3c0d2e2d64e51c44e3917f351988a6a320f70de2"",""signature"":""eecc0735f1bb84db24c51b3e9434d90e9fa9e83cde0237c414c9e2889e3ec4899a34f4ec003c229f9c40a4d3dcc8643d9d47b0620fbe8ff95a1c24199fcbb308""}"
account_rdx129cufuteyakurrq0qaqvc4hcvfyzrk8fgmzpea2kv3reg0m0jh6q7z,yes,0,"{""curve"":""curve25519"",""publicKey"":""eb3fc6a1d02e230033562c05bc277912dca37e0f4ccd83a9247162466ddd53d4"",""signature"":""e8dc224bfc7bbac2a56d605887bf81480b49ec72d3e5814faa343098d3aedff74933c34fc6c29abd055940ad754e01b7eda10061efc45d650fd68db6bca3a100""}"
account_rdx129cpudkgjvkpkqnmz8drengdn5y89crhdq9mskfc7xcgum83rnfhh2,yes,5693.892452,"{""curve"":""curve25519"",""publicKey"":""2742a8a854ae3fe9a9e86f7ce9cfef7d18a89d054a309e6a2b2e82144dd1bc16"",""signature"":""11ec0586097608b075dc73447e7feac6eaf3c9481306481dd55dc4b1aff303459401e1c61e292641202539f82042df9a8d29877520f8a96bfba89f5169801f02""}"
account_rdx129cnryt5xy2nakvw67apq26ydn8dkqykqppze9cc0j0yny0hj6p6h9,yes,112.4987426,"{""curve"":""curve25519"",""publicKey"":""e80c0a2a9d6b8e292c1b02004783f775c95e67aee964220a690f85676ca107cf"",""signature"":""235525e22a918d870147ac478480962b784b76d317d87d4ac7efc753d597437637421707cb1ef3206876f637eacde1a40154d4a8d885cb3012a4eeeb4340730a""}"
account_rdx129chu36kpyqg8tuddc3xurkag8lyzu4za9gjvqde8h7f0sd92rf5nv,yes,10,"{""curve"":""curve25519"",""publicKey"":""a52c34d8a72e0569140c2e3e578bce882e4cc80521a005e6bfe71e2e56494789"",""signature"":""2f7e7a7eaa95a03227321a664d4a798eea1346b1420979fd9377b56437976768ff0bb4cbac105a0443a68945111e59f87240e896849ae603f231bb8e23dbf303""}"
account_rdx129c7nkd74x04f2dul4xc4l35hz4m8wxyn7yrjnm5drcv4ufems2p0s,yes,41200.23871,"{""curve"":""curve25519"",""publicKey"":""256d7239fdacec9473ae08fbfbcb448f589cf33c9afa259440e7a48c88ac5f5f"",""signature"":""748cf9a96cb5eabce45a3ea16cf2fc5e8d963a9f63a3b5ddde5411cbf3ac3787a9daeab97861aff8c8e9f5177a3c72488eb3bb7d5a17471977d34a625e07a00f""}"
account_rdx129c3pj3pa4zhmxqs2spd0j26m4etls3utyjynngv5ee509kvk39m35,no,192058.6945,"{""curve"":""curve25519"",""publicKey"":""34c156688a0b56692a2e3c8fac4f841cba3bbb5a6dab14e5aa40b2eb43b931dc"",""signature"":""4608c6be4329233e83ef61dcfeb1fb49c81e02a99ccf2750ebdb2f60140a642beb14ee4f5a5270aea9a4c58e6797abb7154553e7a1bd6f0db538ad2cee933307""}"
account_rdx129aznx9l9x7kvlecmdzxsjarthfv63c0ueujygmutj0dan8akwpax2,yes,0.1123138329,"{""curve"":""curve25519"",""publicKey"":""bbeba84ed15f24d9f20dcc8aea16e86296e362cb18445d5d19f6b1531858fdff"",""signature"":""98f16aab219534fa2a6c8ea41eb08451339734c0748f7ef56f495b5ed4ea3f015a97034df58f4ce0a117f8df4e62cd84bb416d790cd0196160dd108195208d0e""}"
account_rdx129a375ksc09dkrqys8pxtsh45fsqnz0z20hdx9smw4c446xepm8exj,no,39472.40179,"{""curve"":""curve25519"",""publicKey"":""7914199f8e54ba726905c9729aca1aa8d672af61c74e3aad77be203c489dba55"",""signature"":""3b873641720d87d485be7479279e7e516d467b2592bd360f8e759f03892eb2169fc8db8be19c47c4e978f7095fa6bf08c7c2bde2c6f17c15ddd1ed41a9810f0e""}"
account_rdx1299yl9u7ua02z8de7y6huwwkngu3smmzwm9thj74v2amqlfztk8scv,yes,161388.5403,"{""curve"":""curve25519"",""publicKey"":""7bc8a96260f098b86894e78d37450b8523b23d332bbe6a6849581e8a9d468cbe"",""signature"":""35a6c5d127933422b298f8760dcb245a9061b88fdb22bc19d90c69f40eb6cf062d40f508326f318bef4c9aa8baaa78309eca111dd7c0c7a769c973f53fe6970d""}"
account_rdx1299pmahdq98645gqsf20lkp9n87p6nkc50p9dhhvxy82ztlfgqg24k,yes,25631.51355,"{""curve"":""curve25519"",""publicKey"":""61d89890de2737f030672072226821393c790d060f818a7d316f56dbf5583780"",""signature"":""126e6ee8084cd70e15623a97b028b694cc46f1cf50531d475cbd9de7234c85cc1cfd99ab0576cf08347baa51b66d153cf47ec11193dc2fdf5eda9bc05c1bb10f""}"
account_rdx1299dc3m53x58wyljlz0ykqr4cl358mw8hpz8hap3tg7pr69zeedk6g,yes,80000.41711,"{""curve"":""curve25519"",""publicKey"":""ae11282b25d52f6acd98cdebb047915853f17cca9a9f6e6fe81baf7b70f6a2bf"",""signature"":""97dfc01ba32d89e0bbdee13ff33cb8f15e28384953396be3422dee184dc8bc06072b4999413106da991325173184b8f36f6701b7c46ec7045d5a7f77d83e8c03""}"
account_rdx12993cryu8p008hfkg4ctc2c8tqhfywye330lgsfme6e3d8dylcc9v8,yes,227.3538072,"{""curve"":""curve25519"",""publicKey"":""b181dc01d2ece74cdadb9a4bf31f3627077a2a00280cf0137c7ad676cceabe6a"",""signature"":""0faeb0b46cf2a9c7519f8f9100b0840ba4a1e8a2fd8b552d65cacf1a953a1dafc865ec5b2fa12427cf32e2182b14b4f785ee23374758692ae2756f487a4f1705""}"
account_rdx12992pr7euc2pajcxnafygrfvpsxtt9ckgs8wesmlx2qmkjldsrzjh9,yes,90333.32361,"{""curve"":""curve25519"",""publicKey"":""ac1be4da4a820ce2ed3fcd02b28163eb6322093f9157281511a72204840b28b6"",""signature"":""e164777f029cae1d7b36442dae119ee3f983a2c29bcafe064885a1cb65e35170fbe33cfa0e8d72434df1531242db83e9fa48e7924ae644d8854ab3b909e37f0b""}"
account_rdx1298rg3grxz8rrhe56accm0q7hhxzjhqx2ggmgmn2ueeqs50x6guqjv,yes,1.666782493,"{""curve"":""curve25519"",""publicKey"":""b72b953e858774293107cd652532da64e49e2e7adb5e66bcfb32a4372dd69219"",""signature"":""f1665fc0b53ec23ef51390e7c557d995b4c4a4f14efa8b5bcacf1d5f2ae1a67311b2395f246c73a005583963349edaeb637d948bf42c68af10c7227b6fd26b07""}"
account_rdx1298ktrg9s726fexqp3h8pcwahq9rnt6atqf573dfzwsv3m3f4un20c,yes,46.4451095,"{""curve"":""curve25519"",""publicKey"":""27313dd85bd2fe8e441013ebcaba63f256ef6812422c3b184d379bb479176465"",""signature"":""e5fbeed0993a1da6c77f2f48f0ec5d70f92ded9c3dd61b32f34efbccea249d330d87ee5cd419bf98e9fefbc24a4b4d2a95caea836f7c961476b1488227639d06""}"
account_rdx1298j6rjpzlmhpcny8g6ygwl7cl7z5z6tkvxf2ga6wa97mt5c99nt30,yes,301351.1534,"{""curve"":""curve25519"",""publicKey"":""ac5c1b3bca3e8dd341055b44227ece01ad9ca2e9bc57d39c6e48cee81abfb722"",""signature"":""36b7d84c440f4116073fedc6cd9bfe690812b7012c090d11436d3713f778861e201e895d3ae6ba6bf620b5a7b6dac03465ca22029451fc6202619a33a731750b""}"
account_rdx1298adl85kynz2hgrfr28qv5h8nalruv67wtwu2sd300remp8uuxpmw,yes,9.464322269,"{""curve"":""curve25519"",""publicKey"":""6e23e0fb11fcfcd34c2d03c9643616e2ef9354c4560cdf49fd8ca691878906cf"",""signature"":""7a1365e0e79059b67be710ded46022f1fa0d276b05be45ef2a5510a30ac6318c2f27d1b0229d161cc4bc90d82c921faec38db4858e4666063d6edbd58b50420e""}"
account_rdx12985ss0mzeqlcn33pwdalxzgyy5v9txn5znl0jzkw7w4u73gdz3l6s,yes,104.6217604,"{""curve"":""curve25519"",""publicKey"":""26880144cab5f33aef704fa156c758609f28150caf3396c90681a598cd282388"",""signature"":""0bdcb3ee903763990120d892e5d3698e2a6b396699dd9c485ff27fbe68db950f67dfee1a28129d5b6daec651c5e7270476d81665f29403f6e47f366933ce5502""}"
account_rdx12983k3w8ffuexptjw7cf2avfnzas80zn38zpwftde5hv2yhpa5fnla,yes,667.0116912,"{""curve"":""curve25519"",""publicKey"":""00384b3ec9b73a8c705e7883488515d43ae5048f55d51dacd3ded43ef212b6f4"",""signature"":""4eedd6d720d2e6e6403338f00c2997c9cde88512a24a42f42abcdcc1486dd652c1b4d12cf4a2a00f51bfc300e11fe816284740ac918c644dee738f683c91e509""}"
account_rdx1297ycs44exnyzu5ppja3n5adgk9tm4r3ezcs8kddu588xuzag8sx3f,yes,0.4512696681,"{""curve"":""curve25519"",""publicKey"":""15542e53ce943901b114290f4386faf9f362cf9717fa473ac35516c76bad370e"",""signature"":""2246b0cc89f6148bab4fa362c6b51e6ad4c68d27b8375493f8e0657b61a729b2221810b80eb7a551d34e70013df0b4a06bb5892b7062d029871c79f5d18cf10a""}"
account_rdx1297nk3xp5syppmram9hu5h3lnlqn75g3xygrpfvcpryg2u4ksa892f,yes,594443.4853,"{""curve"":""curve25519"",""publicKey"":""8c754d489837d13ce8810f17b08f5f7c77ba430d14a4a121098d7d14a25e95a2"",""signature"":""9ef7c4e9efd3f193b07eda55c0ffd1dba3b999b52efe3734f546dd1ef75c1dcf018e9e8200dcbf48402aa0230f5df2f22a6bb611769d70328030ecd14f4e3b08""}"
account_rdx1297fuuz6svvanvlh7ar7uh5ar65a70mastlfenlcyzazvalz6mlgrd,yes,3277.551779,"{""curve"":""curve25519"",""publicKey"":""d14559e046917b04c347cdb9bea2a179fc4ca7a75a79a91fed88c85a5a567e91"",""signature"":""bba680361c31763c7f624633d87a49c7bd6485fdbd731b98815b8078d767e950ca14daa9d878c8614cb21c7b0288e92463bcaf34091290485657242f4c846e0e""}"
account_rdx1297fngeu89vvjejdqzacy7fcz732t368wvr9m9dvy46qk9924p96qm,no,3.42320095,"{""curve"":""curve25519"",""publicKey"":""da7e190ecaf2df19ef834419f7209ecfeafbddfaa6d5179a0fab8e53b4de74b3"",""signature"":""5353e15c6bc048ab77abf3f756e12964872c0fdf5be7ef3e74190c2b5d9b838bb004e3ad87d67d5702c91209452cf57b4bc84909994713a318bcf68357eef202""}"
account_rdx12979duwagu9m4fjvvax6pa9j5kteqnhhx9yrpj2ug68dxrd7rm8kjw,yes,58111.70829,"{""curve"":""curve25519"",""publicKey"":""5b71bd29a8554990f0eb334173f20b8e91351c94e9e2c44fdc24065551e6a581"",""signature"":""229a99e9c68a6d650ba08e805b26834e30ae81aae712e2042a70e94e05317ce412420cb2e0e9b0078da3e23bc7bbfab210137a249eacb8890a5733249c50860a""}"
account_rdx129783wmw7ps5fjptc3s5drkpja5yufsld3vnzef96ttpefuqg5g88z,yes,9.589287406,"{""curve"":""curve25519"",""publicKey"":""4376ebf5dfaa805429f53dbe2f5a228d16b3b1a85e28e617d3066778177b10f2"",""signature"":""83d5ec983de25c1d2b0db77b8353756dba9cb5f80be153e0f8f12b54a1926477e2fb3248c0a483f7d66d0ba1813583d8d8009a49a2774abb3d69a7a188f86b09""}"
account_rdx129772g34sp527d67svhlr0e737r8tuhwnujjhp7j53ux6xurylhql2,yes,224.6057241,"{""curve"":""curve25519"",""publicKey"":""6354b2e73c502959161ad925e672ea2f68b809c316bdb41eb119763bbfcc08de"",""signature"":""65ad46302ce9648e550a7526645f305728464cc8cc9b58cbb29c433cc2ab6f24452337783a1add7769204ea79ae428cc6d58c3fdd02ebc4c06ff09ffd6942706""}"
account_rdx129769uftru9qaxys9lmuzzhyhe8e59jlr5cu4l4vldxfyxpgl7yvpr,yes,15605.47197,"{""curve"":""curve25519"",""publicKey"":""ad8212fa22bd7214c328996e28f6e89c4fd3840f905cdeb6341c67325b45b016"",""signature"":""fedaa4d66431ea14b40f5d2b761ce948b22e59f969ede1d566bc8522f2136257df1a82ffa7a1c487a5a1c2e2e091796f4bda7922a4da6b3dabd8ea8d94938d0c""}"
account_rdx12972ezyc90g4grazd0gqum2tp2kgd3c7jwshed838weud3cmr2caqc,yes,6.619996529,"{""curve"":""curve25519"",""publicKey"":""0d72b334a35b88621920fd0b9f34adf8df7a8416da52e3d0e62af052af7debd5"",""signature"":""000cfabc479a1345490a086157b8ef8fb4b16b7b46b8855e74ab6b869da7b34fae8d202c326b25756efdcbd02fd3085137f0490b954ddc3e3bfb03beeccefe02""}"
account_rdx1296u4l6t5nzhv8lcjf2ungn4mvnc6v2uf97w98pa882j80p3cqvmp5,yes,19282.63384,"{""curve"":""curve25519"",""publicKey"":""2d70e360e1b97a45e279eaa5d00a043c3fa9a0d35bb930383441bbc0682f50e3"",""signature"":""4f98fa700f7519e43f363e6c22895d7b16727f54d31fee272990b7173eee24b22cfbdc24eca5c00b35d9c747d31c1a702d452d0e926c2c6d67b54818e8d5410b""}"
account_rdx1296m9003rslayafdgdu0uy26gsac9gphz9eq78pxa300a2fquttn70,yes,1011475.766,"{""curve"":""curve25519"",""publicKey"":""60a83947769e6ddb5b9e7dadba0ddb4da59f3b34ec63e7cdda7c37e1ebb2639d"",""signature"":""75c2bcd053165535493782e80edcd2a5ecc179d4e61028d48168df501b2fd637d4cd7ef261c22c61443ea43d310bbacb355aa00d11061b722ebdce8c0d47420c""}"
account_rdx1296grxcyz2a2hjn9c7jepp950ahahfpt6mlq3zjwljfnpynen4gyc0,yes,868308.7119,"{""curve"":""curve25519"",""publicKey"":""bf371f76d1356811d85e450dd58b46b3c239490df2ddf973c06e311682ca3319"",""signature"":""7503ab19e829a7057bf4837666651a5c7a3d4966268d8c34b4c14f975d456dc4ef4af282ba27368eff0084e1d72e2260a73175e73345976231d10ef63495b00b""}"
account_rdx1296aewxzrh0rgsl525j9n3pmzcyvmez0vlq7gm20xd93ud6nqfaqg6,yes,98.0375153,"{""curve"":""curve25519"",""publicKey"":""195bfbbf8abea1b001fa776fafba5fcc8a26917d5a8678f5257ecf45ae7d770a"",""signature"":""8d4a4b6f174cb600c631233c7b019da87b46faf2929c0ffb0815809956adb3c121606882f8c2e3b90351a924bf7087f6c9a3d530c1b6ccef7c89dc2beb2b110a""}"
account_rdx129662xvqasmh9aah849cant0xl568ehpxwufpez3dqchv3aes58pvm,yes,7.70148241,"{""curve"":""curve25519"",""publicKey"":""4b4e157a9359c3656f1c962c61a2654961b6e84f93d22e496d14ce55d6d2b6c4"",""signature"":""adbfa4b8660aef79c46a6ca4e30c2d93be78dddf010201293e610a133502301a581faa8834ae93dcf17e992c1939f819d0b64143d28965e4bf41fb1c5a4ffc05""}"
account_rdx12964wlaw64rn7q22xpc4gmsx4nc6ag8v8qqw00z5c7624kjqyr3zfj,yes,2106.399798,"{""curve"":""curve25519"",""publicKey"":""40a5c72f68bda99b6a807cc61dacf206e2cbebc3721cca322efa3c9b0375756a"",""signature"":""ee2407f250fd335f478dca54b33d27fc87d2e6d3cc26d2c7f3a73c90159e48aff67f7c42c18edfdb961008fccb47137d63031d2b5cab8c7421d8f73dca221f08""}"
account_rdx12962a8y6penj8wudzyddp07r6l4uccvaxyet2pqptkx96ylk5n770v,yes,28225.22069,"{""curve"":""curve25519"",""publicKey"":""210563c6be8a7e1fe79879393df144292b7722ee99c0d909fa012c70b0e2e61b"",""signature"":""1ca6737a2c8eddba1020df2d5e327cb2a32b895c03b56b3652d31036b1ab6c3cf39b4b5653cf79de1600903dc32c6975653474485b897d052ee45cce5bb35c0c""}"
account_rdx1295xa7zgk80tsx3pvy4qr0ay7wl96ve5t23prc6er0t2rcn6f0r55y,yes,0,"{""curve"":""curve25519"",""publicKey"":""200e07fbf8036d9ea60e9e263ceef5f393987efa4d4eb1fe6407847bca62c09d"",""signature"":""2858e7c7c0e567746b4cae28f87d23a8da79ec9c27e9abb1e73ef4b565715fd48ce905b895544352ea4985834d90defe206d48e63dd2f76144e11908a063200c""}"
account_rdx1295kzgzay8rky8t02camwvp4hckfunce7qxq6wr3r84sq6jsrdzy8r,yes,1037233.813,"{""curve"":""curve25519"",""publicKey"":""3330b73de35fbe32dd47f103442038581f0f48f8ff19e16a380192da16177dfd"",""signature"":""c23449a7af2bb18588c089ffc10ffde9ea83b2573d9d610a207af5b7a9de727d2176b4952c621dd6d40bdd7dfada9a824e36243d170880336f2a209a210c5905""}"
account_rdx1295guxs24vv5fpvadf5p0tqhyds7r5sl2le0tr59hfhj3j8n8ues9d,yes,3.082994294,"{""curve"":""curve25519"",""publicKey"":""74bce282684b021d2d0341c8495d60b7e8f01ac8206c7399ac597ecafe272872"",""signature"":""eeb761b364a1d9afae9d23c9cc6f233beea41a90821e127cbf987079edc2fcf4654fd57cdc72c6d3e5bbf80b700ae7b5b5910aba1cdf40dce4e82d844ee3ce05""}"
account_rdx129539a4maqtg6tv3y4k47ee5rang2z4662k283y7tffmzyyk3adcpk,yes,112.4987426,"{""curve"":""curve25519"",""publicKey"":""48378e40bd1f09deb8687cd5a208ca68a9cac002bca078f96bfde57fd6b7802f"",""signature"":""9f91f52c130b01946c513b18a12502c4c00c52bffae5dd7e5c476e69fa00e07de01f11dc138d67cf1ec564034414f5af2960ad738c7b01459a61a72304b04908""}"
account_rdx129529gy733840u68hu05pu749t7rqw33saw5nu3d0k4e6vtzqgcyth,yes,112.4987426,"{""curve"":""curve25519"",""publicKey"":""188dd7f70597e1ab26b5f36c4d3d7ce4829e36ff81ab6debddace8469c2bfddf"",""signature"":""276a39c2811719a72d38c0a9cefb443a8f0a9fa997ae8e9a1f0dda5e1cf5a2e814b7d91a49a664df8924811b7874101469dd66a6b7ef263041ffcc3774ad690f""}"
account_rdx1294xpkedfjme7kmhv6gt483q2rjqwnanfxjxz3xut2qskj6jucredv,yes,61232.89367,"{""curve"":""curve25519"",""publicKey"":""ca0d902dadc3e1c003f3b0ba4b0debcf24daacc366bf12b74f798e001efeea8c"",""signature"":""891a6d1cdaf63192482dd1e624995e836099b832336c01c250efb267946147a0c24244125cb26eb8377efcb0102e6d6c6b9a5002a9f071347243dd9a133d3a00""}"
account_rdx1294t72l0c6ykgtjdtmc9qt0vlv088xt6m7r30ad0592s8ekh42v7gt,yes,32558.47269,"{""curve"":""curve25519"",""publicKey"":""262c23ec6a8e9ccd6d96aa50d9b41e00d01cb971e8d247b05c77dabf0970fa35"",""signature"":""88e112764e757cf97c1f9bd22f4df576671e80328a94935ee5a2cef1c062eb4e8817cd5b89e0893f2868b7967bfe627110ff00325e6fd941f839572a6757c701""}"
account_rdx1294nv8qpk39zpx5z0z874nfmhm8fcsxk4n97jzx7a0qd7nqxr7fupd,yes,346296.6685,"{""curve"":""curve25519"",""publicKey"":""19a8fe9470975834ae7625c6c0d6a2db0117fc10f0b37a0c79c6fc89490b14cf"",""signature"":""ad10522f021ad1c4696fa92d08fbc54302eb23bf377c327b19879454eb5267d49743f2e7ca05e58de459d75c9c8c80313b28bf6d0c13142d78e0f14647ce5400""}"
account_rdx12946hemfqkx0esl90h8p50wfzzu2d7j4vc4gtnjutts4qdtumjnw9c,yes,1063510.995,"{""curve"":""curve25519"",""publicKey"":""27aac1d01141badc2081ab02446d5e82f2779d6c1861c783cd454244b5258849"",""signature"":""8671911504945cc8c74b634b6e6b2aacfa6e4cded3c2a7df6c302771944720e35eaa1a2996332a967ada10bb259fb50722e84115db15cac5209175eaafef420b""}"
account_rdx12945muyafqtqtgkkl8l3577ertaqrhky77k64hvw3fk33jyjtuq6n2,yes,5.30452153,"{""curve"":""curve25519"",""publicKey"":""978ba4678834f7fdc99d949154dd4693bf82110b31a576db0e820fba90616a11"",""signature"":""0f2ce76d74cf66d036c5180fa7feeff2c44eaa9447dd5da2256023e60c226a68293940cc2781980cd7be2faa0c8388ba8fcc6ac81ea7e25c986e785ef8279501""}"
account_rdx12944znt946700lxlan0xany8rdvmpdapns45cwwm3ql49m8s64lxk9,yes,277613.819,"{""curve"":""curve25519"",""publicKey"":""dccdbb8d53e799bad5ef1bbf6b4924c208fdf4892ba493b1f2205eb1ae50d9e0"",""signature"":""4fefd87d913769fc80bd0a55bf8f984957f1a2a2b1f1479468b74e1566c06f6d99e8394e3beffb6217418da3ef35246eb465dc40be62b7b101143e904a488106""}"
account_rdx1293tduf9c255s2tq88p4r7e2mdz7ey3v8d8e57ppufpalpfpvl27zq,yes,425000.2859,"{""curve"":""curve25519"",""publicKey"":""12f128565d47782899cded723f2dbb38dad33a2be524162f49242e1ee1d7b175"",""signature"":""8da4a318913e11b2240aafe13498d03f974df38cd2ff7bd5a9b944844ceca9f3a9eccbad2e5b6460ea779e50ca59763b6646281f0dcc371a05faf7438ac74007""}"
account_rdx1293jmvznyzz5kl034ke5jl3qqvz994qpgt0634j8udewt350emun86,yes,156610.7688,"{""curve"":""curve25519"",""publicKey"":""7701da48bafd89a14001cad2b386a9c3123e0cbc09303ed7441f2b1087425fe3"",""signature"":""86ac0aff1ac7f092296fbede9eef2dbbc544e381850b4f515d3fd80624a8e8e28364c41ed72a9203e81043734f309216ed8a655188211a4007afba168a8b6800""}"
account_rdx1293gn0l88f8draquzn6fph84q5hnyamcjzw3zvlt2l6jqec2mpnhng,yes,1557.93504,"{""curve"":""curve25519"",""publicKey"":""6acad46fe6fa76f14b6759593e1f402794717710d1add3387f8df9146ebf12ee"",""signature"":""324d84cf4801dd6d1fb6acb1aa135dfcc0090b8073a9eb9de2aee76edb11deb6882c74d41e0bdaa36e21ce14e03d049a55c2ff09d3f1d82e2e5068093762700a""}"
account_rdx12939qsrjtjg2u5ydqcmvyghsl97vz4ypujxsk96p95u08rq5kngvew,yes,0,"{""curve"":""curve25519"",""publicKey"":""932e7575c44d35b9d0c78e10d49a3219c5c92d095155d1abc0e5135c56b271f7"",""signature"":""4f0425a59a3bb6a7fc87cfb66398105ed02656e2a8fc29da1706d08b908db87f73376d28e18a281fe2a4e73ef09ec6805f53d1a502f3bc72f7713235988da800""}"
account_rdx129377ryv4tcadv8zw77a2yzzscwys2fv07vd3rxcehj4mmyudpsap9,yes,150.4748246,"{""curve"":""curve25519"",""publicKey"":""5862493cf54bb89720682e2b1d475abef2cbc768916ba3957c714ab1262c41e3"",""signature"":""e0fc0d050e4e7d3904cfd0e4a36940c243b3cb09037dd101b1abf5deeadd15b6eedc3fcf2478491ae0fb2dcefb907f78fc9769cd18f877d949eef8e215dc5909""}"
account_rdx1292rnvdkth0l33af35f5gcf7rlqugqxws89jdppzshzvud75r3m3r4,yes,1502.777286,"{""curve"":""curve25519"",""publicKey"":""57c46c1c881390297ebbd2a6c87142c7c37ce1833b781170a9744abd489dc58b"",""signature"":""9cd77e980b99569e2e8879f4def43bc23cb682e442e28d0ba113d2053c608494287285f0026ea15e90d5b224e62207a9daec5807447814793676b4f92db53f0f""}"
account_rdx1292r5ea4u0fjvv909rzz3c7mugp7c8x6q7py6wrqjl7rntg2y9vs2g,yes,6065.3007,"{""curve"":""curve25519"",""publicKey"":""d5afa699e87f55b718ad4c7ca7d37b495f062ad99d2a6192cd8529d37258ed9e"",""signature"":""8adae4b56d0a1ea06d44de7c95fd0c1d55f43c1ae1da0e0e03dc5c7d0287e98f0ef4dd836f8025b9b2eabbaf3ea5d8ecbbc11eb6775a5b9bb7bc2fa4f1880c09""}"
account_rdx1292d6rxfknzjh9hyyxzxrz3audpkhjukvz7gfe06f6efz58epd4up5,yes,1020358.857,"{""curve"":""curve25519"",""publicKey"":""a50e1b06418fc4136e163733586ab1f44c5130831de308d729a1087e39c1713f"",""signature"":""a255bc571fad497c6434d947288a04f41ef2c3b623cc080c7423d5fd08104042bc067ad7e56dbc85ed0679924824d4a42a783d8289a1d99957499c08c2009f04""}"
account_rdx12929dyfxvzkepqu6um7xqlavcghva9hnzqzafwwhj57rew56e2hc5n,yes,12235.00459,"{""curve"":""curve25519"",""publicKey"":""2d5235dac95f792c43a55fd4b0062bc350db98faa305bb8dbbebfe73d86de201"",""signature"":""0bf2ea75004f76b024f6a113786d6db1c8e92fe6a1da47f109cacc115473a959a1fe07e31723d471d8a13051f50a2016631cd2527540615e16fa83f25b295706""}"
account_rdx12928atssvfu849x2kre8eyrefxm4ge298qdfwrgrrpv7t29w4cv9nc,yes,2.015658391,"{""curve"":""curve25519"",""publicKey"":""b8ee3010297b8c61562e3bfe74f5e6d7661bcfbafe9fcc445fae9c7a14eef93e"",""signature"":""6872d22667b0858e8b041f36a8cbcce402fab6bfbeae0f9aade929af24323002365d9e7d6d0a19fe89438cdb7466205fc59aa088c0d59a3580e4ae84849e350e""}"
account_rdx1290z27r7w42qk6vhuf6qh8c82wtjh8ujzrngwpujfucxsymmrg6fgy,yes,9418257.942,"{""curve"":""curve25519"",""publicKey"":""b12e95cb4fe2d9836c151e3b7952cf86544ca3fe6297334bf7556746ac7e2617"",""signature"":""9ff1d2e95ad4a3ccac7eeb93fed8cb6daea6a2f040d74b96938039a9811218d01d12909d48d98e0f52a6fe40436b075182c2d342fec87ad7c971f9e50ea7950c""}"
account_rdx1290fnehpzgwmzwrqyyrl4a0sjq8wk75flv4km3hlednu7uhw2q759f,yes,505720.453,"{""curve"":""curve25519"",""publicKey"":""77b7674e224a92659b534c62c1e2e50a2e8e611e3b6b321f752e3b3aa3405740"",""signature"":""a3bd51a425f9722536f1eb359849c3ad12a8d74d7b10a24af9b719b01c3c547ce7ce9baabdb18c82e2642f8d7965544b1b867092c07975dc181f44f1f2c0fc06""}"
account_rdx12909g7eg8vnfsm5t6w9y8a8n5wfer2gujzjsnsv4hve5ezdgz74mgq,yes,119.283557,"{""curve"":""curve25519"",""publicKey"":""1c16114106531d4063cd554b0ca9d31553262ffa32528a327d6eebe934908be5"",""signature"":""dfda70ae8c40ae1256fd9c5c0451b913f65da94b5acf3142f27f3b6a7c1691dc2fc719ab67cc6c904c4e6d94e2f3f999f6782a141a2ff421dcae83ab9f15af00""}"
account_rdx12900yctr7rap6g0mt5vtgjl6f05rt9lpkc72cycfndk96p7z4lmgx6,yes,71667.98556,"{""curve"":""curve25519"",""publicKey"":""6aa80cde3b6c5622cba6fe4b8a3c32211cd079f60e158611915ef15bee71adf6"",""signature"":""192bab84ebe3a55051a76581fbeb703d56cee6e89e49f9d79f99a73fd618a1ac605b8499941340239002d8870494d1bb0ddfafcc53c0aa8b7a4b7e2252c4590a""}"
account_rdx128zyrdv28hxxx495jc7dyd48a4z4llha7k3dn4cn23dzn2vspaexsj,yes,0.7414138329,"{""curve"":""curve25519"",""publicKey"":""377b7d3857b5ef2da107bb6794433842d4f329b81291721803c5e610a4eb6335"",""signature"":""4bb86a7c8395dae43b7aa1d0f4cb509f247916ab19a07a040adb903f8c41ff5ac8a99fd0e6a8825f150de864fca882542bdeefc8df3855d6b56bf10d0e999f0e""}"
account_rdx128zezessh7675rzeeluxdxzmzqlyg49dsrj3jfavtdhzfapdgsw9l7,yes,7.742513083,"{""curve"":""curve25519"",""publicKey"":""baf5e8d784a3fedeb8467d7a79d862bf3684fcccba10649b291096257e8ad00d"",""signature"":""4a118afa69cd92ee1f1a5de74302b2e3fc03418d430f27f5e9d9c4b5c2850c48454da78c9d4c767fb8fd5aa22826ac77785e8d2d69b6a4d63b4fcde9b1f12d00""}"
account_rdx128zateu6j7hf04guj8pyyf988jlsngavyw6309kyv5rgkmc8xx533d,no,10005,"{""curve"":""curve25519"",""publicKey"":""e37ee3672626f3644c31d205068d80f498131d73f48dd354a96d38609a7c4abd"",""signature"":""3ff64054b8e666d22b6464dd755de2bfd5547ce2c299d282b54e6234d6796d803040330b4efe95f7a83db142721ca76e894d23fbc42b1862abe4ff16b6007400""}"
account_rdx128z7t064tehpt5wqwrhmhvmdc02vfh87k54fj7zj0u37mh4kvj99v9,yes,935215.3681,"{""curve"":""curve25519"",""publicKey"":""e601000028329174c3bde1a096816d12599de1c173bcc24cfbcb6a3174568d2e"",""signature"":""6cd98eb9c45b2361277916eb2e26052f716809f8f4525acbd8ba2a7369a2ef0d16aae7d6cd078dc914ba0ecd3cd79030394f71ed90b0166985a45489e4040702""}"
account_rdx128ymg68sul99xpfqv724hf98g3pdgduq0axnnf2jjh0gtc2rhc3qte,yes,170784.3574,"{""curve"":""curve25519"",""publicKey"":""8be63e62dca06f5f9e25f823c64341afb759dc1979192551d4a47ce02a8e0287"",""signature"":""9fca95b9e78ec3f00302d0b7c949e5db48206ea571de373e8cdd5c184c0aa4d1704d3ac10b0d539c19d9bc66ff835a7ecbb7d2c145659cc51e90092ce0de4e04""}"
account_rdx128yfsjg7qc50tcn5cwu36f3zewr599zs4jw86hupdarran3jjsg3gh,no,100.6655202,"{""curve"":""curve25519"",""publicKey"":""68a007274334ea7935fe030796170e7cf5cab17a68be69a7d70e932e7e9c86d3"",""signature"":""e481ef450adfbf796b34ff6cdc1d9558483917d553c78c90c615d3a03985668045b24232f83f04d19537b3009e7cfb3a36634da56561c4b41699d136e118c805""}"
account_rdx128ye6uufp6cgngn5y00vh4rjgyltkagn4y07kxwk4wm6c2zqpscd3m,yes,11.48502617,"{""curve"":""curve25519"",""publicKey"":""a6e92c6b3170319e4f554e904b55cf4d61925e9622b231d7f78e9c7a170970c5"",""signature"":""cbf63d1e0380ef92eef3c9a1cba23a6f03dc1f28d874e584a0f1a393976d8746019a97ef4b0d9459a046cd6ada1ef990dc3dc627350fe3af7ff7684a7d8d620b""}"
account_rdx128yde5cdvp7y74v60m38f25twpq4s8md582prvy4gxdvlwncpal3u6,yes,224.6057241,"{""curve"":""curve25519"",""publicKey"":""df625403b71c9bd4f6ee598cf46e57afa628bff296b7411f5e417f427adb4c4e"",""signature"":""0f09dfcb6adea7ead894816052dd598c78a75821b25d1e3b7e16dd530d6ac6208253abb381e1bc82dcb1872ff65a358bddbb23e913bd5c6ebe932e9622462a07""}"
account_rdx128ycz3nacsuuwpswc42s7snrag9ms4ngtur2gutu725ya68un5nna3,yes,1269379.435,"{""curve"":""curve25519"",""publicKey"":""ebf99e7347616316f25f6fecf8ab7f5ea88dbf5248e9e757a5a36be6991f7dba"",""signature"":""4dcb65e83d60e020d3195c6c884faf4b5b2cb96c325b597711d34d961fc9e06c121bfdbd7ae08e062d2affbdc7b037aae9992fcf1a85e21b87d65de0b33c1d01""}"
account_rdx128y2p3lep8r74x2ukx8acpanxe6vze9u9st09q7m4dzs08x0whuyq0,yes,112.4987426,"{""curve"":""curve25519"",""publicKey"":""de252fab0085cc6208214c180367d2597c81d6c3f9ff5e3ddbf973ec51b9bebe"",""signature"":""c20959365b53c79e4007064061d3186e32ecda872aba306db4b85ab95bf9b1f9cb5d62cd09744b2dfcb9c2b6a7afdc60347a8d2c6e107c988d0869ba678b1107""}"
account_rdx128y2czc3vq78elcxy04j98rgl0d4nag4zt2wcd3227p22dsltgz8n2,yes,645521.8367,"{""curve"":""curve25519"",""publicKey"":""10be0a96730429322dc0f22e2d8db459e0deb3256f3ce9ec7fea5ad9dcd642b6"",""signature"":""b971f08a0dc45c9c357ec46d004cad246bbb266c703f2e97038d678a26c56e19b91a1923b73bab2c6a393893d5ad8dbbb190374ebbd3c138a550103777491102""}"
account_rdx128xzqmnlnwjfcxnnau9p5gagth8s9u6nmnvndn3shlxrz2t2d87l3v,yes,51,"{""curve"":""curve25519"",""publicKey"":""7015fe1a67d79316b6360fb1273d2267e960c726edd9c5aa80aa1d5cf8d1d7ab"",""signature"":""476fed864e8b6c6101e37e4ecc519b85e5330313cf6f44a88ab50b616ec9a087c962cecb331cff949f8029a2e6b734e79b393a9b8bd28adb3430a8279608ff03""}"
account_rdx128xqr03z0przrehv77tmsfzxd74cu5y5mvphhw9gacugzezmxdkv6p,yes,112.8657999,"{""curve"":""curve25519"",""publicKey"":""560e9325840a4e5ba8734eae287e15ba7330f2bef3dc4204e9274e4e375d7b5e"",""signature"":""9929457b36f19ee20e2abf48f8e6efe010a63d87776b6688e6858ae6e58f5acb86b72bea7d2e7b13c95b07146481a20975a13ffc14ffe3932d321e5a9802b601""}"
account_rdx128xk5vux2zfz2ctdp4hsrm6q44lkmt5u2s2n28auf2swnr89l097kc,yes,68250.5497,"{""curve"":""curve25519"",""publicKey"":""3d89536156621cd7ad3b1c32fd9acc4939a2eebd5fda3c3b7403d070fb8d623b"",""signature"":""f6476cc915d6708813435008c3b4de40e2a1b816a968fb01e2988456ec832a8cbceb08b4ec1f399b5b2c3d17fcbf5fe4b40cd553d801bb01d6fcd759960cf702""}"
account_rdx128x36sutq03cylk5ku5xf4tef3dqexm67t99q5au6kr60j4w60yujs,yes,635622.4467,"{""curve"":""curve25519"",""publicKey"":""527dd0d2b1440a5da35fbfecbed46869ed7fec87b80b198a995dc560848bf97b"",""signature"":""bd6212a2705f34cf44ea5a45e777a0899217b3cfc8cd7a1b8682dd3195aa7f57d49dbfdd35a6e952dc83ba6e7a02bbf3348e44c0afd5c62132901801bee1eb0f""}"
account_rdx128x0zcmugq6z4q66pk2am8cyhl5ypfcp43n9djy7uwz5zkcggxxxhh,yes,3307.390753,"{""curve"":""curve25519"",""publicKey"":""7a8ec0438d42a4a3dc597906cf86d3377170ce85e7a9754d2deeb2cd547391ba"",""signature"":""feae14d29789adcbd5dea3475a7f78e4de8a2ab6be6ab74a929c067be54559667674b39147f8b2a84eadbd32ab9813564c24eadc33eadeff2132a46a3b20580a""}"
account_rdx128whs9wjh7pejp3h38d5pmgyhk5ajdtyxhnj6wvyfffjvtcwtvwzx9,yes,342.0188618,"{""curve"":""curve25519"",""publicKey"":""345ed9b9384ed4a660416fd84d649bd857e2927cf353749c6e82bc01aa19268a"",""signature"":""71484e5bc39851104b734c1469a526441f9ca3cfde2702a9b8381ab43c99a2375e1ec231f661cfb75773e356ac40e2b5966c9b190ebf21f58b80aabbc9e7f109""}"
account_rdx128wgz9pddm2gffkv0he7h2dmd0luupwkh7rxx2uy9k6n3xn7yu547m,yes,97.34787083,"{""curve"":""curve25519"",""publicKey"":""36ad4f811e7b886722deca1c18454b300cd45c930d576eb23e8da4ece44e879c"",""signature"":""e17fc394014249cf8cfe9d149c2ab1b34f105e80c18a60d2930b3cb24f3691c912109cad5bc15d43dbaa295735c7a2d8a4279be35b3708075a15da806e47070d""}"
account_rdx128w806zje7td6dr9zhu9vzkzrsydcuhkcehth3nlw9udvac0ra95dy,yes,3296.609603,"{""curve"":""curve25519"",""publicKey"":""e9a43e5945cf9cf7a078a4bd966636e60b2de92da971504db65f10892194ed53"",""signature"":""acb14115d9a30983918cb7c129cebc4eb9850fdb31860755e258920c933744ac9429ed1fd15354e89dbe8b2ec745ada65b9f02440dd058393f0d6a21baa7c909""}"
account_rdx128vt297jwna3th548eq7j6kt9qk9lkv0s50hqsd7cjcgdnxjamha6e,yes,265844.3698,"{""curve"":""curve25519"",""publicKey"":""5834d5ec0246d2bb95a8478d3b7d23ad83f1c62e802e316d92d300e3f7b58590"",""signature"":""4984544ef335597e7a8a0098386f12841f1d356750a0292efbc0c573544d26f9e003cc83c31378cba79d8b76355fa72f6a73c1c039611e66d82528c672928f08""}"
account_rdx128vq0su9zz3hlucktcyhf0z2tg43ntct7qa8qtjqsvh73z8awzwlsa,yes,1352.095389,"{""curve"":""curve25519"",""publicKey"":""f09b97b4fc43c76fca2e58c8d8784f488006f6a1d7ee37124516833c3043529c"",""signature"":""05d43f6b837c7809a33c4e0e0d6c62013e889f4bc0be08be29fb2a1c8b98f6c830336ba1632a5559070210d62f63ead801a60e71fbca280c163b09f64a84b805""}"
account_rdx128v98ys8wmsh799ffs8ehhcph4872y2ypdw60yaaelgcs4t08qk9ug,yes,0.8141598815,"{""curve"":""curve25519"",""publicKey"":""23712cc9f5f584040384993aca0a538e54d99a99b3b8011d40bbac00be4cc42c"",""signature"":""493c236583abccaf88520ed7d3db0c1496f150ff1c4be4cc314b2b55bed27cc2acbb6d4e692fb888251e9fcb56173459711ae3f82df5b253af074680cf017a0c""}"
account_rdx128v3q7e7h4ylftl8vccn7wcjlpzt60v7665nv7pxce76q3yk7j9p46,yes,0.1414138329,"{""curve"":""curve25519"",""publicKey"":""7db709eefc726401369af84c47d6325c1ae1af1e35bd3556d8b8971d185cbc0e"",""signature"":""d0a91fcb436fcfb62e5bb0988e9a4d77003c4d862267012391d771fb16af3763681d86600f18f7d0fcc85d08f77cb029ce87503859ee201b497a02cc064f3800""}"
account_rdx128v2nu39y9dlfu2c2rhg07sxg7s8n5s37wrxy0nt2sez8fxm2mm5qj,yes,981.6218935,"{""curve"":""curve25519"",""publicKey"":""fa8b29b8abf7f2e87f72df44611954ae330545c7fe93d8319738270f906d704e"",""signature"":""e4426df63eb9494019cd8414bc069974278612b480a7d4a907a9a3c232376583f772a5fb8f8dacecfe7eb456e990b0b0326e35e300a329194ac985d49457b004""}"
account_rdx128uvj6q7s8zmplj2rfqnycer0994vy6myjagkhqr08hplq2jvmqrjl,yes,9.464322269,"{""curve"":""curve25519"",""publicKey"":""7def2cb332c4f9759a1e68a7315895dffb22fd967216c311a467217576f8c444"",""signature"":""17a38ddf4ed4b3f08204cd4392196a4d28fb731b86fddc751f94e3de69530bc492ee5d876f0e8fff52b9689892c52e08efa7957a2984da89750c70aede4c5d0b""}"
account_rdx128uqpdtxucejz78y2udards2c6whvg3u4fkv5pyyq5u8xyar6s4wy6,yes,6.106598075,"{""curve"":""curve25519"",""publicKey"":""fb4fd75ca23c49269661bd24501a1cd321e81741a62075341aad3f5cf2b7d18c"",""signature"":""31ee2e4308317db84a6cb89a35c5190accfa31cd7f1d3e47e52f6ec23591555d1bf722b8ce78ff9a1a5399186c4feb1a85310f003340087f361cd2ae28ba6a0b""}"
account_rdx128ujawxafsumtdcrz8fezw44zcljn39wnvwqdsvsy7vul7e7ha4sh7,yes,324.2978448,"{""curve"":""curve25519"",""publicKey"":""9accaf0873f2dd30a1cad25ca5ae0f5927a981636b52f13c4cf6e9da88d1a9e9"",""signature"":""8fa8ec22c325159ff56eb07f3320bccd2c47f7e57d65ee978a60f2f31ca2086d2542a5c2fef078bd74e0042d0f92de62842feeeb7a4919607e132171f22fb20d""}"
account_rdx128uhu00megmzm8m638hc7ysuj6mh6mg46nxggcg72y0578rxcps4e9,yes,172.8541224,"{""curve"":""curve25519"",""publicKey"":""b7dfa543222241ca37797e86e05fc2a039707ac5073daff84f83aecc3d5e9f9b"",""signature"":""e1db0c8cfc909c48d7900927a0bddb7d3e0e5793ff86913fa6c33e2ecd35e1f2ade7211d51b563c1392eaf109234534d0066ecccfa57c3f74f085616b301a80c""}"
account_rdx128uheky3swlsdmf4zu2kx508xt5xtkqnzgutfcskw5q3dhxcr32czk,yes,549.9454355,"{""curve"":""curve25519"",""publicKey"":""bee41c0b66c4aa10b14170d28cc05780a52ed2238170b774fe320b0f3d6f37e7"",""signature"":""c2c5550dac8d97fab4c465e380738bde1b0a57a31723378bebf4478a83e3b5eb2f5587f62ee0de0c423f21273b6abd41ff2dd65003211a6224de66500512e306""}"
account_rdx128u2j7q90jk3hgqkl0pe3er0jsejl34jcrrht3kq726e6qguqnleac,yes,250122.6381,"{""curve"":""curve25519"",""publicKey"":""f6e2f0db5187e91b4129cf8c2fa155b30afddfff705bf771395e8c5e712fde3e"",""signature"":""1ac7279fcbfe774fd2882b26b2346f4ef5a3e63668a5aa446ff56aff7c4081af807929d576a1a671475ce5ceb0a5834f434b7587dad1f8a2cf553834ea42570a""}"
account_rdx128tv9d06uh0y73u5mk8fy7udfwjdq73uqlxwl8xq3y6555cs8rys28,yes,381.1821588,"{""curve"":""curve25519"",""publicKey"":""bfd858677a98b38ade0aeecb7f2e00167b208aaed2accc87f1a781f567661329"",""signature"":""cb401fc3d143e7531511e4499927451452927f3ff245bbee60b6873cba7e3d459c66554acee8c8a5dfdf2b6a9fe69c2332c2462101872f9b2025c15cefc91d07""}"
account_rdx128tux628weltzv40scsdrq970g5ck2cefyl8y7lq7ctnnrc3w5sldv,yes,329224.0525,"{""curve"":""curve25519"",""publicKey"":""dddeb75e78fb76b546f768a5b941cbf3a38eae790e1486b7aba60cf6bc4856af"",""signature"":""90053fada402ca3a21fac21b373347b0e39848884879abe158284d4485524d29afa44146fd12f8f859bc3bb7fe08ce08170e3c05e10cb667cb7c141eef420700""}"
account_rdx128tt7uxp5tsjpfrg3n0amatzx20tluvr92eernmmrkj96ly3azh20y,yes,20812.89153,"{""curve"":""curve25519"",""publicKey"":""943a4d2480bb6be0d46c4468b42b6a143ffafdcffbfbb29b17cca62421cc788f"",""signature"":""18a7c4bcaf32eb5429a3075565de963ea6395ceb7a72776f5dcbb62f5c8b6deff3a79655e6a4697b3a0001276b8996612f890d8218a383d5bc683abf624b650a""}"
account_rdx128tra985m0e6xrpffucppxdr9f04dj85rzwy78lsg8y38g4nt5elu7,yes,766827.835,"{""curve"":""curve25519"",""publicKey"":""58bbaab3f8a554cf7789fd0360a14a9da4d3cdcd343a6d5505f9f9e2b60ce265"",""signature"":""3296476a70833cb19e7741914cd3d3399f6d567c60507807dfe246709ec3aa5f5fd3a15e731756a08ab89940ff4281eefcc7608bb1b670d60e4abdff35c2970d""}"
account_rdx128tgasq7x29n5rr4x4p6y3jy7vwnsndnwpz9a8nry4e5sh9aj5fwqf,yes,34553.59007,"{""curve"":""curve25519"",""publicKey"":""0664424506878fc678d75d974db2566eee5518070e2c90a0d56a58da0a28e1d2"",""signature"":""f1968f2a9468ce258bf962a5ccd66d0c28592e93e95c3ae4f2dc89ab4e1560eb6c9ca9b8148ec91025b88d1439c1b4804c20f68ca1bf90d4bd063818a21cf10b""}"
account_rdx128t55qat8ftvw24djkr05jf24qy9qg75fhyu5flwh0e0zgspxf0zkl,no,565662.1914,"{""curve"":""curve25519"",""publicKey"":""08ffa6ef3f439c03e1d588580895aebfa127505f188f383ad19051d44fd86cd5"",""signature"":""e39b5d5a09192dd7ea6c5f8284eb716d80df4daaba6aa10fa7ff21606a659623912f4221f873593d518aea020c2f6d1a66867765a1a4aa0955ffbb29b867a305""}"
account_rdx128sxf7shxe9x47nffsa49s867kntusnsxm9hw64n5ud9lu20v0x2y7,yes,523809.0673,"{""curve"":""curve25519"",""publicKey"":""8da17b6d3a59cd9177e4f81873fd2e1993ebe22baff780efc7d04be10fabe0df"",""signature"":""5e1e54f9e9fbaf08e2a415f699994ea7bc19d6d0ab674dce81316b7881b2648940157b89aeb3ec94a06be1166bd60ce9996f49be34a721e6690c6681061fa10d""}"
account_rdx128skva2y2y2pygvety2xz0mp9wlj4k9htrma52azr3jwcuc40wswt9,yes,0,"{""curve"":""curve25519"",""publicKey"":""e811dc3870f2bd4643bd9095baff80bdce282d2ac27ba3c1660262199ed1f641"",""signature"":""bb22eb3c720cdc141676ad67d17d36b8db224994148a469c9b9d91f93eee7668a49de42b64b4674916d6954fb78c78de3d005801288ac53e4a2d40d0a6f54a09""}"
account_rdx128sjndfunu35pjg2lwpract5ukapaw97upvqrrm7rypmpv0t5tahzd,yes,419.7255591,"{""curve"":""curve25519"",""publicKey"":""d97ac8d524d7996eb7d0c87bc8fddd184d87206d0d61e338ef294c93bda31fd0"",""signature"":""fce94de94b6b599c8c317970241680fc341dd354ba2e19274ad2818d33ba660eb1c8e22b09d75d5e4eb5adcdea68c1294c2e1be7d7aa96eaf480adf609414209""}"
account_rdx128sh6dr3nslcjz0dtlza6pxgufpnhswwckdvzyauhgkqvudh7akhem,yes,1.174510935,"{""curve"":""curve25519"",""publicKey"":""0b669fd9645cc34053cd5c1c6ba7789854161c56d900cfec2901cae9f4b01bc7"",""signature"":""b9a03a950c4b12c501fd40176452a8587b8f90b8a6115f248ea3f10a6f8217b98fbc94946fe069b2848d073e040c71b253c442466b401744e128a77c47760a06""}"
account_rdx128sf8eg6lcvxw8r8ay27ld6vamv8v0u365h6j6w3xt04j5fua92rsh,yes,52473.00863,"{""curve"":""curve25519"",""publicKey"":""70e67dbd3df82927e96f00c55a4854f32de8744398e6cda01a77f9e50e4010cf"",""signature"":""e757adc27ae9239d4586ae6536ae1a7181b5d6cb57798bab1ea207e419366dcbf40a5c37a4a01c4b6c4e99567e099c067a19535c9e951ea96518ccd631577401""}"
account_rdx128s0qkcr4vnn9l0nsq55my9sr3wt0qksgdv5zxuyaajj853cr5w74v,yes,609010.9876,"{""curve"":""curve25519"",""publicKey"":""b36888f3e95d0d0b32279676e4041d445f042b8014518b69768e2d9313f8e1a9"",""signature"":""d1656e1d8abec748eb9a93d4a9791c2921b17ad370e40382956e6e5cf5c5fb3365ee86171045428c8e8fee5fb58c9a97b43cf6d09643b6689c1ac878f4c83a05""}"
account_rdx128s050u5z2958v73eh7v5lk4uyeqq8hw9g3z6yjpk9m62lrzm7s8xr,yes,11217.77278,"{""curve"":""curve25519"",""publicKey"":""e5ce544f03a9074a08194e7faf3e98590c725d8499c1ff39cfef9405cd159f22"",""signature"":""4674042060107e581f152a25298d1ea48ea98639d56907697999003c7fb9adc0832fc2aa3047be7eb23182ee35a84f32d0035ada39ff2ee4d8345c1e3c834d0a""}"
account_rdx128rmu9kq07uex7wd93skc9zpm5938z7ftk2zu2n6km0fjhtjuf75wh,yes,720171.4333,"{""curve"":""curve25519"",""publicKey"":""39094bba46fcf043caf43658f7eb8de399911cdfb86c148a85d29a764fd25a7d"",""signature"":""dccafa276666ad2dba81886ac40e75d3ada2cb560c71127643fe514c9a2c8e1b5804fce6c4117641e19009586db8e56b5c389e0a59a6171e99f8bf7eb60c760d""}"
account_rdx128rga3z6qxq73ayyr0lnuldxts0nl2ahcmy5lelnfn0fsl75urzpnd,yes,113.0865585,"{""curve"":""curve25519"",""publicKey"":""0ca78121f8e3bed8cc6579fc575ee5a7788bb87a5b03969e95eecc063e8d0517"",""signature"":""3795310af94dca08ebf345fd412c66dc043c88ca436897f7327981e997364c9e73e9d3c26faaaf6ddc636ab829a22e801524f20b43d23ae2fa72612eedf89302""}"
account_rdx128rda8gxg99c7hglrvcs0fejuhl4l7rjrf3a86ts69dts7xqa7rzcv,yes,224.6057241,"{""curve"":""curve25519"",""publicKey"":""3c914bb8ecda289a3f54e990f4775546ab92b4f0f702e9c5f8ef9e7d0f6fffe6"",""signature"":""f3bac16c401741ef48e1b0d5be540fd42c23fb1dc37df2c155d57f9a2ba5e0e9742d3d7f4762c001ed3f2ef519ee6f53cfc4e09b12db5068d75b7d48b75d7e01""}"
account_rdx128r8m77fvyggswkyewvfc56vzyxkh7atv2h4hl8gjkw2zklulpkucp,yes,337983.8537,"{""curve"":""curve25519"",""publicKey"":""7bb594542da20f0eed45a3972f5abb8438fb9615242d9d5db40369ce1640618b"",""signature"":""6b9d4d15929b5ba0ca30fdacaec029ccad54cd0345ba5103d7e46bc4ba92e44d2cced9b69a58d3139a3568036296f991b9e52425ec26b91fcc7161b230060105""}"
account_rdx128r036xqh92j2a2j99tsmcnaedengx2uwuapgla96ucaapw5czvvus,yes,44.21233701,"{""curve"":""curve25519"",""publicKey"":""4b2880a5a9a61a212489054b9607d1b6e135b806fa991b75b3e70085ed1ccafd"",""signature"":""fa8a143fae74e7b69f231c4953ca8b20a5652561703f0a7249f525b114660503d9f7c3d57137e36cd080caf76620b301d1cfae7216a6695c71eedf94901efd03""}"
account_rdx128py2f0q3p976sf6qsvx2rvw0a640kq6zs62pz5mlsu66nkx6tjsrr,yes,41.04030374,"{""curve"":""curve25519"",""publicKey"":""faebf8cd65fd129723b8d651781c0b62abdb8bf161bcd764c30631b1847f565c"",""signature"":""a0ee489baddc085999c078cf20df108974bdeaebccc0867af0958b9ad7c9f9b6a8aade03c9f56350131edfd21a254e8e61e794feeb0e76d95852de32a991e606""}"
account_rdx128ptys40uuqqekwqzlx2hctd0pnjrxm2wmc38n3gx7eq3sjrcsv2sl,yes,262123.8851,"{""curve"":""curve25519"",""publicKey"":""88aa032d239a11e0e32b21565502ee27798c970ed93fe5c018b781d99b63e3b0"",""signature"":""8251bd09dc50cb8a225fe9392da89c856226b26b40b289fa08b3e05fe98cecb1183f4a995de014bca0ddeb1598f1ef1f8ba07571226f10b2af2d0b6e3c808104""}"
account_rdx128pkv73ylm370p4h99rqf7rt2glwj20hf94zsz04yhk3v9s98rxfkw,yes,72.89392107,"{""curve"":""curve25519"",""publicKey"":""1c79f3c38c3f9af278861576764042c7b81db0acf6862dbbb08f721cae311500"",""signature"":""c00ab0863805ccc74d269521aa3469dbccf5f283864ece55a96889bf02816f12c6cbcfd70fac6d8c12871bc15985b10ebfeb0db3801cf3bf8937e0851a77ae0b""}"
account_rdx128p259uk8sm0y7wvtrtrpzqx6j7w4ptf0wfdmvyctrgppe2c3l5vnu,yes,395364.2712,"{""curve"":""curve25519"",""publicKey"":""86e4c48b6d14b66ca604e3ff3179e11f1bbb48a18dfdac8b4a4a764c9880745c"",""signature"":""ce12a441a293971f32f048fa54ff8192e53b5d264a3ec6aa7666554be22dab10ff13a8e7ec985513f1982edffd6b5c8a951266ed2842e66e25db9d7b96eede08""}"
account_rdx128nxcznxyt6kvsvv4k2eehfn298c8x6phme5cvg8f7wqyyfq4nw5nh,yes,41591.51719,"{""curve"":""curve25519"",""publicKey"":""aa3a5ede3544df99bac097dacaf6159e0862a1b1ce1e19359f9e20421d50c502"",""signature"":""41887e4bea17725eadcd799fc1d88c78d6a679d10c9757284c4c78537a40590a30960482b9e28dbca69e420438bc2de3efa02616b62f821e6c0b46d10145910b""}"
account_rdx128nupmwvcpl7wprlzjcumg5kx89zxr79shsq6505duaafhec98yfw2,yes,691.9979635,"{""curve"":""curve25519"",""publicKey"":""73fbde3704b125b343fffd09989837ab106415d2f16a0a6dbd87c8c46cb7bd65"",""signature"":""d1f9e178ac92f86f924116f82023548fde57c84d3d2954e3370b38f76d4c7ce81627445ac1b7c37acee43a63c1671dee5ebd88b3fe99159f436376bd6a78d80f""}"
account_rdx128nun6tavup2gfjdcn7jxul6ynfnxqqvwl3w0gw53fp8e8mnhfpkl0,yes,9.464322269,"{""curve"":""curve25519"",""publicKey"":""830753643009837b9366c2d8c5c82e1292833b608940fe0d106450bddfeea3ab"",""signature"":""533b75172a27afe68ef4813cff15b087bd927a28877a10550d0e97c407b71019bc5791cd3ec93e83c0522200e224b436e0e3b075f46f06f09c476b9ddae80e08""}"
account_rdx128nqmsz5x59qx5c0uz7p5ytr3ucrl3p7stgqehd49xgsh9cyyuut65,yes,83710.11995,"{""curve"":""curve25519"",""publicKey"":""0c7ef785af6c59c4738a5662342920afa9d2e8662a71a98726b5c743d03c773f"",""signature"":""131fb5548caebc4e250a0e07eddd99d0dcd9040fba388c38ea5d5ceef4090fcd2b3a2eb56ff9b086c1208b62b8e3ae9355f12f3419d48dffb5e474117af6570e""}"
account_rdx128np6fe64sm24ngkc0x7vv7f7mepuz8w9gt9qdmerrmh0f7kstrplu,yes,58199.51756,"{""curve"":""curve25519"",""publicKey"":""ac451927a2f3702b9dd501f8e5b873bfc9091a2cff731f21591b71d173ebc7aa"",""signature"":""17b51bfd5eb3ccd6e5d0bd22aae06b68425d0ea2af2008f79d9673146059d774f6eb7e02961158d3b01c40f7de4e9ee9368ca638263d5ffe46f13ba5cdfa3204""}"
account_rdx128nl599fqshmu86s4u2uzzl6wlaytztnyduf7l49qdmaxrgz9mjpy6,yes,63467.36639,"{""curve"":""curve25519"",""publicKey"":""e64109d8c73b8e5de0ac282499bf0bca5f11b705136e26262ec5dba3645e9b34"",""signature"":""746a34d8c1e35c4deec0cf8e94265b327fedca52b5997a674e31d3689ac31439748a5da1d46e0395b126fe2339d6e6e8d8b3c2b5a4e9ff528aab010256fb2c0a""}"
account_rdx128nk7sf9pm3qkfxjm46tajr268k6kvkswn8v07qzdfqnvd2f0cagxq,no,40.91500271,"{""curve"":""curve25519"",""publicKey"":""24fc4c82447626396224013b0ed9ff261671d66c5f694df7a62680e2abcd02d6"",""signature"":""f95436355ce14123156b379e43230779a55302ef36b182b23f5deec5f22e4a033458c10023ba0ca3741f362569db8757dc6d19f6da61fccd2b3d783c03fcdd0f""}"
account_rdx128nk04n6x65ghll83693xsp65u4v54pq6ej330ug8pla2a4mcacjn8,yes,9724.965809,"{""curve"":""curve25519"",""publicKey"":""a5d1d32d77bc24d627aba76fc8c1a142f519c4f60e511aff61c0f9693a9a08e2"",""signature"":""2e2fc839d3c01566e56d45fc1fc95b46d4a67f5bd3a438f4f97c4b6c96273bb52c9392999b9dc2c39e7c106a3b04cd01ddc6408441acd3ddf4269b29a1f1920b""}"
account_rdx128n4wp0l98jcgneu4rhduz5wtk742yjt6xlfvuxxr69gxpes80hmdu,yes,9141.836989,"{""curve"":""curve25519"",""publicKey"":""95b03e0750afae66161390c346d7a9af78d33b67a7306a2e10fa02ce18de922b"",""signature"":""6cf939dc0b0a16187369fd6f8619efe209845d10f3fcb1c16c929305639a18fdc0ea180742d4454b0856ddfe7e1897e495568327076fcb1d01dfdfd14120490d""}"
account_rdx128mzvk3tz5ftv7g9lz3naxmwyr59ch0dpmxgltavmn7d844yklvc2c,yes,722161.5036,"{""curve"":""curve25519"",""publicKey"":""5ea101e636cc694d380b483609835d8ef7e26cd20ff31598442742cef86e766c"",""signature"":""a44bc28939c7b9be4cacf515cfcdc1d2ab9ddd5284e331446081e610c3bbbbe733d73f408da659a047765f447c93e4eb64de815888028443b6e7c892f81ca108""}"
account_rdx128mrnm4upe8p94sfze0ka605ktgpr5ckv7dwzpynh4c750tl0tc7yn,no,100.2852178,"{""curve"":""curve25519"",""publicKey"":""6feed3197e45fd401a91fab12615c7528df32f1f34643508483c6c468573a1c9"",""signature"":""cc0d9380162ca3054efe4eac08dbc53c0ecfb118993c3763c27bf680dd6403f99825e010e92f88a71fccf7429ada35dcec5da7697715865c1145a7f72d639e05""}"
account_rdx128mqcsqtjq7hgsvrmvhegqxtzr070pezk8p7ezrhj0gwyjcyer0y3x,yes,126.7190387,"{""curve"":""curve25519"",""publicKey"":""65ba786d5f4bd94cde78c762edafc7d3ccacecb1257749da6916bae0d61e3126"",""signature"":""20c817d2793fd3319267f769e48ef1f206a0c00bd561c3ef26b06e9a051bce0cbc28f982c77d430ba24d8299c1e02e32325430e00fdecd068fdd98f316a8480e""}"
account_rdx128m9mvhjxhy5jjw8ykcrrn9hvsjajhsh9pqp5n9n6wa2p0ysykc3vq,yes,5858.655238,"{""curve"":""curve25519"",""publicKey"":""ff329be35dd8d575534f90b0f451316917338edd87d4b2a0aba3fcb1885849d9"",""signature"":""e4614f0fb4bb611a660753a90a0848df8e4c30547189ff1b9220ca0a4bd22b7cda400b7d41996fd9983949699cc48b8d320858de5b739259446f9a4d89ee7302""}"
account_rdx128ltk7svrxlc7dykhjyha0f50kr5ak8z64ssgvuncj5jrmd0eha640,yes,141848.4272,"{""curve"":""curve25519"",""publicKey"":""96a0e8e7c4b001679a276f8aa1d2ec9790cd25954f78599f42be256d97fb9cc6"",""signature"":""7706c3f665ecf5d6c59763e69091e5263d25fec176a4daf1ee9d12a6a0c8ae241e647a6bcff184eaf96c3fff82ffde404ed25e30c862aa3bde96643f5347780a""}"
account_rdx128ljglchxx040etfv8m8jf5gd9zql20wfupjczjtvj837kg4m9xjk7,yes,91.4339566,"{""curve"":""curve25519"",""publicKey"":""15f9f3a490c848d44ea06299b0a2751dc4c39810c79e723e5a8d2ada0af5bbba"",""signature"":""2aa175637ffe305af6bae62ab2cf03f9252f9820d5c154a7b718b36fac43a21c293a44c859b0d3e1520be6e201feaec935a85cf4cb9eed5929e58c86913cd105""}"
account_rdx128kv6pdh9n8sus6p4mnra4cscefp09nvwsyze9c06my6evgc9qyald,yes,1063512.254,"{""curve"":""curve25519"",""publicKey"":""8c87d5a7a72b9d2d2823bbab1dba82577ea9955b29bdf249bb14afd4693eebbb"",""signature"":""11a8290403acb45af2b7f65e34fcd434b7772eb5fc47118bd54c634cc2c53b5bb72f2720c749bd82fca35fdea0681f0f713e0a3e2d588a6ced2ccecda4724503""}"
account_rdx128kssuw306xk50jcwnsnahdxcgaadylwa8fwxlgvcw5ynay9zwpg6j,yes,876576.2472,"{""curve"":""curve25519"",""publicKey"":""1f6a2bba1cbf3ac9246965f2b67d6145cf5d6996289b246fa92a3ed47e29a93a"",""signature"":""12dc7218a0bea93a75cc878dfaff0028a172dcb4719fdab0fdfdee9dbef48b8763e95c7dc5ef14c43f3bff7a3e3470d0316385c39549011c718ca2758e126c04""}"
account_rdx128ke9te83eftdgjy362tjhmqe5vtj4ls52zqqk3gn6vvr6wrutcta8,yes,653975.8311,"{""curve"":""curve25519"",""publicKey"":""af28bae2d4100f977da8c3b58edf07a635ce5ae9ce80d4d10d0acf7f01cb1929"",""signature"":""0e478256dd9e71c8c6c76073d9995c47963db1fa880de5f8618927d74c759dd96ed832965db6c9582d10a1db9fb4d185723cf7f69590d7398537d549cb59b20d""}"
account_rdx128kcvrsc8y2d24qnuxekkj4vlfj8zuwv8g62anh203zkqlzlqym2rt,yes,2208174.548,"{""curve"":""curve25519"",""publicKey"":""1738aacf6289577e68adb970b106b490af9a0718ccccf11f7dd3949b253f54bc"",""signature"":""c8ec66b0827e8f5f6785bd9c6cc76e94a077d57c594c9bbcdb7d556524a15d00730abb78249ffc4e48757cdfa24fb496932a238eef077a4ef7e642473c03e50a""}"
account_rdx128k7d3myre7uw6khk3vlrzeu39lvdcc967m0lavvmv8rgqzgtex67e,yes,4268.671092,"{""curve"":""curve25519"",""publicKey"":""fbb0b71b171b27ea3a3c549661ce71a9a6d7ef6a9e0f860af272eb0063db6e28"",""signature"":""de8ec75861029e500fa42c896e79fac3e11b58c45d5fe5f29b3cb6744bbe5b442427fdd4a5ef4f4ebd784efb9cb2fec97a3c32c7807ccf5f5693920db5100209""}"
account_rdx128k20j3xdphdlhde5tkxlx07dveugfzg22048qka4r7a87twhmvlev,yes,25.62562029,"{""curve"":""curve25519"",""publicKey"":""c17cd67dafb666fda3e1612009df7125dfe8a358fd83135771b927ed77729e5b"",""signature"":""ddd5f96eae5a6a46b933c7d1c73a06f4d3891b80e0d7cd55d9d2d7b65cddb20569b353ab9754ed9f7f35e0f9fdeb1d15b236c37dc9b9d26b97e44ad785794b07""}"
account_rdx128jvmagdurxrn9e5yms984vvcf0dnru4wa7chfuhruaw3ugng67qd0,yes,614.0540777,"{""curve"":""curve25519"",""publicKey"":""8f305fabdc9f234dccc160be90e39a5236b0ea203498cd557366bb2f7cd33dba"",""signature"":""44b405699368147f5fcab808ac64120dd36035aa0edd8ecdb8ad2dbc84a77553c3b034e842663aaf7ba2357848fe1659771c18e00d02959d481eec3994804f05""}"
account_rdx128jumwcn4y865j42edtl2hpzydr7m0dses5f4p7d5wf8wmjz3lhawm,yes,48.70084189,"{""curve"":""curve25519"",""publicKey"":""9695fc6fb044444776e07879b6986c617e94cc09a5670dacfaabfe3c2aecb5f4"",""signature"":""81a23af51dfa99015bfcd42034d244841a1f8d84dd9739caab445fd9d67058c2719166e9f1f65aec0c138d46de1f7b9226ed883e83a5249146b3f7d2bec9e30c""}"
account_rdx128jrs6jc6p5ultehvec90a7gmk2xfpjjr9w8yt3heepvngq9nefhqr,yes,814357.8726,"{""curve"":""curve25519"",""publicKey"":""89f40dd1ab3814a7f61c4b44ba23d9c6eb7ce53e4707ae3d92f00c2341a6f10a"",""signature"":""3923ca3b043460d3ac0f254c3736271fdde830c59048847b5ff55c8ebc9860129f0a6d9c189398d2c12f079b39fb4d7ef40b57ae441b1150c601da8a6f547a03""}"
account_rdx128jp6ng9jymnlnsp57v0c9px80s80v2prwulxsp6m6wh9580zld94h,yes,295.1633821,"{""curve"":""curve25519"",""publicKey"":""011f5338321b5959258836f09bf1ac796aba2a670d4133dfa984ae815654c278"",""signature"":""bab113860acb4478204f1ddcb60431b2de0a0615bc8fb72aee11cc756596682c7466819c5edac5e6acc192fbc59cfd15ba69321f84f238eff020bdc5f7daac03""}"
account_rdx128jn5ecdjc2refkt0x3g27c54v768adsu9ss92r0rg6xv5n9vyfucy,yes,53529.72493,"{""curve"":""curve25519"",""publicKey"":""7e8be2b23e885a8e58bee5b60a405fe3f6479ddc6947627dcbf3c6b1aa5fb942"",""signature"":""c7daf447609f53765d0c1a67fadc5f0c60d291b9268d31c9fae2a7118744fc8830928feb582e552ecab82cb181d3321de98cd2f16fa5c6bff8e494b43eeb1009""}"
account_rdx128jcfayxelltc45l7u676pxxr8hhdx8wlkmme93fea47jeg4ep592w,yes,32967553.85,"{""curve"":""curve25519"",""publicKey"":""e2e0953a9178f5894fb5c068425b5f8e79d7124970deb3c464a70f4dbf6855f6"",""signature"":""a168194ea3eed1490023f7fcab7a8bc56c4803aa34d4635d6072598485efcf3dd63dba7346ef436a27627cdc2420be91c24ec36a924f59432c8616761e301406""}"
account_rdx128j3l9gch2xumg23l3d0suv6d7h5e74kn08dq2kkkjnztfyd942ks5,yes,130.0797161,"{""curve"":""curve25519"",""publicKey"":""8cc121c099cfb07b0c28afa3f1ebf53699ef60ba14d52ec0388af0d48bde1ef3"",""signature"":""3e1bb18d62bcd4eb9cf25ac054d743756e60db08484044ddeefba2075a4c830e6326dd8633121787fc364d0dd3135b494b68a60d6f62387b68d1a9e77cea120a""}"
account_rdx128j2ra9a2ewq9ks0f4uad6nrexgfjzqxjkkgmplvfut58xmshj4kjw,yes,219477.5955,"{""curve"":""curve25519"",""publicKey"":""3b48a0feb734f8dc8d9fb015196121cc339382ee9918606853df84c33cca44bb"",""signature"":""100d1b5df428921305c7fed476b60bc49b29bfc9ce8b58665539a696f1cafe0a385f02404162f59f8bab7dcb11c7838b06319d6121e0fcee3e009f4a33c92901""}"
account_rdx128hnh3p7kv9swwt6wac2ntg3rqk0a6f6h79j2946tufy4r5clnw3mv,yes,124164.3945,"{""curve"":""curve25519"",""publicKey"":""929264acb35c3e3f8981283eae5b13e9381b9f5716df8ff19d71a8db411f781b"",""signature"":""edbf02839d27bafca25b3e296fac83c4d320e0c3bdac73474c2bc76c900cdd911b8272657a26999c57d754df32ea67b983cd9f49f046efe167b1c6a27cea8000""}"
account_rdx128hgyz2h5kj44tvn9xw9n2234d00zqlvak3s22za8flvdduvp3w0ts,yes,169.069084,"{""curve"":""curve25519"",""publicKey"":""250447ed1d5833d5b29022f85f8785f105d779162743e65bdf7e82a6f32b7272"",""signature"":""e71b60f122ea77f76a3180361e72f20d729e94558ffafb70b728c68510d6e412ffdd4c35680d2cb2f6ce25201bab25f3b7fd532c59ca0952adcaf8ccc4d9610e""}"
account_rdx128hf4wevssjrpqqwrxuq2t8mm3kvaw0dze4al3nafcfdnnhzq0tgx5,yes,9.464322269,"{""curve"":""curve25519"",""publicKey"":""a064506bcab39eec1e1047aa38a3193c2db96ee3eb3f4db9e4807226f2db6754"",""signature"":""949d998be411f0a7e78ed001eaa842b7aa008d02d26014035100b51b8fca29af94aa832059ce39cf239776cadd4137bba63fcf5ac2f05140aa308448e19bb50d""}"
account_rdx128heu2dqfl702q0zwujjhaldw04qm04ssdcxjx5y9agh604rpglfg8,yes,14629873.21,"{""curve"":""curve25519"",""publicKey"":""a7f15f133bde3546ca5ea0c5d7522d97bb42cc8c34e7dfcf524c7e6f892b191d"",""signature"":""9084e6fd4cfd8bc0b9537d6134816644c9a1b8479a59b0a2294e750de936f1fac3cd9c2a0c913bbb04947080fc43824341fe5660bbdafc8f0f936c4ce051db09""}"
account_rdx128h727e76kwdzrq4qfh5maqc9mj2aasgpgy93qrxrmu04xyfm4k82j,yes,9.464322269,"{""curve"":""curve25519"",""publicKey"":""a2830dba77038f5a5c3f73c5f6fe3a447180e09fee886e18e40bc28044d7f714"",""signature"":""199fcddfff7c8510c661eb6b386e27cf2991aeda628526ba4e0f9c85b0adee7f0635c46dbab7ca088741c068d113e25066273ded3d39397e8a8c22e84a9d1d00""}"
account_rdx128h20ugtm8xxv9mll5yzzqengjtzv8z5dlsnm2pfdnnfx4hhn28yvm,yes,19.24699878,"{""curve"":""curve25519"",""publicKey"":""e27a05859c0605d4bbc9fdcd07b2e2db966de966a113dcddd0714d6a1fc7761b"",""signature"":""5ef4978bfae00b34bbaf4fcad0037d5b902004490b3e861db8398e699f2a0a5bc4f5cdd79128e106d9993694ab899c0b55242d3d64e6d276cc7e5a772c9e2606""}"
account_rdx128fvc0armt3xcyun0mrql7qnu654h32ylmz6jl6mnpl2f8kdnmnxdq,yes,21373.99119,"{""curve"":""curve25519"",""publicKey"":""2ab5285d122b8bfd54ee8e3241b262643d128765bd2e48f60b3f483ab21449b6"",""signature"":""14a597e179faa960d7c78268d196856d7bb6ed6aacf29d8debabe9555a9c08adb34c61c7b02e05c880ae421b3a837d1c590952aace657ea36c6dfc623aac950c""}"
account_rdx128ftwzmsa9y5me8amkqc4ur5dntwnyh25hfkph4rut8xmzdkx0x8kd,yes,16.38131604,"{""curve"":""curve25519"",""publicKey"":""9463e6a57c2a61c1dd99c042ce4edee7b69e8917242ee9e016702359bb6c994c"",""signature"":""4d2b4090e3ebc194a3759bba576db913a2621fd95e96b796161c9eb747a5ba4dc8c4c5f7efbb776716cd2438287d04833284660bda6197675380d5c6a0ab9f08""}"
account_rdx128fr5p8tdn5l6uynwup0h753s56ecnk4v4x0kar5jfrrnr5ty89pyr,yes,16838.7277,"{""curve"":""curve25519"",""publicKey"":""87ab32b4023fcb1de8bffbc1a5142be83bfaa27686c753482bdc54e5172c8684"",""signature"":""0ae4781f8b17de7922344f39f47520a5022e032147a1ae2de7e1b8dbb85f54b44468524e68121a99efdf8aeea3516d27d5dffbb6cbafd0acf3a48aea8642710d""}"
account_rdx128fm7ne0ku8u5xtfth4eys6safzu8ak9yx7k6gtygrpkqzrljmuvlm,yes,123.7486169,"{""curve"":""curve25519"",""publicKey"":""e539064dc0a3c2dd60def2a45928dd01dc74057398eb4908096f2e7cbb38a1b0"",""signature"":""84fa3794e44dd1b94279b3c48ed3ec5d2dc1d1fee5ffc43a2c1005df154669d6be4efb6644325323211d89331500be7c5acbd3fdc7cddc1ce2cc8fd079ebf005""}"
account_rdx128exsdac2n957usu2xrfavy84x55csaq30jd9z7aey79tpq8wuw2g0,yes,158216.3726,"{""curve"":""curve25519"",""publicKey"":""4bf7b663e87ef3c6bd9f412baf4fff586f3189d7993099de48b19f25f12606ca"",""signature"":""0edc6e33efa86edfdae4eb124a84554a775fe7d24156487d35651b51bf670163c0044a2ce309d42209af235adea08b8e94267d65c008052aa0bcd17720983e00""}"
account_rdx128ew3vts2p38en4puszg8hy70s7v4aemrx20y0twk82nf7qzshj9lg,yes,879354.3292,"{""curve"":""curve25519"",""publicKey"":""2e78efd0e2f4519092260b5b3259cfacc676f6134bbf749794fb0b89905ac21c"",""signature"":""6cb43eb83aada3ea7d524481a14887f5be87e1b950548ed3947a632718718c5e0f59929c0de4c7662d1c48c96683f5f9b5e224a5095058ea0178d55fd9b3970b""}"
account_rdx128et30ez4fa72280aeht724sv64jmj2j79aqj7evm4waxa34mn4exc,yes,6403.826118,"{""curve"":""curve25519"",""publicKey"":""9ed34ac5294da2f352782d780d3660e810ef38500614a9b006199ca3ccb3f8ad"",""signature"":""0240b9cbfa3b2e515803fff50909dcb65b5f69881cf5fd4b38a6f7e0839009319520911d77119180b9bd8f834018dc1f55939f1cfe0f870c2dba95035b79f808""}"
account_rdx128elch2g6nvtadca4rlh80wqsxgf46mwr5kkuzuv0zjz75vn7ucr9k,yes,0,"{""curve"":""curve25519"",""publicKey"":""60030fc50a24f293fb1abc056895d14ad22f1b09ad5df1daa3c8eee724cc7dde"",""signature"":""812361d485dc907239fbdf9fb77b15f471cb32c860ec5f581d9f8b5ce588b385dfb8915663f9f016fbfe4c4af4a207b8dfe6fb30553b02f77af4e2ac69c0d805""}"
account_rdx128ehs5rxyvwplk4rxuxe6euaccge3t6s97g0m2gf8tv2chqf660x69,yes,0.7425130829,"{""curve"":""curve25519"",""publicKey"":""31df5982db522b3ea67be4a33d0eb212c8abccd692c5a22419b6046fc5351e51"",""signature"":""a2d154fbd22cb30b2053f4a135bac6d3502da3ec61886e9f23f9e45f2b7e4ca4310bb9391cae68f84f3716e31d288b6c4762c3dccef5255b1740627f3ec3f10d""}"
account_rdx128efghys8pz6djsr8vc7rzuycrc5c57pg634wg62g0nflp8rtdmte5,yes,169.069084,"{""curve"":""curve25519"",""publicKey"":""66ba8c7d16d8c62c2661c29d92db254dc4cb3541f34f90d5c2033e837c975512"",""signature"":""949c3a4363adb7c62b57cf5f342c5cca6408da5d18cfc0a70303e70bc0c9d4bda2cb8ebbd7bb54c62ef8da7fc89cc9012034377bb1ac95a412478418bd0f3f0b""}"
account_rdx128edvmvstv0dk8jgxexqpqavf8uyk2w5uljrvcww3qmax5ehvnpmee,yes,10553.51459,"{""curve"":""curve25519"",""publicKey"":""6ad301b3d368d344c2f84641b159b6262285923521e68cb163aae43818b61143"",""signature"":""ca78cf1163037f74b40a984cac0022794a974eace1083cf449842753dae7a96bb57b6c22407459fccca38c2ed79946343bcc8db38839dda06db6761af21da305""}"
account_rdx128e33ucu8qert4ukyec95mjzee7ct4grvv0ukqahe6h2p8um5sufru,yes,15.89295004,"{""curve"":""curve25519"",""publicKey"":""2b1fa06caecb1bc1f90bd8fd5066f20b59a5ac60a30498855e1c41749eb7a869"",""signature"":""b5838924dd1eabd2518908812d036187bfe5e00ba1590b5ef2272971b4b992b6ac81f680e901e99248d2be2ed8257a2d0bffe3302d7815c912a904e6c4b28a06""}"
account_rdx128dxdjjj3esxv333mmmt6rvj00wtfld4jp4fwta6cy4ry0tk9c69nz,yes,805831.9182,"{""curve"":""curve25519"",""publicKey"":""4c6823f9ebb782383d80ae326b82991031d150ceadad544aed3b32c56c7c5727"",""signature"":""7ee50bdd0f009b123e584e35926afe618e6eb201953f939055004cc6b4fa050afe428e8111bc610529192c23d1813660489276ebb9e7c729598ef5a711087b06""}"
account_rdx128dqkyhegxknvhgn3mr8tmza7w8l7lwjrt2dkfvzhcwvuanahmpfwt,yes,9.65315086,"{""curve"":""curve25519"",""publicKey"":""387ccfc7b9321aa369a553807ec84fc93d5ff82298c54aa60744fbaed0a88887"",""signature"":""fb4ef8049e4a33c31c5d4cca2c9087c21a8bf849fad3a1b06ba00d0e7fbc09df0cb849c639d32b246968791c97b152377b0fa2fe0553e01fb46c036dedfbef0e""}"
account_rdx128dpg6nkr2rawar083jve5plj8978ll8e4g7e5sh0qhtqshgpmgcyu,no,8.393155824,"{""curve"":""curve25519"",""publicKey"":""ad49e4d8e6ca9d629d844e6a8fc7b370a7556ffbb2bb1dddb6f79df08627b930"",""signature"":""dab4a779ccd31f46ec8c096a41431c5a0e980b35c984c1023ca89e273b90326f2435e94b62addad937be9f2430c9b8b4318415132a8fda36db21b60c0e167b0a""}"
account_rdx128cz6sx0xz8qdcpknk376mnleal25xst22guxz7hwhethks89s82rz,yes,15562.76095,"{""curve"":""curve25519"",""publicKey"":""fb585d5acbcb8cf8a7925c1007fbca26536b4e791c804eb90d37eecc18ba9039"",""signature"":""88d8c8081f5695fca529e99ba11267472c75ddb32770e9c25337f976a247120c456296ada1da9460e06b059dc97ab74b16d515bd3abccc52fe5df3dd764d8506""}"
account_rdx128cc2emhujj3z6gfxrpquyzr2htlqcuw4q2t4wnamkyk5z9dwk6gug,yes,620621.9438,"{""curve"":""curve25519"",""publicKey"":""c66fc83a7d2d968bb3c799ffec29de2d759a12e4fad1a56828890a2fdcd559a9"",""signature"":""092f1dd8d419b3902732cae2f9ba976062ed5b46af6ee6c9553304d158961abdf3fd9c04e825da27976d06b37146c1be746fc43b4b9b20ddd0152cd0b6206701""}"
account_rdx128c59j4psv94fcl2q0aa7yg86jthrsutxwznuuv54ml9n3y3shnnjr,yes,696074.4126,"{""curve"":""curve25519"",""publicKey"":""4f136c3aa11296b68b28bbf0dc3a8fd0fe35144d0c57786e67054aae9857de65"",""signature"":""d6eff1c656433e9f4fc1a666bf1eadedf0720eb68dcb70a15d5b4bb2a1ddbb353c0b8153984f1e196ba645ca9f99a3bba8a192760fdd3805bd69813a38340d0e""}"
account_rdx128awm85f60rqftt8200ejzffxy8v0egt6x9hpex05zdtknahk8egvy,yes,3.536265326,"{""curve"":""curve25519"",""publicKey"":""f0a93168ffd89ea48fbc24b5461a83502c8560294688ecceff0e09468e61e617"",""signature"":""57ba149162616ecab8d8bc0af9e61e1ace021b663eb07d5a3c9e6d51ce7b5683920ffe0cf9d9b7cad64ca984b2d1cb7aaaa31aee7abfa3eec3621990f376ca07""}"
account_rdx128ar7ktsz33tx4a7rgy0n8a68t04f0526f023zgna8c6ngzu6pzz5p,no,3966828.932,"{""curve"":""curve25519"",""publicKey"":""943cda98ea6b6b0b066251a16de129ffac21ccd9b1b40857c371cf8c7ed124f6"",""signature"":""7889ffc2a9c1f4c16fe243e1df335af8394891949c0a970422d507a43ab41d32699f33673fc9f25d253fd09854d9bce854675c19b2aa83d0c8603882a0995900""}"
account_rdx128aljhwe7nnfajjpgkayt05d5pcs6nu7apyg3ccdn73c8flyag4tv8,yes,167.1767698,"{""curve"":""curve25519"",""publicKey"":""d59d9c6d41760704fc1aeaf34fdf633195880974e262644cb152d7a005c1b557"",""signature"":""7516f50f6f5070775f4273198230b56051200f805109dd28e5ba2c088dccdb52437b573529ae26968eed17d0c56e83448701271dfa9b981d4e6f86a7b830dc08""}"
account_rdx1289tz9w3wlj0e6j0sx9ds7m90w7gy5xgrzjwymukm7fe48w304nj7c,yes,19795.01264,"{""curve"":""curve25519"",""publicKey"":""599fa27fc820bfcc2bf915b331777de99c4fc3ddf57a7c2bb545290744deefe0"",""signature"":""65dcaa0cde16bba59da7eaa4c3a0fa7b9a434cc0daf158a4e1634f06bdbc78e47cd2b0238894c6e3d9a31a5994516aac3612cbf0933ebba5b2fc8a828f2af701""}"
account_rdx1289t5nchpzdavsss2rsxpmqxet8er0ylzn04emq226jf7tlcc9edgj,yes,596204.3217,"{""curve"":""curve25519"",""publicKey"":""3af581a43fee9bf81a7d445d28d7d88108d56b37b8cd7b47f8e532b7b738ac8e"",""signature"":""1810cf02d681823d80dd0f876fdd727f4d4929d1b396ccbd4c110c16bf574ad0e762d08fb51d5b156eb6fa252b2f5b86d4e708c4dc1008f461f9223b32a1d80b""}"
account_rdx1289rsjm2cm3n2n36lpjsjkmtvrka2sadj0ps0gtam378nnlyzzqnqv,yes,105079.8971,"{""curve"":""curve25519"",""publicKey"":""a2075559674c12076f09999eb381f3268d53c8bf0da4a03e0f55a7f483e7f479"",""signature"":""988e4b4ed3c04250c22ec2a82b554d40efc51d3cc02c5ecb1a4bf52552347dfec84fd97e2ea2075b9b7bf89256892a6822724dd619f8b3d971b611927deddc04""}"
account_rdx1289mreq8zcqxd2fkx7vm9fxgm0m8esqttd8h5dlcvjelg98c3kmxz3,yes,52875.572,"{""curve"":""curve25519"",""publicKey"":""3b67d913da231985dff8d93aea2334e3fddd9453cc4e8395ef623ac29c002e83"",""signature"":""795e7b8eb9fffce8c70372e01b0b83d532d32ead84ee5b1263591e953cb38068bc2c1972a0344c4421290d4a394421badf3ce870a35c31200758a15f09620b04""}"
account_rdx1289g09h42xw4zmcvj90e276l3d5r6zespvr7cmhqv4refdle8d8u7d,yes,0,"{""curve"":""curve25519"",""publicKey"":""a9e77f930ba3561132313994c61ba13e5db29ae6579d04f423e7d1fb3a6438ca"",""signature"":""9f83697519a42057cb57585b38c9ab421ac95879684cfbcc4b538d6ff3341d9b5de4e0a9b833f04db622277b4cbfd0da39ad896acbed31abfc0be84f66473105""}"
account_rdx1289dhc28ag6z6ndfex2cc7vta5hktd27ethhrxej8qsxjpqluym3dd,yes,403.3018635,"{""curve"":""curve25519"",""publicKey"":""43bd215997b073128f3d382f8cba3624836e9c2c213f3dd68fcc899e5e0da2f0"",""signature"":""a24b8fa0399e5fbbe94bd54d97c6d1e37da209e5b4e2bf25260275dbbb5e4d428790be1327163041111dc53eeb544c8a311b5480c2515a32a6d90a80834c0a0d""}"
account_rdx12892yhvsak5mt5vdx6zl9q82e9wds0d6nn02a9evt2dlqmsv6wle40,yes,0.7894743285,"{""curve"":""curve25519"",""publicKey"":""a67759c5a8ef515c45435bce649932ce39791cc6cc47e3db3ea7216ca33deed3"",""signature"":""c753f8b131d059608e95638beeea16503877a18cbc550d624cd5ae50bd79986585d0461e8cd8c0e68246d1a81fbc258f3efd0a5cd95868205572626c78a66100""}"
account_rdx1288wua2zrgajjn65h8mey62l3tn97eakafju54nav2mw00a7w7xr5n,yes,539115.7095,"{""curve"":""curve25519"",""publicKey"":""ccc0b8869a5250c5e4c720ea1a5fda2183fedea97a78aebb73cfefd859db2c73"",""signature"":""40cd66d4ecbe9a074ee6efb2f67d7d41be48adf965f4fbec371f520d4dac02c027c946649ac733ddc33b9ba01ece4a58b86baa2da271b72055fea98b34b2460e""}"
account_rdx1288vq2st0s4f75uu2smr96uk2hvk74ylr6dh0erqp5u827xfq2srnj,yes,1634133.218,"{""curve"":""curve25519"",""publicKey"":""466fb058b219d4714e09e137d194675fa45a412225436f77e28288d987fa0299"",""signature"":""80ed6035aa0fb847fbeca03fc770e88a0b2ef33ff53e0f6b416f731150de7c356726ed5e8dde623f6bc5c091a7e2252d5f117fb3f31fe2d4b273a44f97ae7606""}"
account_rdx1288jm4vv6lzvjkq7cd4grywkzc0lu9w9ec72t8u6apjng3tmevrnrg,yes,0.4656231157,"{""curve"":""curve25519"",""publicKey"":""7896722b8755045b94bd253350d9fb4a3183576102155e4c6d86ee7ef0dcde97"",""signature"":""540e1af1a6a902804eb0411fd02d8ed26bbecca1ce52b448a6c379407472acce79a7708c2fa6e50cf91ed66c5d14b4066aa1f0acbd76f5ba0917e177f1123b06""}"
account_rdx128869h9rzdufp5e5xfyr49wjl6x5gvwut9y07aqrvpzreacwyez2wh,yes,40625.40473,"{""curve"":""curve25519"",""publicKey"":""afc80dc8446a3fedec69c5a8cbc351cd72b75465004f06acaaa77b5f6748883c"",""signature"":""7e48718857ea0570f36fb0f927d845afb29beb376bd977f2ec31a7d79db850482b49ff9c3f3f939de755a82ad0b4a3928bdc69df98a1de92f2308d95058c6609""}"
account_rdx128808z9ptcu5yanakupz99upz2z5lgzl9feup7sygs9z2k26upr88x,yes,362.3827283,"{""curve"":""curve25519"",""publicKey"":""e506df4d333ada1a43732cf2a23265d64c9000999e0006ca606193b1213e937b"",""signature"":""b22885f08625b6a8ea291bc4777bde1803be584182cdea82e37026340b19b4f428300403f665e66fa48734989ce9063cdd35a12d4e3012ce93724bf331aa2606""}"
account_rdx1287yvfld5p3txrzvjnch6zxh0u99s5uqr65tejwxu339l89wenyxjr,yes,42.49751115,"{""curve"":""curve25519"",""publicKey"":""010685fbb9e151d81da5db386d1ab3ee4965697cef2397468744307149f7fdcd"",""signature"":""990a7de171e5d4a81cbe332fd5c1683d551146ec138c76e4e75f723b2bf5bf1e9f4ebb00bf1938e2b506f6976f79be1782ed8dc4aacf26b77bc39b0d7f41fb05""}"
account_rdx1287y70u73zlhgc5hg2hkwm4kd7k2k6hqy9y5m9un52nvlermsjzx49,no,0,"{""curve"":""curve25519"",""publicKey"":""e9459159c867bfd0e356505375ff44eb3353d5a4eeee58683837f0cbb9f47673"",""signature"":""c81faf015d792a30fbd251109fc4e77e68da31697569e20bfe45fff4de07ccf449251d90fe1cdb56730e854129338749bf3f50f1ea10178d8317ca7ef3decc0d""}"
account_rdx1287q5vkwnaxjnpk9k6ud3424xuh4tsx3qyqqzd8eykcrsvt8d5e2ah,yes,42.31513317,"{""curve"":""curve25519"",""publicKey"":""7fdc6e328a873523c3ea604beb1a41ee94a3f542c0c253cf2d82569a387cd940"",""signature"":""3259f381593aaf51df6004b26e58c6fddd57f737c99bfb430a78ab3d7569a9c49e39c75bcc5a160dcd784b47c6cf7dfe788e7984b17f163aa164f5cd0844420e""}"
account_rdx1287l24z874sj45peeh6dtynwr27metnlu6g9n9ztxkrct6q3jwepg5,yes,8135.273512,"{""curve"":""curve25519"",""publicKey"":""f65970cbd96a57328f8cc9d8a38dde26f0468fe6aa94a1e3e14007cf9dbd0377"",""signature"":""96408c5f4095997640f7da3b105ab78596d34e2e580f613bc39ae7dc625022fc37b37c5d1f37bf74190ac29d804b3d0a86f39cb851a6a4c03125b570fb300406""}"
account_rdx1287ft0jlpdqlz8uyj5mlt84w6vt67pn32n5xty4pd6acs577zw4c35,yes,726015.1478,"{""curve"":""curve25519"",""publicKey"":""e530786c3c4de59fd4990305daa773a0b95d88e1332a21427505e6ba917ce1ed"",""signature"":""f280e5cbdce1c2d61d179de47aa8163dd77f4429929fa8d1e252b1ad3ac8694821ab008df336b05045609dc58120a8fbd7c6061e906152623eb41bc3a24b4706""}"
account_rdx1287d9kpvcnjj8js33wj0cyp6k4xjq05khslrxrxk2t9rlpnqtvct5z,yes,28502.41658,"{""curve"":""curve25519"",""publicKey"":""6baafd3887032531e6631788a2222c1dc0f89c4813cfebdc1a4a551b7e4af773"",""signature"":""faa6b46afdbf63e748374fff49e18d85a19a712cd187073905bd45e678515fe50d42de0ad8a08f9ad7bed8e462927d986869c8f36c7725d1278bd059b34af60f""}"
account_rdx1287awvq32ss2yupt6udhlnpy8krm3cmsxy0z3adgd4cttjsx38xt0l,yes,251346.2585,"{""curve"":""curve25519"",""publicKey"":""c1030375422c20bbb8fa8655be9428eddae220bdf3a0e85eb85db60c362745be"",""signature"":""34c9b27c2c1995782429a7566e8635a4296d3a1c0899334d9d4b89f1e9c95cf72b66ecfa968aca8a1eb2f3545421985738d9e857bedea1c31105a303bfc05705""}"
account_rdx1287aly578hsdy0cmv6lv6panasuekdtsqgkzekhpp5t58mhg5l8trm,yes,3345.938278,"{""curve"":""curve25519"",""publicKey"":""9f1e8a1f75f043c6bf40442c5e0277869d79b6627cd28d960962a114fe113748"",""signature"":""9f14d323efe1359f72ab8b16b9347a54fa69a55ee95723e8dcfc22fded904e8a7fd6f352d2c7c5fb678c2401e85aa98b7515440c109898e58a71c9bababc6208""}"
account_rdx1286n9zh76n7ns3qqpe8tzswr6gy394gche4mfc4jqklg97yw54xesn,yes,242.957837,"{""curve"":""curve25519"",""publicKey"":""199543d98c24d2fab75b4dd920feefd8280237095a5187c38c355d0a7b34793e"",""signature"":""6429079739528548256a4f2b49a91d9e333845bf4abeb281a9ad6fea511c0a76c8eb31e92dd1ddabb6e5795ac770674dcadad58cd592370342e5308516c51402""}"
account_rdx1286mstee4pz675qswm8w3dxtyp5lv699qstwqmq8pngq0cv27a9jar,yes,42.0979196,"{""curve"":""curve25519"",""publicKey"":""8db32ff5c90b2cf9a95ceb51e3bd8c84d7378bf13c858a3c7512cc380dde469c"",""signature"":""48ea5ab6dc329e23d5b189dbfc895c49a6505bc70616b331cdce6e9a0b2744fb5a13e0be13cf6572641f022c1608d1437db6af286bb7a215afcc47de7f8d7707""}"
account_rdx1286hdrel0t2k2plfdl6ry9d2n0f8shjvt8g242uatsdy89epder7p9,yes,752798.9265,"{""curve"":""curve25519"",""publicKey"":""cc58cb778d62447c10b1bf6dc3d4a993eebdac2b6e410828fbb4839de3b1aeae"",""signature"":""84e397b0472f7ca0a517be608a589bf94c5600a12f74012fb4a5229cbf042b0a883145a76ceac19457203bb7f1d2b67d2064cfcc4f63d1960cb21a4d17ee1707""}"
account_rdx1286h8qj2pcre42u9q40yrl53dlpwgruw7k3pmhla9ezhle0r5eajtg,yes,134008.144,"{""curve"":""curve25519"",""publicKey"":""cc77a44e8e7223d39ebbd707e4af790d6b211a2c6c56bd04c73f9a41ddd92505"",""signature"":""839441d9d497ad88a6c96937c593ffc0adf3a3627d6d97e622cc50b838fcb440bcca41989c12457dfe94fbf6fab950805f2052297ae9d60b4b0fd7dd0d7f9a01""}"
account_rdx1286esftavk9vqyaznjh0fnzc5j8adlntkhdw96f420nq0y2fq24nef,yes,1415911.878,"{""curve"":""curve25519"",""publicKey"":""0d4ea5281b4c0bd449a19ad23dd040bbaa53a4cfd1adb7a6b9062f5f6d1db370"",""signature"":""5986208aa022ede3b0ae5d40249261d34d8a968d1b0b0b64e338f7810944469979dd851350f60858fb9ed06ca75ab74ad8cf13b7c0a9f5c0268f901b7a600109""}"
account_rdx1286acmzrg9u4xu355wpl24fgakufuzxwcfttvn262kdwr0rf3hm6ml,yes,9.464322269,"{""curve"":""curve25519"",""publicKey"":""effa15fcc0274dbbb7a0e208192ba632e839f4343c29a68f7659ec0bb17812da"",""signature"":""9908280732e605f1b809cf2799a536fe7e831069d7762554a606785dde4bd57b187b9aed704f692c5719393da3464fd589122bbae48ab650555c1af58dd9550c""}"
account_rdx128676n58kc26nntk579cn8c4flvx5gc3j8sl8wdp5ug2lt87v2ly7q,no,155079.7732,"{""curve"":""curve25519"",""publicKey"":""8c8ac7ed7413f6b92573a6c4ce89084bef0f1afae68a28d09443f8f6855c7946"",""signature"":""5e2aaf2a8b828053f999e1ea99574ad5365aea9aab146cdaf8e9755933937138ff429ecbf5c2c324d44509deb67cbba5b4fd5d79ea09c3a1c199958417520305""}"
account_rdx12866kslyp2jzhk9s6qhrs43hz8r62a6adfhu7t29w33x8xt7f0lrrc,yes,400.90965,"{""curve"":""curve25519"",""publicKey"":""a95598e618a4a575b5229011760dc39e616a15a2bbb9c0baabac4514ebf41ac4"",""signature"":""d06d48426f047ee4789f49680a10432c2cd1517bb969a1160acd37e4ab2d6bd110c2e49e57ef6f726cce3330c3670dbfab8a23a71420917b01776606b3fe760e""}"
account_rdx12864rlznylgsp8tuvj0k5qcjuct7m3jmnlwuss3khz99zy5r32rpgd,yes,796893.0451,"{""curve"":""curve25519"",""publicKey"":""7fec0c6a580b42dd5d1b7531365f7717151b858efb3aae2f0fbef51a1b673b86"",""signature"":""4956e350885fe5a2d8d5852330e38c864aaa4f80f7e21311f33a47baa644ad397b0539bb219226efda4488376193c6e37afb98d684fbef061eae8731b4eeab08""}"
account_rdx12863972ukcvnh2qut85qx9nrwzv28ra3z8637tsf6n6g9sx83a7xk3,yes,153095.6264,"{""curve"":""curve25519"",""publicKey"":""d3dab8257facdcf960a66f1da08ca4b8beb3237e6f954ebc7460dcd3d99cad86"",""signature"":""656d4eea6e39cb752e21f65b56a7d8082035af09324b46f9e3c77b2be0fbfe47c5bd39b9a16a94d780c542d89a5f760d9b4801d5a2527fbb55a1d4d05d3d100f""}"
account_rdx128626m2r7c4vmzwhuh5g78ayw70rsl3vpg247qy5vhacz0gxv3hwjk,yes,169.069084,"{""curve"":""curve25519"",""publicKey"":""616b567c84940b6f61a7f47ac42134be1a12df70186c9e36ddec01ce434965df"",""signature"":""a27bb32ad8f0a3a4fddfd007185f0f86553d9cbfa70c0ad2871b954abd00867c25eec1c522c9073df29714f45d88121bae7d7a845617efc687959996dfa95802""}"
account_rdx1285y7wf26n237yqhrvtajnlzrhavvkafwhhxhgzm5l4u5svhj0rulr,yes,178898.4637,"{""curve"":""curve25519"",""publicKey"":""9817d62e62aecd1373e7b137d1a16c58002070040abedf800051b2375199565a"",""signature"":""217091914bb25e3ae8373527d4f47fdf79217ec20871d27a33993f0e02e94401363090667881f36bce7c974c3f9dccc38b389f80d2ad03f721cffd1e970af70d""}"
account_rdx1285thytt0840wa73mr3h6t8g7xtdc9ux9sw70f4s3t5uxa0aw0gn5x,yes,112.4987426,"{""curve"":""curve25519"",""publicKey"":""02f56beb058556941a13ad3eafd84ff4d151cae11f8b244d22b138f41afacf75"",""signature"":""3af50353b37a339ef1ab40deacebf0eb679bf53f7ea97cd18d428ab76a42de163b38375c8668915fb9f24a2200571f30ef40bbb0d462239fbe02d953f16b6109""}"
account_rdx1285q2ttgpp8gywhpuapnqrna59flpe9wlc9vq0p92n74dgn0z3g422,yes,129.9889315,"{""curve"":""curve25519"",""publicKey"":""fed46c972077b2e41692367e233aa25764d5f4fc73701e22de08798002c8fd5f"",""signature"":""63d1ea84758b10cc9c7810855284efb5e1601e8f9321c7cc775e935a1fd3eb12790aeaf5d2ae9ed5ebb9c1cfc46e89e58962d02ae3ae65cd114d6f3703aff40c""}"
account_rdx1285hgpgm2vkt3yzvqx7et76kunaq06qdeheyfquaftpmp5zz96tfu2,yes,112.4987426,"{""curve"":""curve25519"",""publicKey"":""fa5728c6c245b9227af5e6c71a5a3a957060b95b8b47f2d574a05c2ca8dc439f"",""signature"":""551f02706f04992694abc750bf6738765bb6a0385581015892b9949d23654b48cf8ecb9a5216a24d36dbb1bdeb2836dbbdb557ee0b928bdeb7235b8cb5070f0e""}"
account_rdx1285ay9zkgk236cy642gz643v8twggxrtq8e4mx5gkvzfc9sujy2m0v,yes,260249.3631,"{""curve"":""curve25519"",""publicKey"":""6baa4087144e891a331c5f671cb657d3f270789a7682b29874f5cf050ffa67d1"",""signature"":""cc8a56f3a68da07e26f1f0fa5b80bcf886b5f0fccc4828d6fb6b1eb7d31a757a7d2b0db75f18f8ea06c0f72af292be301cad805c663a7c303f97731dabb85b01""}"
account_rdx1285ay6ymadh977pk3g2xh5pmglkftgy4nxsclzkh03k8h302cfyd8q,yes,55174.22473,"{""curve"":""curve25519"",""publicKey"":""a21cf327f203b7596a9e542b2270d64f3e81c4906f25a4e5f9054d6fe4a85103"",""signature"":""780e53e770d5677b080ca596857b72ab445f47b4ff9670bf0472360a6e25d47c839b4726efe57542fca89d026e12baf10ba46e79c555bd5e9392b39a6fc44c0d""}"
account_rdx128582vx7np0z5gk96dc5pfc9jp76enc24hf82eu34f2cls456cwgha,yes,42.79647762,"{""curve"":""curve25519"",""publicKey"":""fe3a94554bce55b0af488e81e56f175ed163116d9067e2cec9856b7a2839ed82"",""signature"":""7a36a0aedbee48ab53235a5c8eaf0473d9143285a66f6d38125e0008a9e9504d977c8f3d72c7948c6ed5a85c9e4f7367c76976963ec7561a883bf7696774a605""}"
account_rdx12856h6qkhl0czdyu2ssuncasdtwzrrlnz2evc7xp5jnvcfjcrjhaga,yes,66.05816397,"{""curve"":""curve25519"",""publicKey"":""6366f0d4385c807dc7b13aa18fd52e885765be43cc5886dda7085bfc12197fd1"",""signature"":""91aedef335887e38ef2fda6a4aa04c1572f1d951b6bcc4c1b43ecd43d102eb8f0b419b745c84ded9197725945f9f46c958b1154e830bcbb7208f98c5a7a23501""}"
account_rdx12855yzh43ttvhsv397jjsldr69wqf2a5aqkzruqff8smc7m9gzwx65,yes,15448.41938,"{""curve"":""curve25519"",""publicKey"":""fec65049314a15f38841018aff1224df0fb4ce12a4f716996581b9764aa656d1"",""signature"":""4bf3a99869d7f629d660fc900c489626e6890c733b51650abf95360a5f202fd07cb89bcccdf44cc55473461c31dafedf15af9c1e048b500722a1112ea0757f06""}"
account_rdx12855799taxd84wg9zjue59w5e3tpvcddkz7aez2g8cf8g5cxhtsd3s,yes,10,"{""curve"":""curve25519"",""publicKey"":""416a5232e7359e9d40cee3043ac35898b8bc0b44d94b17c610658e541a5114a8"",""signature"":""7c6cbea59173f47e112c909bc7b759500e1371f59b76696412b4065bfa16cc9da54d64d282ecffe7f6a870219f2403076e3cf9a65203bd61c26bf155ce824f0f""}"
account_rdx1284u4sedq8773pj8w8ky5xe7hw5ekz0rpf3f863e6zae2kndu36pk3,yes,7106.587983,"{""curve"":""curve25519"",""publicKey"":""028bb39956541097e04da328ba7d4cf58d066890541e4cbd08c7450281a84f69"",""signature"":""3748a343f79acff9e107fce16161212cfdcbd55df6b1a3dc6c6bf57c3550c6aec8dd4f1488e126bb2395c8a0fc090a7a8b431d18ae4b35967e34a5f318dcca06""}"
account_rdx1284nj7ct274q7pk8jznaqf5g7rx0j5x37xuv2qdq5jt0xp876hefrr,yes,130808.8655,"{""curve"":""curve25519"",""publicKey"":""62f7214b26d1ac8cd8b1bd7f0670e5f59e6e798c9803e378193164cd6c5ce40a"",""signature"":""d2c202e3c1cf3d5efeb282553baa6b0feacbfd5b98a18e3aff74379650a07b89dcb6d52da282f56e1b21136237468abf0ef9188644a3741e18e5e90b83a6e50a""}"
account_rdx1284cvyt03d7npnzjrdkgfppt8fwx2p6at3mummg6rjr2kjv4qfuwtq,yes,2.223129916,"{""curve"":""curve25519"",""publicKey"":""322d35cf80db7db2f5a31a075f2ebcdb6bef7e9ed5be6e15ce90d1968b5f6127"",""signature"":""8b8f65c059df9a42897ba3127a678d5f9308da155d3810bb58e190103de37fc3d0a758ec727d80b7847f2d571211fe8c8deb9c43cbaa0a1082a9f20c51883203""}"
account_rdx12848wtxel9z72945ruchw6gap356eff749j5l6td7zewcmqxpkmtvm,yes,2110.932313,"{""curve"":""curve25519"",""publicKey"":""46f32e7ead8aa100aa23c7f4264f89469a2e8085821edfda57d00faadddc5f92"",""signature"":""588105025b03ffb9c22b76e65aec3304e13d4d6b5a1be4be2ba5240545682ec2f998277975633deb94faef3a3ac4e31839fbebb9d90404fc0dbf676dffc2fd00""}"
account_rdx12846zsxg44p9l3areusp95sd5d9e8rtwvqx4wh7m5ssn5sgt79ud8g,yes,10.89295004,"{""curve"":""curve25519"",""publicKey"":""8bee97e1b7a44e329015a2b3c513cc0693de7f18ac52413e1dfa682e1f49dc0f"",""signature"":""d62408a5b1dbd9291b010cdaa0c10c862f687ce885a5b27cfcb0861cea7ed2e513990719c2011b27acf1d2d6b776b43a87e96a40a63b584f544a131b05c1fb05""}"
account_rdx12840cvuphs90sfzapuuxsu45qx5nalv9p5m43u6nsu4nwwtlvk7r9t,yes,99.48088738,"{""curve"":""curve25519"",""publicKey"":""20e2f0de23f81af853c684e43a63b2de782a988ffaefcebd33b155eecdaf90a1"",""signature"":""9078b98a26256cd7dcc6aca16fd8280f6b58197bca0d030bd8dba103e654645573893ea0f8c6229ee3780974ebbb3b7229c6b1a511768cb62bcf21ff62123509""}"
account_rdx1283e0vtdssa9p8z5hlapyc6ec4g4nejuhn9hlhxx4g7tpug2ptqx7m,yes,112.4987426,"{""curve"":""curve25519"",""publicKey"":""9a113efb6412bb5714aa7f346ff186d00d8c711db74bbc9195a05826248d7173"",""signature"":""c43e31bb6e3145fe55675c52727881f5dfde8210011b4d99bd65d25ad99f73c4f07b95025460adbc1c56b628efed65d1d3ec48d24fd5fb627d12fda9496c7600""}"
account_rdx1283ct6yr5303xc3jv9cj4waydyc3twlynqvt3p65kme22flkd7xm3f,yes,2246.485225,"{""curve"":""curve25519"",""publicKey"":""a6d72311ce4ef4df0b21ea425a5fc40ee90c7a729347515fdbcc91c11637b307"",""signature"":""e7d986207265abe02acecdd479b32a0b11d59675f754e114e7655c6edfdf20968be8052a4025b59775ca475fa116b42e706b0ebf457c6492f22524b908390b06""}"
account_rdx12835nmpn9zy4054hpfxhszt8m4ezrv9mc2hlex6ndkp6jczjf7deww,yes,4951.985105,"{""curve"":""curve25519"",""publicKey"":""924513ecd67f36dfc39f43b9888634d53826386025b5ea06eb5b506ac9da0348"",""signature"":""d2b5439a66b6e585016b49450d5eb8790aab81920d277f83137b57961f4d3db979b50cdfcdebc8797a13fb5fccd3d2cb2818a85d27e0b3b7a4afd5b5bf13350d""}"
account_rdx12832m0lyjhgux2crk2a54pcxs8trv55jl479er96stp0ak6nh47xdn,yes,161737.3676,"{""curve"":""curve25519"",""publicKey"":""beef5be474984eacfafea5592cc5d105851c19dec027ea8985a59944793f161c"",""signature"":""5e6e757db3e1fe65b0d95f3d8eaf63e4c573e8dd54153b344d251c5af58ee333d8673c48899ef07f783a0f5720740156b3a91cee739250b1d1219f208cc5b203""}"
account_rdx1282l49uywmdk4an4rh8y5rs2rdrze57f274xry5n4047qfga72v3k6,yes,0,"{""curve"":""curve25519"",""publicKey"":""5a478a03c81cbb11e4b7ca8dc99914798263282e2a6100d8ce5857c2badfcc15"",""signature"":""eb9157b7f37bf7a4b57cd8bcd774dfd746f164afe1c25f233806ccf49ae469efdfdf7c03e4e8a894156703aa9750763a8697245b4ee311eb6ca29f5a6dcc8e0a""}"
account_rdx1282gkr2x7arwn0cmw37r8nvxexrsp5ld4z485wgv07m96qxfu095fg,yes,1103.871332,"{""curve"":""curve25519"",""publicKey"":""4025d8189a1689cba48abfc53b2ed32e5f0bbe428bd81f6e9edc1f9171525e37"",""signature"":""a4a6f36635417d1f376d29677d50d47a5433686518c7c0d730b9b5c3d1b78c1e30bc207e738e787bc930f4acb4e378d1449bdcec3837e7ced2cdc595fbddd800""}"
account_rdx1282em8p47e2hy23t8lzhlv4ec7n2t9ymgzjrvy32xh3qxujjjgz80p,yes,172.0189012,"{""curve"":""curve25519"",""publicKey"":""04a77aa83098adbaf4ae7617809df32269f2e5010d82c021a8b5d90b310a223d"",""signature"":""0a2c3388a272d52fbe7055eda2565634e738439c7d7cdb2415efad941175ce5deddc7b78d763127460fd5332819018a87e3b7c7dcbd008a55a3f5e005e69120b""}"
account_rdx1282dgf0ssp0dnkv7nrrtv90lnyjrckgfzajkmjhfp0gqgzglr963x2,yes,49515.54396,"{""curve"":""curve25519"",""publicKey"":""98109e5bcd18c2471f3c5564a49cdbf58297e787c3c07f027ec0596eddbdd5b3"",""signature"":""f4b87c3f51d552b39197b7c5e6024ef951ec5830b8dc5d6a33c0b71b7e62804b501800988af260c29b804fe39d4b481e360c0eeb89d01c80f0343a5de1f02f07""}"
account_rdx12828xuene3ql0t42jzlzzjldvrst3vh4azn58g0hdf4z2n3zjaunym,yes,47.92777739,"{""curve"":""curve25519"",""publicKey"":""8dc89be107cd747b7a5fcefca26f8336749f1273d6acfbb46c1a67da53e7464e"",""signature"":""8ff52bc277da864f372983352244e71a4d2ab45536e8587d4b22280a1b4e13223075872db305112ac79dc812348c7b44a3d3bf121ce73ded6831eb19a665860b""}"
account_rdx12824ksdfc0prcmtdmeat94syh3q3q34g9zwhu4zq77rjwp0yya8tqq,yes,26608.44647,"{""curve"":""curve25519"",""publicKey"":""08d8ac8496ee9480a53c247bdd013341f8ea361c625ff92f2ad071afac99ca7c"",""signature"":""f8e119b66c322e7dda32bb2b06316e7eb0671aa8af32f82c43666b047bc3afe6ea6ae12cb7c41e79e88edad30f81bac8f164916540e7b81552001d84ce04fc0b""}"
account_rdx12823hkz4cal65vjl9wcn7rpu6jt0pq95j565l2ymwhrlrcqm30sjvu,yes,17537.66898,"{""curve"":""curve25519"",""publicKey"":""8c68ffa2c9d354628db13190343e0a048399f322bf8c438e6ce26855ded0e8d1"",""signature"":""e26c774b8bc8fe52e8e1d8700b47fbf3daf1490fab4e399a1075bbfd7c8b0fcfd646bf55aae5582ada1fb7bfac00aab60d0798882daf9c133f36c228588d8600""}"
account_rdx1280s6v83vhvr6sxhh2nzl66wy6a8htmp38hsatefng76ju6g5zg6pd,yes,185800.0934,"{""curve"":""curve25519"",""publicKey"":""55194ba7b2dc2b36f3ed58da223fd1ab58746f85c7cc4c02821a5f4cefa044b9"",""signature"":""833b7c4bb6c2052189349eeb8c70436923c91737bcec638895280d0249d1ed59a76682494ae621c25d63c24d2ca77a4587aa4122ff0f1f28d04a8e1b9d695503""}"
account_rdx1280h6l7fzpmddjz5fp72q6ftmm76vu5yaar6tkm4zftdh7p2nfm8f6,yes,17237.90905,"{""curve"":""curve25519"",""publicKey"":""40bad5dff53e6374b503955d1b6861734ece1862152308ff1d4e15f757c35dc0"",""signature"":""0bcddb26b4b4cb1ab57efb3969d9c229898b6dae0e1e010da2d8d777471e8a3146ce8a0bbb12d6f16db53b14fc8d0585924fb105fe0cef054066cc412251450c""}"
account_rdx1280g9rzs2gclqu9uq0d22h6v64pxfrj7mhjm7mwc66vqva6h7exuj8,yes,901402.6385,"{""curve"":""curve25519"",""publicKey"":""eb77e43d6c961fa41ddeaf122e237a1b27200356b269f0356f7d8455b27a6014"",""signature"":""4a06922ebc316a58eb38a8ff8f5242e1ebca6cbb22a2710a0cd0e23a5aa891999aa491572c06da9111ae9a2ae6cd88561cb6bce8bfc7071145f8f59347e77102""}"
account_rdx12802p4yu6q05sjzqy36k0zcd7mv85cuuwx0t9dh726vctpwj2nezpv,yes,266919.0894,"{""curve"":""curve25519"",""publicKey"":""64997cc80337d30f968d3849804387f3fec927a4295e39ed208551c9e935df9c"",""signature"":""bb5c71c46150e84a1b528e68bab26fdd8a4c975ae229ff1fc2bac1b9ba3c423d76d97f9aeec3b88781977a69d230212006d47d4e81cd9756619cee84bd84550b""}"